1.699798134783505610e+00 5.141639710926463103e+00 7.802421614082844847e+00 8.469902206917565124e+00 3.615325274549890722e+00 4.167196278605765691e+00 9.503639865083608029e+00 5.093635074566238430e+00 5.613830369321398450e+00 6.568011187059717315e+00 9.414635369036496115e+00 9.154735491574200523e+00 3.931059386546581713e+00 9.877077197497252659e-01 2.907064060635602409e+00 3.078198118246515680e+00 6.083673121852237742e+00 8.427401729905048100e+00 8.394215913903000370e+00 6.229481425961691521e-02 8.931538147450735821e+00 2.217320624482900016e+00 1.008299435491535334e+00 2.717469993849550569e+00 5.717797230405641251e-01 3.265604757194182639e+00 5.463018843699360971e+00 4.267471103568909463e+00 9.168532772175280954e+00 1.235145374572831356e+00 4.421397494485636237e+00 7.755202665907368065e-01 9.724897286061626289e+00 8.090378747320084329e+00 3.721480638562169041e-01 4.241588798933859650e+00 6.692741282658611013e+00 3.170938543505481544e+00 6.557899837776402840e+00 4.946634129997939056e+00 8.139027428787420249e+00 7.300303808303315378e+00 2.686961612209404215e-01 2.457241495512672014e+00 3.321821582645332338e+00 1.083127149107070419e+00 5.408188928792641903e+00 5.399034430340273971e+00 2.111952548176463385e+00 6.518702489664416788e+00 9.251410210538402623e+00 6.870474943947253443e+00 2.035487989227156902e+00 1.995562908794206169e+00 1.473580848814409761e+00 9.919576089394015028e+00 4.004854093356250644e+00 3.682388466676076444e+00 3.437062869760876271e+00 8.226678359961375975e+00 2.388538593575275648e+00 8.557330436531284334e+00 5.832374095845232809e+00 9.746468169895990741e+00 7.322862693829225833e+00 5.812851924436643003e+00 3.179119400570557197e+00 9.809719872180874489e+00 5.890299898964941328e+00 6.171367562151921504e+00 4.906336236181104482e+00 1.374183737735509281e+00 4.002239987345057592e-01 5.087002156886997639e+00 5.002659060813150482e+00 5.746155463459462709e+00 3.349520856492891330e+00 6.481579591113193928e+00 2.818204540926791069e+00 8.155623420853586936e+00 7.270667433326966744e+00 6.595650968914411827e+00 8.868754421029352741e+00 1.982808239895261782e+00 2.864427233057408095e+00 1.655046135247990602e+00 5.623294856087091009e-01 2.786308807165631674e+00 4.262840195721220304e+00 5.639328789442893175e+00 2.381758490771994641e+00 1.413980715023845924e+00 3.538293678304347267e+00 5.028555410554426786e+00 7.519518568075612919e+00 3.726015475899093765e+00 6.451889143399439419e+00 9.065264025585387131e+00 9.513032510189749047e+00 5.295554230952475905e+00
5.404525177836974059e+00 1.789959335680635366e+00 6.578206060274792932e+00 7.283431074763983659e+00 2.300660311820894588e+00 5.703032686815808994e+00 2.333397861103442494e+00 6.409956137869721182e-01 3.243287488277029063e+00 2.631961867270613542e+00 5.560244351190632983e+00 3.064598751630966955e+00 1.907470979512013720e+00 3.426653122695054954e+00 8.865029663521964309e+00 1.683350829054467424e+00 2.318703430328914461e+00 5.486402202590952015e+00 1.821509944050750951e+00 7.921587408378586659e+00 1.884285848100101246e+00 7.241515291453034742e+00 8.126474976499892477e+00 1.786177733147726876e+00 7.401342564460659190e+00 6.199993520990492613e+00 9.561029639933495972e+00 8.461469760378570015e+00 5.467128679862410578e+00 8.898361492890442648e+00 7.707272495908508603e+00 5.667597522548972755e-02 6.464114193816796750e+00 9.418355050089957103e+00 4.595662103195616410e+00 6.437502429798413139e+00 7.999528124442507604e+00 6.579763271301242611e+00 5.058232713704909678e+00 3.299767368909579446e+00 9.560006544788265614e+00 9.237804979025924013e+00 3.634703688958324186e+00 1.502711748583434037e+00 5.088897769773170765e+00 8.229758154852895302e+00 3.133504790717975830e+00 4.068571746032954017e+00 6.365262159261016350e+00 6.394211651438452826e+00 1.921664566994656376e+00 2.600454985641769134e+00 5.808190303113843989e+00 4.242241631035187588e+00 7.247390412793675019e+00 6.883269246449374101e+00 3.575318594837656683e+00 7.669228279166953932e+00 2.313189262076313035e+00 1.137733479233706824e+00 1.572123596067757090e+00 3.875997218844885239e+00 9.971489188638924972e+00 7.218534085108455400e+00 5.660717797446270794e+00 3.883916284710504652e+00 3.628483184861350797e+00 3.883337281711244593e+00 3.870766912156731188e-01 8.124684861682023751e+00 7.284355408877807747e+00 5.540025544718044870e+00 6.701190754300442087e+00 6.935259323117799468e+00 9.650348787704032816e-01 6.370995188276470600e+00 2.118745540076933054e+00 5.406558216439002251e+00 2.448681592486101621e+00 6.577499138521125666e+00 8.391489267332563173e+00 3.560816299271881924e+00 7.468058752647410259e+00 1.751157288904888754e+00 2.685080311735876801e-01 8.469325254285966054e+00 3.900811890115694958e+00 2.244482657326348551e+00 8.555034938521600907e+00 7.718251524342704784e+00 8.120686815273881365e+00 8.923376868485883406e+00 5.137226924087096691e+00 7.541443819724566566e+00 9.397139244052155505e+00 5.201452948480182137e+00 6.866747303455001727e+00 4.086321586019336038e+00 3.796925672349656722e+00 4.389070742380908108e+00
8.082380380354692306e-01 4.925603967154095209e+00 4.472250760312370232e+00 6.464215889691580230e+00 6.082198138886329986e-01 4.474492647026854897e+00 8.165078982257480078e+00 2.017224528828385210e+00 7.417964303465439002e+00 2.592544030010213163e+00 5.288402500489130631e+00 8.343593907734307535e+00 4.752591456165037087e+00 5.155951275187870664e+00 7.679164123924259400e+00 6.348423431457267618e+00 8.559012351496658511e+00 6.928778000270416015e+00 4.216226460088928540e+00 1.113147805511166544e+00 9.400956454944818574e+00 3.581412115220707015e+00 2.237922342341169823e-01 5.685625476687693691e+00 5.212492055258196366e+00 7.523422781156059003e+00 4.095661820869375802e+00 8.840214114525446476e+00 7.380552801940054586e-02 2.982636976948941587e+00 8.318210336207771505e+00 4.088439335063485558e+00 5.570813331356408327e+00 2.822503447793347497e+00 6.546691220761612584e+00 6.315956344538021128e+00 3.895870620617662983e+00 1.797734356833224911e+00 1.723139575763585896e+00 5.427584128755747805e+00 6.969516883047309541e+00 9.931188761640942886e+00 5.350102201353133857e+00 5.404334004486715415e+00 2.495839968210038506e+00 1.316562013439458445e+00 2.691726836538824941e+00 8.837539555686990678e-01 5.086062055462010179e+00 1.433033308559412689e+00 3.641951328054024994e+00 5.942139459776502264e+00 4.251098021520972381e+00 7.008500153833059798e+00 1.499130565127091419e+00 3.409527904951161759e+00 6.629925892885582428e+00 4.567378544787866979e+00 5.414794148779971117e+00 4.837572866728175214e+00 7.918117238510014033e+00 9.372672635937873142e-01 6.134023052005392884e+00 3.161046843502224313e+00 6.675690604193274424e+00 5.496414037883647019e+00 8.996879099106076083e+00 4.990334146294006512e-01 4.227554689761011453e+00 7.357116880898438183e+00 9.736502093301918848e+00 7.759194626403652428e+00 1.353854178199902503e+00 9.215554935739092457e+00 8.131748783410799319e+00 2.950520372965688143e+00 1.800760821813618406e-01 3.953265952768507674e+00 2.594116133334454233e+00 5.039140915411291388e+00 5.586190253035276498e+00 3.870079902124612392e+00 1.210862175391286266e+00 6.833010795829435935e+00 3.973249644608602082e+00 7.750813866987159351e+00 4.862760978467025375e+00 5.467366725497893931e+00 7.918014833127778651e+00 4.651728834727705930e+00 9.969592632477787930e+00 5.979594734248586008e+00 7.161815270976331860e+00 4.945591214626261944e+00 5.015719621364133296e+00 4.427714006372484690e+00 1.986589816601270764e+00 9.433207629131146632e+00 8.073976711560625574e+00 2.579108823577589416e+00
3.238838528909158132e+00 2.182718744914782238e+00 7.046878740214512771e-01 9.329639624035728218e+00 3.027518315929823345e+00 4.281218280746374560e+00 3.806185376780145901e+00 5.741583982270411113e+00 7.321296607784185895e+00 6.242866508161648564e-01 5.738396834280906411e+00 9.734880831579955540e+00 5.799104668399071016e+00 1.012228787873190594e+00 1.803059214303166513e+00 7.464552151623051301e+00 1.447728895688353834e+00 8.391866028095384955e-02 1.931246873149932153e+00 4.054288659482873314e+00 2.581905418112693251e+00 1.604652736210580022e+00 3.565872289431031295e+00 8.423174530339098354e+00 5.879202647439352170e+00 7.568059805903692983e-01 8.179838765461322492e-01 2.504905483131497412e+00 1.395222345130129327e+00 2.253650344872903055e+00 7.837950195379244533e+00 5.267883169893872619e+00 5.345718573432018950e+00 8.531506206873318732e+00 5.219153881307503795e+00 8.481174547713463241e+00 7.294923491306574803e+00 4.452927648333484534e+00 2.934372703335324850e+00 2.551395784110503051e+00 3.388702002195158602e+00 8.114566929632111680e+00 5.495363558039478846e-02 4.572036393154449208e+00 6.355536161448353205e+00 8.357251077049410171e-01 8.832937662707957216e+00 9.533093953511573293e-01 1.796448215250268099e-01 8.944969104862162013e+00 6.211703953108534293e+00 4.752945025336675400e+00 2.645647945016504909e+00 3.179367676066238158e+00 2.171600662069272047e+00 8.094130358117141100e+00 3.981773479701705476e+00 4.952274030639191693e+00 4.704883056538847974e+00 1.310183163044139620e+00 5.047293692513521890e+00 1.571494256170843373e+00 3.621261844088050630e+00 7.859516437693256918e+00 7.704339735607136141e+00 7.264787204923342401e+00 1.430547816556378971e+00 2.865531059823124060e+00 3.824871531629075783e+00 9.030597354889168926e+00 3.906809562373032563e+00 1.406548200121737757e+00 7.075994287698569529e+00 9.941677485024259298e+00 4.938276015451799950e+00 9.333362105138169440e+00 1.641705539373686795e+00 4.784088190340098024e+00 9.813829812129781782e-01 9.787110752572129257e+00 1.627889717409938264e+00 1.840099228128596609e+00 6.783258045017047877e+00 3.180407341233696172e+00 3.606671000321494347e+00 6.038822693050920343e+00 8.981901842215956222e+00 7.202895217254081217e+00 1.128772747044654023e+00 4.568348477615085557e+00 3.773873026006846487e+00 9.337319304685230748e+00 5.226026671294653703e+00 1.100223054383312471e+00 9.495416210020831471e+00 6.616556297825525235e+00 5.930650358543072542e+00 1.115972186448760395e+00 7.919090527569578875e+00 2.296776219099938565e-01
6.925299767271662965e+00 6.607009501939080209e+00 8.289204819604956143e+00 5.315889142441715620e+00 5.859470861988354429e+00 1.404515073052203800e-01 7.957057858818940232e+00 9.920038372384004433e+00 1.695803265784127101e+00 6.892953806052291910e+00 2.871828700667564682e+00 6.380349458806953145e+00 6.608563200300241469e+00 1.505114365778885688e+00 5.766798694964530902e+00 9.357545830624129479e+00 2.819038956447006417e-01 6.056733017613106895e+00 8.365763620253035882e+00 6.906007886232367277e+00 9.961165880086165103e+00 4.622981169757890640e+00 8.107735082332283127e+00 1.552741518722965397e+00 9.830600163139735503e-01 9.980414422707939437e-01 7.797692201082250918e+00 8.520437278096583356e+00 5.780514970040910860e+00 9.045744366253332558e+00 4.968789907164260278e+00 5.543437627806802048e+00 2.368648918051390329e+00 8.911431246016180197e+00 9.298566947122788307e+00 4.835171728817244663e+00 8.142073520291271294e+00 4.680544576072319884e+00 6.929064552884209860e+00 1.739719641799990502e+00 4.273457021741475792e+00 4.265034084353480637e-01 7.106859969060143278e+00 8.988213792262188306e+00 4.688117951199963329e+00 8.423844064447784774e+00 6.597579940094185247e+00 8.530423320341768090e+00 5.589893256262152832e+00 8.042536296724128064e+00 4.768475193905593379e+00 9.884921399355699023e+00 3.187792546660691784e+00 6.574945966410279397e+00 2.523555256943468272e+00 8.890029212688924432e+00 2.273064338093683467e+00 2.942651926263498474e+00 4.158351839337445455e+00 7.845538472088804838e+00 9.149611518679037658e+00 6.358687056319110908e+00 9.223522725297828018e+00 6.773095146979828840e+00 4.436754714277331146e+00 3.811841371026773118e+00 7.136069062958116938e+00 4.019284541119812815e+00 6.820694444305720694e+00 6.889426514478241614e+00 5.695344747365057358e+00 5.799736780705899264e+00 8.153227050596230541e+00 2.628508064905327402e+00 2.302687399914743693e+00 9.475749574484840565e+00 9.878149991855011969e-01 1.759658400150945212e+00 4.953082107525199618e+00 9.146483713096310808e+00 8.559320455810158990e+00 5.716016074805074787e+00 1.695650258081071726e+00 8.246565961045426718e+00 6.024320698190559042e+00 1.633003653223763507e-01 6.717284669291645471e-01 4.208650000666258606e-01 6.350541734069955702e+00 1.949176895637697582e+00 3.384112634963875266e+00 2.718363674995413426e+00 4.756678783192314075e-01 3.012430396102195651e+00 1.871813379012656764e+00 3.809082559452263705e+00 9.888333182700812074e+00 3.215398041902000070e+00 9.259716395970341019e-02 5.009609522525066971e+00
2.196098547057282246e+00 7.693321733006866836e+00 7.399324385948597538e+00 6.638527740517725206e+00 1.271387351581089176e+00 6.383287523007917130e+00 3.559404571801264794e+00 6.401812160317544631e+00 6.890561908671926972e+00 8.425605787016632320e+00 2.785130655136526023e+00 1.517170091473502014e+00 3.090266609946716869e+00 4.865329569929106590e+00 9.211515952561294185e+00 1.887340071838052857e+00 2.271880472134006901e+00 5.546765542152786388e+00 8.682877838422042416e+00 5.662323881957835425e+00 1.757704418455824369e+00 1.443735560941017404e-02 2.213236040831604079e+00 3.319122355942547564e+00 8.020968382152874554e+00 1.097194783757127201e+00 1.756307256264011407e-01 9.658873677971188343e+00 9.675430557411706545e+00 3.720870884202382989e+00 1.767865487966595595e+00 4.977957357789818182e+00 9.613058271044712555e+00 9.629799423405764003e+00 4.924076163562501662e+00 1.125967546510181494e+00 1.204152001739561273e+00 5.236994281396153639e+00 2.132546746386567715e+00 7.211857815380606773e-01 5.671925115571756493e+00 5.514971117527151634e+00 9.425530159459182045e+00 9.362572662592929973e+00 6.400070571084848225e+00 9.901645206996134263e+00 6.115070388985687444e+00 5.675581532785693106e+00 5.621139066854741628e+00 4.020861016112152519e+00 7.412262812887277619e+00 5.005761691348592279e+00 5.392018513545115965e+00 3.225038838582335643e+00 9.540745994055804147e+00 5.905913833901550447e+00 3.701426860985690404e+00 5.063181527815270755e+00 6.742454757169776158e+00 7.105981528956517579e-01 5.403492372098822827e+00 9.709250189540023612e+00 8.325884706011903447e+00 2.004235645794306464e+00 6.790338232382876704e+00 3.680323299279551819e+00 6.855437050417522826e+00 5.460973974916154106e+00 7.806605514994949147e+00 3.087581585891396863e-01 1.226196564152832735e+00 9.820019496579723395e+00 9.360793049434368296e-01 6.418217175715634770e-01 6.989581251641960868e+00 6.475951007426231421e+00 8.254798166560689765e+00 2.315576803640423620e+00 7.223523179777039616e+00 9.169842327220496969e+00 1.344800239487360383e+00 4.085117237459112705e-01 4.739535008873678734e+00 1.967369122308394447e+00 8.780241230519076012e+00 4.767949594994316698e+00 3.896954599523324347e+00 2.021652787468505075e+00 9.269190270978620916e+00 9.492054322545346423e+00 6.446092678088469974e+00 6.438099873801231610e+00 7.220999838259455572e+00 4.992843494866900933e+00 1.488228401816319435e+00 7.476336725826829621e+00 5.233214850894085668e-01 2.207423053660868550e+00 9.866548221554918285e+00 3.040129877079944531e-01
7.026630233737099829e+00 1.040049455518572419e+00 1.148527727134854848e+00 8.951562206086386198e+00 3.238748065240957263e+00 2.825424135159468886e+00 2.986048897625577236e+00 4.291881885613331171e+00 6.309298905164661520e+00 5.728077069329501114e+00 6.014082531703119017e+00 9.096593233752225949e-01 7.332956719138927326e+00 9.967934259264344732e+00 4.754650672155401381e+00 9.088410360731835613e-01 7.510430251425848081e-01 2.729512142451240297e+00 4.734456691791059768e+00 7.888686059124920824e+00 4.983803404310711116e+00 6.380752973415596330e+00 6.920291197671951444e+00 1.891460190141459607e+00 3.810462466217641175e+00 4.213272014928759468e+00 1.915431699546650268e+00 7.022968662996650124e+00 2.560622283143433542e+00 8.011653960485454196e-01 6.224712065028019659e+00 5.807621538072680778e+00 4.066525992700922743e+00 3.278850710277031233e+00 8.121513287216743038e+00 9.458628891426787533e+00 9.064629511503297099e-01 5.852471004331670557e+00 1.301911308997094618e+00 6.167374302398322072e+00 4.534231968285096226e-01 7.139221896956701841e+00 8.436135656864697907e+00 9.440908224414332750e+00 8.950382295567397506e+00 5.490219221414682771e-02 8.505850646827603612e+00 2.708225029026130048e+00 8.821648167985845390e+00 7.750899619341466984e-01 9.332879627604317108e+00 6.108260984951386696e+00 3.919327597585491318e+00 5.264807389174563035e+00 7.356651348160246684e+00 9.625319633712482670e+00 3.731965003988397811e+00 4.424027818558449177e+00 8.448318295301959768e-01 9.108988331789843684e+00 5.398084925670550760e+00 9.285773502168646942e+00 7.337870702537744094e+00 4.994770841793322091e+00 8.854676754173937070e+00 7.968442073065409303e+00 4.701745707158558218e+00 6.419416018319914485e+00 9.361573728063261157e+00 3.937056499113464891e+00 2.408070204594298325e+00 1.470025516998880732e+00 4.638141513029436780e+00 2.927592363488055405e+00 5.684001828662168521e+00 1.222636718487020158e+00 9.949810455446894686e-01 8.163847082460147675e+00 4.873432556487045098e-01 7.498623487658764297e+00 7.140880694386997352e-01 8.769176435336978770e+00 7.916744436230357174e+00 7.756625965119915200e+00 6.576210257168625617e+00 3.171217712407129241e+00 3.845288915304680977e+00 6.923055674107669866e+00 2.280140045141579641e+00 8.355582004801309637e+00 1.558072394133546146e+00 1.942524755637453637e+00 8.186915101344377277e+00 9.447345869398837692e+00 9.558762254609565190e+00 7.884701707506121870e+00 1.656331640551603757e+00 1.509537406804460913e+00 7.840893813142268964e-01 7.182141889941689783e+00
1.613047222945440673e+00 5.231597668619882846e+00 5.896132049334720016e+00 7.206469231932302044e+00 2.780126307956944931e+00 8.893836960883318099e+00 9.456946906714502887e-01 5.729004707640857674e+00 2.552774957228554076e-01 3.457648089360665367e+00 3.308412426597469924e+00 1.923396595910561446e+00 9.739907232084682676e+00 9.232767728052175826e+00 3.622860957080725974e+00 3.857064096464275504e+00 1.117309316826047283e+00 5.564433872774856127e+00 3.954657878924986214e+00 4.518132941300492256e+00 5.837995896146086494e-02 6.239968222721820723e+00 1.535536342194389059e+00 3.315053503103386756e+00 7.292676944743836653e-01 7.092022606702937715e+00 3.744314004518089156e+00 3.502146855755937871e+00 4.365394537916125195e+00 9.335059290293369116e+00 5.394470235525514745e+00 2.008004892282941878e+00 4.611629175606303477e+00 1.256611884706231308e+00 9.802389732187567262e+00 4.722468586363717691e+00 2.047136489191869746e-01 2.552452365333973461e+00 1.086659591640459777e-01 6.182101207069450766e+00 1.202712424804810443e+00 6.085870106971505322e+00 3.836439039926955452e+00 6.692767887507419466e+00 3.240900336006352411e+00 9.111594181892657573e+00 2.505005620501382424e+00 2.913301223815578656e-01 9.746419421212058509e+00 8.297932714513295949e+00 9.915799942390823851e-01 7.686606065771672824e+00 6.032430579452271679e+00 8.120337122093298277e+00 5.781782603279991051e+00 3.583507534527959670e+00 1.141823869758978871e+00 9.479112401423606116e+00 1.500188434517772951e+00 8.236863808364843109e+00 3.787942954499987636e+00 6.050815730250779012e+00 6.319091833417934900e+00 6.952780580475169891e+00 5.181662660314996671e+00 9.902370239825840414e+00 5.645394631934719243e-01 5.095617381828805748e+00 6.467374687614258377e+00 3.591941636227868884e+00 9.120809445249150826e+00 6.470538658210368332e+00 5.038328266708072434e+00 2.746563223904129103e+00 7.828297481597012997e-01 3.600490920910620396e+00 8.137490972989176896e+00 8.238461761850761178e+00 6.428581251025341281e+00 4.607289347394750934e+00 8.680137475790111523e+00 7.598012636222430949e+00 6.237470066134422453e+00 9.541026845140972767e+00 4.744655147176384702e+00 8.354313763579689578e+00 9.640292770331027938e+00 1.214085453877116194e+00 4.373983627777935368e+00 1.605835098449192033e+00 4.218807056616691753e+00 8.318165877996741564e-01 5.428332003801336292e+00 8.724247167049548057e-01 1.951979926403056842e+00 3.785060596366458530e+00 8.048779221682369922e+00 5.478776919874864149e+00 4.124632222492270017e+00 8.154731834700340798e+00
6.945468389972067946e+00 2.350980210422159988e+00 1.360006664959370060e+00 9.686920299763954745e+00 1.462677337494231455e+00 9.184146457974179611e+00 1.847959441590238949e+00 9.227841374788294360e+00 9.401623557539304343e+00 1.578535105832440388e+00 2.196317580405138248e+00 4.679190266022908773e+00 2.565316446326126876e-01 4.055042694804865455e+00 6.709281785380609264e+00 4.694510788314264715e+00 1.168122236416568871e+00 5.204893504928604031e+00 4.235242008867300179e+00 5.962240857053889620e+00 6.691806621292689883e+00 2.120960634661366306e+00 4.985025966795491925e+00 3.555962684070031798e+00 5.084716278150818169e+00 1.176926280518688639e+00 1.965644253459436497e+00 8.641269436802470949e+00 9.232031783418825910e-01 8.280623895834267501e+00 3.802420439068525670e+00 8.857242875863860831e+00 3.144666804744121968e+00 4.091392264867299566e+00 4.675166560078515943e+00 9.452383780832503746e+00 6.757638132177211432e+00 7.836896538220652353e+00 6.720409789438985371e+00 2.706709069806627621e+00 3.214871918086903424e-01 2.156808737229899187e+00 6.877037479783252749e+00 2.660557469221047633e-01 4.555773077146376693e+00 4.788525494106711022e+00 2.052070728631913976e+00 3.616203354872534526e+00 8.595327641325043899e+00 8.144395225539684091e+00 3.627886814399017279e-01 5.152129876002623732e+00 7.234406014606507895e+00 2.483961150285525221e+00 8.564460487644192099e+00 1.028194845053422846e+00 5.494526207351901892e-01 6.759643892338866422e+00 4.180022933308520372e+00 3.536809894867692705e+00 7.169381565176911053e+00 9.920324460520626886e+00 5.860455790794291353e+00 6.668799758894846441e+00 2.120271853453330468e+00 7.767916231264050175e+00 1.652277766986721685e+00 1.491799292271689392e+00 2.491909880619015638e+00 2.276044397893398852e+00 9.783037506011446283e+00 7.057334538919606715e+00 5.587401782283403229e+00 5.729300436775574212e+00 2.616592254452826616e+00 3.228690815940980841e+00 8.126405866914796050e+00 6.077746598149379231e+00 3.002839160924808404e-02 9.428768887237415797e+00 1.811143358478872756e-02 5.393451318915546189e+00 2.897218548979204833e+00 5.442095585989681350e-01 5.545132259700524813e-01 6.470752198810902911e+00 5.920321060302664584e+00 4.971147352320578250e+00 6.261744070265962137e+00 7.712411058254390106e+00 9.842234008865649031e+00 1.144143876596086518e+00 7.021190553427720360e+00 8.259378731050189160e+00 5.543440133015577587e+00 2.924736518919168748e+00 9.495482383472621635e+00 6.298047889160011792e+00 2.377066655724849653e+00 3.432552337515597518e+00
6.012869921875222623e+00 2.511511746190742134e-01 6.587714192574396499e+00 4.614952264779319080e+00 7.569679853213299836e+00 5.221305834989840022e+00 9.615359879590834602e-02 1.040696146113248011e+00 7.185720385919016628e+00 9.558080982410556814e+00 5.907772787542842963e+00 9.045057813337137986e+00 2.428743996567013230e+00 1.186486232515642225e+00 5.678653520763235818e+00 5.696551010384176550e+00 8.121743897033704584e+00 4.992941092485887467e+00 7.114333839651806102e+00 9.704679650287546977e+00 7.589859453382180376e+00 9.647284501462246809e+00 5.298372369961446893e+00 2.477826669530935888e+00 7.658839971020091397e+00 7.344778815919229764e+00 2.647498829759636685e+00 4.292955166944692813e+00 9.743551312719892721e+00 9.345435581073225251e+00 1.619151623828141151e-01 2.872378616542308194e+00 9.245856270169063862e+00 1.748005367694768220e+00 4.897804827699351549e+00 5.919397423449931139e+00 7.842038072371034119e+00 5.246209340799572018e+00 8.568196030295138765e-01 6.691742865105117843e+00 7.944052665429173210e+00 4.032498212989591657e+00 4.715710927145870812e+00 2.879874540913820447e+00 2.892327608436705333e+00 1.056513184389419324e+00 1.993342149645749295e+00 6.981328114382168160e+00 1.925354766052976840e+00 5.761875995882691726e+00 5.194650007780720280e+00 6.162606314315292266e+00 7.461268524233700461e+00 5.339387403917381647e+00 4.801528856096911824e+00 2.708882625509075659e+00 4.915318575045333205e+00 1.155515709267425084e+00 8.961459895636540551e+00 2.679993873371219415e+00 5.033991090286631831e+00 5.723969763135613675e+00 8.086860036094367654e-01 7.389064108992727142e+00 2.157353456106606338e+00 6.339382657760891604e+00 8.366599764244345039e+00 5.985642404789732751e+00 6.512001049117788654e+00 1.295830089965279708e+00 4.281377094797238492e+00 8.280210763384880934e+00 7.139211304225948851e+00 1.540302972952245497e+00 3.130065778208813931e+00 1.936832614703685174e+00 8.164254406975716805e+00 5.182442720081517074e+00 3.036338584894927806e+00 6.693547824592235074e+00 5.075250757664381496e+00 2.170867539356500231e+00 1.861612643000113421e+00 6.565871291230831019e+00 4.077775097853227670e+00 7.750182144392314676e+00 3.667633866438890777e+00 3.872634679996778129e-01 9.929892286033814131e+00 5.958177017749566318e+00 3.536883249885203195e-01 9.223255133461238930e-01 8.394245298632393215e+00 1.308512308482453479e+00 8.327616258371696389e+00 6.358494744859374492e+00 7.266276527731452273e-01 8.468471770362381079e+00 5.456135150837053693e+00 5.594472680539599452e+00
9.815303359102037106e+00 9.207162469928487525e+00 8.719512753225410862e+00 9.734226096850148835e+00 5.150000323451136452e+00 9.180922215772779893e-01 8.637773910858503879e-01 6.243553167401697301e+00 8.170599211493740910e+00 6.746044128449413257e+00 4.598855195489271352e+00 3.485673413136090915e+00 6.819665971004527982e+00 9.743273657244618136e+00 9.060724697936178629e+00 2.022941143685963450e-01 6.534992778662076063e+00 5.767807583743663535e+00 3.619077097906377105e+00 3.418570515314010905e+00 8.330044788406933520e+00 2.358904134538039266e+00 2.234019779845447751e+00 4.342531381980041516e-01 9.994062445166068898e+00 2.179088600408905840e+00 2.948639860327838313e+00 5.419755309745216465e+00 9.608994863657557062e+00 5.283252726274645372e-01 6.300661488386097631e+00 1.010080614201455118e+00 6.994721778196767659e+00 5.925614266973325606e+00 9.967021422448485435e-01 9.780776291373850739e+00 8.054977443260472825e+00 5.859941131698405137e+00 3.439474942899943599e+00 1.539075600002748345e-01 2.032226354429134130e+00 4.641722622560850553e+00 2.266222660779748654e-01 9.217310391115123736e+00 9.979441004464744580e+00 7.202346782496605648e+00 9.124103598278848537e+00 1.593772414604613941e+00 5.203348184427170064e-01 3.498748793095728615e+00 3.358837780395469430e+00 5.305022099801009361e+00 8.739393314013661040e+00 3.418126599593724890e+00 8.645165849245566747e+00 5.881448208841856484e+00 2.231122715871218798e+00 8.126178103908044292e+00 7.258440276330948571e+00 4.305122882540564078e+00 7.287127082351809726e+00 7.222409797661218711e+00 8.311115022677018516e+00 8.354024725844247712e+00 3.455749798363832781e+00 6.352823995816175184e+00 3.623985169698701547e+00 4.771384004418025349e+00 8.197230380265787986e+00 8.215933913898624041e+00 9.547205290686669343e+00 9.580381309936248257e+00 7.580125868543134970e+00 8.023779283827938258e+00 3.629733671414892004e+00 3.067564604818213692e+00 8.006807968164944000e+00 7.321618122888573055e+00 1.705495345201880619e+00 4.746115792107165277e+00 3.375794797746324072e+00 9.148382818031361552e+00 8.011502496070324497e+00 9.878789242926718117e+00 8.655413314659535118e+00 2.864748833392497751e+00 9.227976870294455125e+00 7.232162860145815664e+00 3.697304989242795603e+00 3.571420874499753317e-01 9.757200055147409401e+00 7.979667435649507645e+00 4.682924299198289120e+00 6.277004252010095264e+00 1.079581198971930611e+00 1.100823434522921751e+00 2.752613532703866994e+00 7.016291455611661121e+00 8.062774142066627903e+00 7.741843849517174192e+00
5.052763329507752310e+00 2.343399863823065754e+00 6.856758378358583705e+00 5.065557750341586285e+00 2.545699945116466356e+00 8.106045542363693457e+00 1.112397754354781387e+00 7.965261864937621894e+00 8.802351054586399215e-01 3.614767178998391728e+00 2.461557106278189355e+00 9.748244721332291363e+00 3.106211061434591691e+00 1.554493557361216194e+00 5.267449864237661039e+00 9.497861318572070388e+00 2.610812171689900207e+00 4.234419355630365089e+00 4.173013854104224762e+00 6.392114635228876907e+00 1.730128296295253554e+00 7.533048953275232051e+00 7.215441683491104818e+00 5.142039719997903546e+00 6.645594397805979270e+00 7.082701121263990984e+00 9.458919922653416634e+00 2.293833720942769716e+00 5.415492189806720091e+00 8.644580243584377044e+00 5.921673649125757777e+00 9.492110811124554459e-01 2.869254711603281827e+00 4.200941023750832670e+00 5.681083479066981745e+00 5.908830754212068825e-01 8.841407605393637681e+00 6.452195969796209241e+00 6.197669622874838247e+00 6.325357971484223185e+00 6.590939558202862258e+00 3.151994535814399701e+00 9.307189902523772318e+00 3.498770314390689862e+00 2.756553604790712431e-01 5.037209390358049710e+00 9.489674214873188518e+00 5.531063504411610765e+00 6.517235833816018342e+00 4.658662154673831601e+00 9.872797667808708155e+00 3.307173307441980903e+00 8.313164815357968251e+00 8.783449809449075829e+00 2.464164253602786125e+00 4.015874829422273251e+00 1.918777363657389046e+00 4.584534985245109162e+00 9.810767560748727689e+00 1.319303204260388052e+00 2.816799942182782956e+00 4.120010871497187921e+00 1.533691030888993945e+00 4.346021732817836991e+00 9.768283548552764373e+00 3.613328652923385675e+00 9.086682895191520615e+00 9.656608803604655122e+00 7.741678932039544492e+00 7.477750257566795344e-01 9.715034809736138754e+00 5.311118434757219120e+00 5.723393999173316260e+00 3.944678055235473213e+00 9.549971385605624974e+00 1.504024531860910230e+00 1.179659818331315613e+00 6.780537859945799717e+00 5.305472969195484723e+00 3.412942042630762174e-02 7.923617459997822632e-01 8.190488048020172940e+00 9.476139277990458520e-01 5.231806808331057823e+00 9.141962287116365715e+00 3.882837665040277386e+00 9.518565719964138694e+00 4.183090749002860154e-01 2.744613198874024107e-01 4.439877133882445648e+00 3.664131151930261066e-01 4.514381181000048926e+00 4.916670031716697586e+00 7.702258142336213531e+00 8.145500837793251403e-01 6.706156516249404120e+00 8.380112541417052086e+00 6.860792120095334568e+00 8.114822867412256002e+00 7.515135263716370417e+00
2.537229303391352886e-01 3.133231385820024251e+00 6.145135651365829510e+00 3.894487123449745791e+00 4.832867961513365174e-01 9.743271877602801112e+00 7.374806015794338698e+00 5.183401866980130279e+00 7.445084523278467259e+00 3.286938669134703339e+00 2.354618130160648359e+00 7.685039574667984486e-01 1.297975870808109056e+00 7.987764300208185730e+00 6.938628614229414016e-01 8.066968061570664261e+00 5.580797905522146607e+00 7.178088048033892221e+00 5.177665665825216479e+00 2.464905811712613470e+00 6.310613160149590506e+00 7.580604844011403998e+00 9.460302569195684796e+00 3.322485621873779493e+00 7.876275222449974578e+00 8.609996819330632434e+00 7.743539137067917189e+00 3.639368296624805321e+00 3.277826890654068848e+00 7.314068510775353360e+00 4.836403047833331748e+00 7.668362689793871922e+00 2.816833283727992132e+00 6.065030099079972814e+00 6.649007169685278384e+00 5.081871896436121361e+00 9.093662033275046852e+00 2.779395658573600159e+00 9.100697110406574808e-01 8.080679794371048885e+00 3.163181678910396144e+00 9.325931422313411545e+00 8.917959173244666360e+00 5.436365465011676612e+00 3.871877727135819569e+00 1.237871011760975914e+00 3.288679945677608352e-02 3.755463454199969853e-01 3.979914780695480658e+00 6.106015038109702253e-01 6.537001413831569074e+00 3.282263867321406625e+00 7.258981177680629671e+00 8.853763400558323227e+00 9.970212376850147606e+00 6.611181589864710162e+00 9.859743252638228483e+00 6.789861963950336587e+00 6.676079570624201764e+00 9.051017675529687168e+00 3.488055826636988765e+00 1.999264824751233460e+00 8.084127059734103060e-01 4.954580362494138690e+00 1.406129215055715864e+00 3.783020706957307411e+00 8.887011296584589104e+00 5.061886087974162507e+00 2.353641922240028439e+00 8.587986697733350994e+00 3.263599073629658065e+00 6.842150278623481796e+00 5.780839928730896471e-01 3.772466856984158845e+00 2.428540642465581989e+00 7.593011179167907798e-01 7.586952680839842422e-01 4.921762672289395901e+00 9.713385261819865946e+00 8.154872521944112052e-01 7.456660842413509460e-01 8.823746323420717630e+00 8.825091682779103053e+00 8.622728518315938118e+00 6.279205663866721743e+00 2.487689697215108353e+00 1.926673873267499282e+00 8.770064242279820732e+00 6.143256293917822575e+00 2.267436192762294134e+00 2.967769126121545753e+00 8.376421893764152138e-01 8.132507477504326232e+00 8.408760997135827253e+00 3.940592908149773699e+00 4.474001708129908828e+00 4.836362503230912324e+00 5.240995725107882919e+00 3.795618250065457833e-01 4.192048036521818233e+00
5.032395908514796901e+00 7.894074374819248785e-01 9.949543953539782493e+00 9.178290788165334391e+00 4.333521143183144630e+00 2.088773182923894467e+00 9.961914019454102487e+00 8.911098323104823749e+00 4.213076736406176970e+00 4.069452427793406102e+00 8.459826499114459608e+00 1.812818591895678511e+00 2.928845376908004727e+00 4.264524117356483401e+00 5.646794899624113739e+00 5.493641459453723286e+00 9.324105281699003100e+00 1.076883141202112926e+00 6.203581429232206901e+00 4.868298984080254854e+00 2.815662685093847095e+00 7.727765607098609379e+00 8.337068281673294834e+00 4.970448883429998688e+00 9.340873272625970003e+00 7.374308904990938274e+00 9.526860031135585771e+00 6.056587212693927746e+00 3.343256645607377564e+00 8.792533920288212457e+00 8.951504960344488282e+00 3.193797644258773438e+00 9.826545730319374172e+00 3.606061879512332258e+00 9.827987944656804586e+00 4.331508865036716394e+00 3.145998475729085087e+00 6.187521160762766925e+00 3.590197827336460978e-01 3.275199677277089716e+00 8.791454377946658738e+00 4.779798897982423966e+00 3.443655826542259213e+00 8.230076969968134648e+00 5.691804837675115358e+00 2.152255141722447807e+00 3.705911949578843956e+00 4.371048790189071553e+00 5.806672183595384062e+00 9.896924584375188516e+00 8.935992530970921166e+00 9.499712247058400560e-01 2.269553939446899982e-01 6.839744765689623307e+00 4.628279317226996703e+00 2.623403360169140885e+00 7.225506121020853101e+00 8.490511471781083230e+00 7.623142169084165864e+00 9.877464780089518115e+00 7.577872144544929967e+00 5.668948033613126825e+00 3.077466676793737754e+00 1.971083766337176080e+00 3.301611088417782724e+00 7.309391380936164140e+00 7.993756007086646242e+00 1.035106288600479152e+00 1.625442778508969788e+00 2.072877114666890286e+00 3.602727975309321984e+00 2.872355365577647035e+00 8.812562873299533805e+00 7.982341376858126836e+00 9.414113404742371571e+00 6.928446354545489960e+00 3.254140271709088594e+00 1.697723079211465036e+00 4.388188398327419470e-01 2.814492212631181101e+00 7.648460959340113163e+00 6.221106245557286307e+00 1.198954275455828000e+00 6.053692377424518156e+00 8.235229715359141167e+00 1.782189296559624214e+00 2.586103614770603798e+00 6.992297129292323277e+00 4.117845107902708968e+00 3.601694842371526484e+00 7.414241400755006151e-01 1.198647025801512500e+00 1.153989563447008759e+00 4.491696766180327316e+00 7.529952221869715245e+00 8.838747325239587838e+00 8.945386126580134878e-02 8.755597029678474641e-01 5.431814840391845145e+00 7.589868927348550898e+00
2.693433310584221196e+00 2.594086579428689365e+00 8.869733823974392806e+00 3.273098468169611586e+00 5.119385969805209768e+00 9.848726474198791436e+00 8.390861989861889469e+00 3.176328091881404081e+00 7.977488624210742785e+00 5.054516582903199939e+00 1.523574547183561556e+00 8.567011564569671833e+00 5.784664403270455502e+00 1.307560184097480427e+00 6.196255993836455644e+00 5.418831740257278540e+00 5.849821410098180685e+00 1.604587896204113795e+00 1.432460558008952223e+00 6.305399304189705845e+00 4.157873633385325007e+00 8.161826258789273147e-01 9.316753426902934621e+00 9.476481264026951123e+00 4.169023783120171522e+00 7.818933538755415746e+00 2.921078154284795225e+00 4.374072402131742088e+00 9.668092045793862610e+00 9.870554033578060604e-01 8.366193002750719643e+00 2.813242602620277033e+00 2.700903520271213054e+00 8.189271750092185442e+00 5.049413321775665153e+00 1.170615923891683563e+00 6.258374157971057450e+00 1.218737169598949066e+00 2.742552390926566996e+00 3.244927689517291824e+00 8.124274283328173141e+00 7.547328509975066879e+00 5.954052585652784835e+00 2.871463007274344115e+00 7.069967352647412717e+00 1.094597125729261933e+00 8.065570759692919367e-01 1.757598432930115306e+00 3.349225034421294822e+00 7.532313249581132020e+00 6.900603025529924217e+00 6.006422153012101361e+00 8.832546927925155611e-01 4.271737713096854350e+00 4.295475672631893005e+00 2.830541451070915038e+00 6.537273770481338175e+00 1.765450465624529564e+00 4.022803183362855250e+00 2.162366164576023930e+00 1.540392615901176043e-01 8.421033708520528904e+00 1.075339862358178911e+00 1.155037609442777224e-01 5.725456060964146054e+00 7.519191269625235208e+00 6.845310431303635035e+00 6.669230500297541830e+00 7.256992245907200711e+00 9.712242602431555127e+00 8.762779890947641093e+00 4.694597107855580376e-01 9.690805704761904948e+00 8.589948422848422638e+00 2.918705743226583937e+00 3.439104090494965682e+00 9.304729617893420013e+00 5.547251687050353652e+00 9.044232305985564935e+00 1.221017143984959308e-01 8.334236147332788391e+00 7.496837914702325634e+00 9.680126678918105299e+00 2.759615746843065764e+00 5.076404387333881552e+00 1.487688942806512093e+00 7.884613986782245121e+00 6.520175939909584883e+00 2.745842546694987618e-01 8.728317450085112839e+00 6.481983568034438647e+00 7.012440649917587976e+00 9.900149609789586691e+00 6.574347419350001775e-01 1.890726633208845708e+00 1.075432852686063478e+00 4.726361431075853048e+00 8.689610977403939174e+00 4.282601803105615446e+00 5.323356183535995712e+00
5.455364792213157621e+00 9.878993148112565237e+00 1.968328485590645771e+00 3.340542129375339009e+00 3.877826724199252340e+00 3.905955154661631124e+00 3.060578189365553925e+00 8.467702935517646523e+00 7.896112296972503941e+00 1.481918614758234165e+00 5.469293577590854660e+00 3.965016860930675513e+00 9.732621949600906319e+00 6.810572460038462950e+00 4.252855660942371330e+00 5.070255560673018635e+00 2.595698669754486154e+00 4.315124709191221264e+00 7.654312617747148551e+00 9.550989370231274478e+00 5.175186585411899465e+00 8.950002501698280710e+00 6.068324353443747654e+00 9.524659896203729659e+00 5.065395769686452887e+00 2.185815310966882308e+00 6.441830175042195794e-01 2.867356556411134960e+00 3.373249176565637164e+00 9.310925520675944256e+00 3.297536931647719882e+00 3.711388821156501372e+00 8.090005999726995967e+00 8.526568843931343622e+00 3.022283825583919281e+00 2.644896316754570265e+00 3.290054950947480794e+00 9.842288761712689293e+00 3.383142999560915243e+00 4.748888279660494760e+00 7.076741170675727943e+00 9.728486029934460433e+00 8.723345133337671697e+00 1.926369908228742212e-01 4.021520080640488715e+00 5.407451574356121782e+00 7.352244876090497705e+00 8.456538624120468750e-01 6.815615279954837291e+00 3.645491728346907934e+00 4.185072653226777462e+00 2.579421863136528437e+00 3.846597737987456078e-01 1.697583038630999797e+00 7.552106268152210866e+00 9.553076933747275845e+00 9.451020040257984700e-01 9.597897680880111082e+00 1.713076336264098831e+00 6.789510375248466900e+00 6.875531750744949377e+00 6.466976874146030063e+00 1.337802712283930884e-01 6.751045112602339415e+00 1.590863277284302324e+00 8.139202789242837355e+00 8.520830963547275871e+00 1.567286590127570101e+00 5.154043742440594933e-01 8.460202984461398401e+00 3.852881986621892185e+00 2.715831783558143364e+00 4.219105498489152950e+00 7.836387475950363779e+00 4.033140069672676020e+00 8.003403571007559947e+00 6.615211768442996743e-01 8.842581953340012291e+00 3.130188432027432022e+00 1.808336053880004179e+00 2.411148466666843682e+00 6.859998904864889724e+00 3.852846621630643398e+00 7.085876146438959466e+00 4.076716204293298063e+00 1.998728607813552438e+00 5.527963644287494205e+00 7.022333486723483453e+00 1.352015312467913510e-01 8.270493272174725519e+00 5.170550419456042768e+00 1.855434003104861063e-01 7.789550385459187432e-01 2.447512311816346653e-01 7.221277046763256102e+00 7.497521794277818508e+00 5.226556668332788647e+00 8.528277201253345652e+00 5.794166783881715688e-01 4.219015979867241306e+00
7.765768034549171084e+00 7.264312384468835759e+00 9.164411213043287319e+00 9.665373646837817745e+00 3.406925049525564297e+00 5.682331153850428862e+00 6.083941793868228309e+00 1.439756304580874779e+00 1.636537346567726869e+00 9.133660565535970832e+00 6.886571967587268084e+00 5.645154467889424765e+00 2.051425242722786368e+00 6.507739257860519544e+00 8.990720398417677117e+00 5.229450265651656160e+00 9.574000344431672360e+00 1.075252986027007696e+00 2.721352292391618910e+00 9.196198052528899325e+00 9.067386253423304510e+00 3.475973851991089880e+00 4.683119668076557218e+00 9.074397043749740988e+00 2.392935983782972009e+00 6.882769918284648014e+00 5.615462952455279044e+00 1.890233711721589493e-02 4.531280655862701678e+00 7.082720837691708127e+00 9.857757379008122101e+00 1.696798305284720199e+00 6.338330487418456727e+00 6.031967922700588680e+00 2.872780457882606608e+00 5.058566748580416217e+00 5.839406034548533242e+00 5.217485235117493403e+00 4.439130821936717375e+00 3.199832515055364368e+00 3.894169335700529366e+00 3.940901151205119746e+00 1.093105832204673833e+00 2.618166456387378549e+00 1.327481657331965881e+00 2.176471419846144340e+00 8.770619233713297547e+00 5.760482946075712540e+00 8.373057420878758705e+00 8.362084621275627683e+00 7.161725056813050827e-01 4.283854137353479530e+00 6.138374686059334451e+00 6.771954479713028441e+00 4.905744640919370347e+00 2.198607437971002998e+00 6.521170399352628877e+00 6.548897733743510585e+00 1.948328909283859600e+00 1.886512547598769851e+00 3.587365055804597525e+00 1.620532438779828110e+00 7.663183112778958694e+00 2.647985724603639568e+00 5.643443021880547583e+00 8.569791375255620736e+00 2.785111678592555595e+00 8.672545574601670637e+00 8.031979315221726701e-01 5.246282599843806516e+00 3.089454720437995405e+00 6.454604096216668196e+00 8.449077715470776795e+00 9.760317289286380316e+00 9.053011726602424147e+00 6.206902482586569292e+00 4.428438186073928584e+00 9.414738135276101705e-01 7.965372273804646852e+00 9.706713354852773534e+00 1.077299516345511243e+00 3.371885326047073583e+00 8.288706014911866760e+00 4.512007734953648708e+00 9.892782882694042712e+00 2.699842874950758365e+00 2.305861978644233368e+00 7.925381937891327944e+00 2.168742805394949791e+00 7.680074785903561185e+00 5.011253099381849374e+00 5.275927768174745403e+00 1.640037801380989091e-01 5.514336455188285413e+00 5.498284327060031451e+00 1.568871698334395326e+00 1.037082844358039324e+00 3.609472043764637483e+00 9.107390926102162609e+00 9.478326878522622678e+00
4.503979227179676137e+00 7.792315855717625084e+00 7.515144239765261247e+00 9.053473551825611310e+00 8.760125356677400887e+00 4.202876252905301868e+00 8.940073917316809116e+00 3.880830210978869488e+00 8.142407107051020887e+00 1.235659872709999885e+00 5.174277949611049365e+00 4.345850270478482713e+00 6.536277153422384245e+00 5.406711690914990598e+00 1.491084479321918010e+00 8.172249006451909992e+00 7.761271465476271558e-01 5.868238002914346829e+00 2.037595024698379831e+00 6.470433967136111519e+00 1.863962565917444136e+00 2.129489862929367927e+00 6.976034018732539366e+00 7.627636098862202729e+00 8.783007071772150454e+00 6.727465558847991467e+00 1.942620336706202266e+00 9.741338059731329935e+00 9.418685357251408874e+00 9.296005473993826485e+00 3.131828844815015778e+00 1.915406957671127453e+00 6.955887382986860601e+00 2.567837239768667956e+00 7.445484318606182761e+00 6.281185892637464185e-01 5.881827490428163330e+00 8.822627205256738492e+00 8.933351167981786745e+00 9.884215869818369526e+00 9.311699868405552749e+00 6.911770271364050089e+00 1.404888796197870660e+00 7.194968255323582085e+00 7.195031694247321141e+00 6.255387205286975671e+00 9.611581669546566786e+00 2.598803676190760470e+00 2.697108760465348531e+00 8.910101675915287345e+00 4.679185410644991272e+00 5.646737997811377419e+00 7.039431445351256755e+00 4.884968549953465633e+00 6.937641639759176471e+00 3.678635948229613817e-01 4.031632594407374981e+00 9.260365171945334595e+00 7.064145463772799616e+00 2.585497488428992519e+00 5.796304927817852004e+00 8.829412012233490259e+00 8.537911474996983330e+00 4.183031892860056278e-01 2.400266929176224640e+00 7.937831594807136071e+00 7.006243089629937693e-02 4.577317913468506916e+00 3.526773138456444912e+00 3.398302896516840477e+00 4.479510899657388023e+00 1.335175550812289780e+00 8.631135517181315109e+00 9.056353048320865184e+00 5.410006610344907152e+00 6.692392049678570487e+00 9.377479097003703856e+00 1.554766505089975048e+00 2.378756755290052372e+00 9.136147012614983964e+00 8.987108860682360145e+00 7.958069441036323965e+00 8.328485975089147786e+00 3.000536434913330108e+00 1.475793740899533635e+00 6.434050043557915544e+00 9.566343069660675269e+00 1.198668047295133876e+00 6.809305472333253562e+00 3.101180412145354559e+00 1.857863767006751043e+00 7.137694931667737386e-01 2.162835824818959196e+00 5.815589220892205091e+00 8.690956365613903500e+00 4.711415759426035521e+00 8.649134179052929028e+00 8.802016055209678669e+00 5.634674427169064970e+00 8.458897824277041622e+00
4.723173439913761484e+00 7.766322492982525638e+00 7.329707061822778869e+00 8.984989734273208128e+00 2.084748515496550603e+00 8.588358827447050814e+00 9.680582054302046657e+00 8.472591883001074464e+00 8.161661038096179155e+00 5.252572311655551829e+00 9.665280318582652797e+00 2.758905814206929819e+00 5.134415409336137159e+00 9.238325617763146980e+00 8.900991923141214457e+00 3.592474852327654844e+00 4.181418769537138758e+00 6.879108601479996032e+00 5.832423830535216958e+00 6.001694741956399071e+00 6.231056288363533646e+00 3.995877635218215929e+00 9.599245471829146226e+00 8.989930541533764696e+00 2.715830442494554298e+00 1.929073471966302744e+00 9.363017840616048915e+00 4.665161145927779529e+00 2.232474963446144045e+00 6.970758480881236174e+00 4.477521359281277924e-01 6.108201275876648850e+00 5.626090009702611194e-01 5.415113554499686899e+00 3.742639466526069825e+00 1.155957006559471534e+00 4.857681963853726970e+00 2.303721125280036031e+00 1.992990846687059392e+00 8.966717906307041019e+00 7.293628269270002740e+00 3.794731887943996185e+00 5.723482725133147930e+00 8.413378674482949293e+00 8.778342682208016612e+00 5.177505047244046477e-01 9.269437904012198359e+00 2.045416406524461550e+00 3.336621430217656670e+00 5.689797184908956140e+00 4.514609335920974686e+00 1.187972474893678188e+00 6.514195919481641006e+00 5.546540646319940038e+00 6.650395485929452732e+00 6.941795645108439494e-02 2.791418811372252673e+00 7.338888102691678128e+00 4.556215648953532593e+00 7.035735007890883352e+00 4.509720137480494273e+00 8.822695828861546019e+00 9.336076821595575836e+00 6.273069421540804491e+00 9.710581439690500360e+00 9.661311032729708259e+00 3.789658572150522708e-01 8.247607635113942237e+00 5.590439361192441226e+00 6.358341690870135565e+00 1.762417888322508341e+00 9.648592974494020424e+00 1.488586034730832175e+00 1.847911005052215172e+00 2.915518449740561735e+00 7.524788800947705525e+00 3.007314580110236335e+00 2.048321400675081616e+00 7.458969216173993111e+00 2.037305692762335418e+00 3.338327130168183832e-01 4.378486509148941330e+00 3.451993581071359785e+00 6.811597329474841978e+00 1.936567470539629632e-01 4.025157864580960698e+00 3.377851177766366675e-01 9.317252241690201942e+00 5.378008785225785182e-01 2.625797860860179522e+00 1.041007326049059323e-01 3.326385170403670877e+00 7.124087626187958211e-01 6.485090887176387930e+00 4.638937891262568058e+00 3.611437052506809575e+00 4.912932394981741169e+00 9.884387680952290367e+00 9.821760128019011660e+00 4.515847886603068240e+00
3.158537427867432967e+00 5.292570188491896310e+00 3.718017511448072021e+00 1.884132923185796171e+00 8.827082477966333940e+00 6.388329664098631788e+00 9.813199952337313903e+00 7.691839992841464912e-01 3.892699788416544848e+00 5.950227430302624576e+00 8.722591081602118379e+00 4.976917172957647573e+00 9.833323392524530249e+00 5.829575814507395926e+00 2.724579775654841995e+00 9.325510701470314245e+00 4.613059030655594306e+00 8.416198347322932705e+00 6.005845475117527421e+00 8.466306220986741238e+00 9.627954783626780255e+00 4.238577385117785923e+00 2.987041004618168571e+00 3.191634736758723001e+00 4.268272651292822850e+00 6.556457066722587435e-01 9.827640023077499620e-01 8.152951089017912878e+00 8.451134635813264850e+00 9.741541975624871341e+00 7.777057070211199630e+00 3.757639830915955326e+00 4.938169001706739891e+00 7.257027367402003826e+00 4.369465050539027118e+00 2.690002270348892388e+00 2.540580029062380341e+00 2.213244146870222195e+00 7.315681343340449949e+00 3.951154140574514528e+00 1.957439331162175167e+00 7.745197221204485949e+00 6.234102657875975062e+00 8.032873568263763531e+00 6.607496831320421649e+00 5.619249370739602512e+00 6.118092782951467523e-01 8.555885546019950993e+00 4.972815110878682887e+00 7.012882275516842512e+00 5.103098576746949888e+00 4.573924184753547451e+00 8.644401857845345205e+00 5.270535181349451648e+00 7.107881117998180898e+00 7.143916067707932527e+00 4.683773507198528918e+00 3.643909747526508980e+00 3.649594339111661423e+00 2.237715536831452745e-01 1.472693592114703298e+00 7.498405527762795231e+00 1.496953820662284551e+00 4.469790587673870164e+00 6.050351613365101411e-01 6.690729023244217366e+00 2.442802064018703145e+00 4.540012912801522305e+00 9.334476416482031524e+00 1.703691798761874932e-01 5.606254336075386924e+00 2.380795654341993028e+00 1.317695628525266116e+00 7.900823550019451247e+00 1.859886052076956675e+00 4.314740512491526125e+00 5.273898630252432440e+00 9.248597619053381180e+00 3.902425309115059804e+00 7.585183019447442554e+00 6.457725499427914073e+00 9.074024573436330954e+00 5.374315148981151147e+00 7.905322292749859869e+00 6.408445235549416807e+00 8.855782712823037528e+00 7.470679078905883230e+00 3.591966522000099360e+00 9.297721150020731073e+00 7.721496291444529536e-01 5.173245046712471762e+00 1.927605908922392919e+00 7.979001142652830225e+00 9.851784351255417960e+00 7.560809119372532194e+00 9.779699913422829738e+00 4.487154819048280174e+00 2.699421030302909585e+00 3.727517022536615876e+00 3.479376695028510991e+00
1.489497741430008126e+00 1.811294822078739486e+00 7.584386814017510581e+00 2.699695573439605312e+00 8.528902137041416864e+00 9.942365633972343630e+00 1.154531191604163398e+00 8.039464498523129166e+00 4.903574184065382369e+00 4.633128851360646117e+00 7.446727688167905868e+00 5.170220230427045927e+00 1.867541323024870525e+00 2.359627822593524105e-01 7.021049393558043139e-01 5.748995779186847344e+00 3.877114166656108196e+00 6.607400088000501270e+00 3.052542682101165639e+00 2.507934944254455178e+00 5.786369254059362532e+00 3.069849174971883699e+00 5.390046390176022939e+00 1.561682824541785752e+00 4.175940804429036923e+00 7.878764240688289178e+00 4.382730489858744249e+00 8.173780642663974305e+00 5.884922736857710390e+00 8.067728007654562106e+00 2.260655198394232457e+00 4.688161073834838710e+00 7.924416474699969015e+00 6.845683651533693848e+00 7.255861977525558615e+00 7.389567878310509208e+00 3.843252146447868611e+00 2.785218633748862693e+00 1.092554199795010561e+00 3.211785706625796877e+00 5.752365969026280723e+00 4.798053561195131600e+00 9.618203097262448154e+00 2.022029957544528855e+00 1.124443080275840945e+00 3.442916744752888558e+00 9.197003212787404181e+00 5.675935470118005810e+00 6.766140463035995367e+00 4.853108074091783131e-02 3.382360590032600367e+00 7.819624587358614320e+00 9.438928350787993082e+00 8.743410491968264253e+00 3.022444786057364219e+00 9.525523066209473200e+00 1.985650341647913208e+00 9.353126924917562590e+00 5.093204519601180813e+00 1.791441915834667276e+00 4.578747845170286546e+00 5.549103907222248111e+00 8.903608963473097049e+00 9.615742792119506888e+00 8.399405723687998204e+00 4.094058371821651665e-01 2.275196954307924457e+00 4.937685984110750326e+00 6.776653268580881573e+00 1.357714331149549869e+00 6.784736106882705009e-01 3.657474246532078865e+00 2.528420681789117275e+00 9.477539528793780477e+00 8.909961412022237681e+00 9.182941852292604068e+00 2.204376805449106413e+00 2.830696203328765037e+00 4.607043972469545778e+00 7.605377174780745264e+00 4.140683971681248465e+00 2.410549886540027664e+00 1.802381551823528660e-01 9.656075438361083840e+00 3.697285538975163544e+00 7.419462107377690963e+00 6.123051056923366708e+00 3.053529346943839595e-01 3.005019953464365123e+00 8.355274685400926771e+00 7.966337678757717811e+00 6.385703470690890171e+00 8.419192557184118186e+00 7.335832245529231521e+00 4.706439473011441166e+00 1.516316769718990543e+00 6.019261772094287366e+00 9.691332352041268194e+00 1.412558142078186307e+00 6.233482268368350177e+00
1.735146726646854543e+00 2.644024773940334416e+00 3.748708477760841262e+00 7.646500984606339202e+00 2.832061142052361369e+00 6.832882693449264799e+00 4.925606813546092866e+00 9.288181688558614368e+00 4.193940681670554227e+00 4.535042346087703180e-01 8.256840698486904273e+00 8.034143131788129555e-01 1.057881240234729292e+00 6.973576214826653796e+00 6.190592940148946788e+00 2.895377266425442908e+00 2.828036525888132147e+00 7.060028928406477888e+00 8.243566499017600080e+00 4.217261737196846383e+00 3.878990620599199524e+00 1.713966668874947752e+00 1.804268699775001261e+00 3.224889439934264246e-01 3.543407022008331353e+00 5.481736404314911937e+00 6.889316106551582664e+00 5.059750880952600838e+00 2.225921694220547309e+00 6.684903548946811824e+00 4.185028004930949841e+00 5.415132040666548185e+00 2.475863319819127106e+00 6.416657798795950995e+00 1.664912796575137577e+00 4.062624737532769537e+00 8.864862880975142190e+00 5.107945864224286758e+00 4.638621385660590235e+00 3.306549247437924333e+00 6.653566026231469088e+00 1.292856031209527190e+00 8.493181478862675604e+00 1.573318444805886784e+00 3.715811251989050490e+00 9.546045101008688860e+00 2.571733592719274153e+00 4.053213720927228980e-01 5.801505019462053880e+00 1.910587346910591622e+00 2.719349807765931715e+00 6.945964315110165543e+00 9.190701407232843678e+00 6.769276395005091373e+00 2.871867538408179321e-02 5.956415787515504157e+00 3.019361933612503268e+00 1.764662911862902028e+00 9.864656475761925947e+00 6.777503909696362072e+00 5.782911508746223284e+00 2.480058569741002472e+00 3.395110084306104170e+00 6.467481250758714495e+00 1.142097260855766683e+00 2.141259970141171642e+00 7.366696828639334171e+00 2.578402041546257184e+00 5.025824269036975878e+00 8.425441774787760352e+00 2.944426457059508007e+00 3.022175415793828535e+00 5.263949355486159831e+00 2.961481780661220142e+00 9.927907205802529944e+00 5.736549143369984449e+00 7.791399768511642066e+00 1.054273956598464901e+00 3.345291625205935038e+00 9.670830102722664634e+00 6.739439162889945045e+00 4.516739625565914906e+00 6.433928567887521766e+00 3.545769876203404891e+00 1.790776380994314465e+00 8.624318287231091951e-01 8.189363399442093794e+00 3.051380223458336260e+00 8.824850654884246026e+00 3.992076799124718356e+00 7.866294664250562008e+00 7.544806028774482698e+00 4.549653063240030271e+00 5.437218356927253637e+00 6.395005556639647537e+00 8.982718156474620130e+00 3.609458013481656735e+00 9.985925537544626529e-02 8.248935126087841851e+00 7.787897743560003860e+00
5.748700585551841158e+00 7.230730782642924570e-01 6.651448740915021141e+00 6.336208635356149976e+00 1.539857210276285304e+00 2.495269629562935076e+00 3.270688912794220471e+00 9.894391888267428659e-01 8.455833959071805239e+00 9.595947759505140340e+00 4.207470747376086173e+00 4.556899519219116179e+00 4.677166617633191414e+00 7.899394580612010053e+00 3.885641608688095161e-01 5.785889853939101712e+00 5.127126896383614962e+00 1.807381714876684642e+00 8.141453437742136146e+00 8.556040808131164965e+00 2.052571533259800241e+00 3.669496282035015433e+00 8.792506622690323681e+00 9.841044260464689941e+00 6.589855170655902761e+00 6.101182981547434991e+00 9.767478599962325703e+00 6.430861575262481367e+00 8.404249539353230603e+00 9.003098639253415136e-02 6.630584120837079709e+00 5.543329407170229928e+00 1.130774559784015754e+00 6.213459578145393181e+00 9.932818873122771564e+00 4.337834748525459805e-01 1.078713030906097714e-01 2.013029206006543781e+00 5.987813017224738132e+00 1.901401228581013347e+00 8.800730455256422502e-02 4.643164000595554342e+00 4.756505476128636278e-01 7.320654094278395085e+00 4.776487296116746606e+00 5.264144284725535528e+00 8.690884363778772936e+00 9.151385232551767501e-02 6.574554968982495140e+00 2.721942694407481156e+00 8.190952193081285415e+00 7.121479721205879798e+00 2.610965495403141379e+00 5.221238794441084963e+00 7.772870173564272456e-01 8.265846906245414516e+00 4.834101956077269335e+00 6.171582142116013969e+00 7.910555497376792644e+00 2.972306596539255885e+00 6.800707770096892091e-01 5.167227474685442967e-01 9.539119100239721760e+00 2.934811614378966205e+00 8.521815494200371432e+00 4.547775907072035828e+00 5.803623720440231892e+00 5.307553398360162156e+00 3.870158884523302589e+00 8.301086728475441490e+00 5.349587299307313693e+00 4.991036625869492482e+00 6.284052545678029844e+00 8.996209670340043374e+00 9.269358233633543165e+00 4.863186487228944088e+00 2.152913467440786821e-01 9.246453194537865627e+00 3.305842781919160700e+00 8.576163737562904288e+00 8.576159418227916831e+00 1.507218554257150345e-01 4.929318548137207046e+00 6.852240995583861682e+00 8.335507646407835924e-01 6.029777868316818612e+00 6.674406512774022637e+00 3.913036903920807941e-01 8.043500699031884693e+00 9.619608240473628058e+00 6.620975237267688662e+00 9.439841727340654742e+00 6.145166365858624857e+00 3.809303994410360161e+00 9.724744816655476853e+00 9.019510811667560191e+00 4.521140241009019789e+00 4.513209585248796785e+00 4.408099532365107542e+00 9.281339482418957232e+00
9.804307177635436688e+00 9.784082800600824026e-01 5.978503150299934177e+00 2.019249428379280786e+00 4.076498147698942809e+00 2.010279711756723930e+00 3.965225756048702532e+00 6.180841431628092408e-01 1.550051731381948406e+00 5.360898612386295170e+00 9.810585113911990618e+00 6.770997353824350640e+00 4.983764738849591147e+00 2.924398785095416731e-01 3.697309448351418837e+00 5.300510927292181762e+00 5.089200417619675676e+00 1.712297102299732421e+00 2.524958693641683460e+00 8.903573132673079371e+00 4.776596601466228442e+00 5.973120021759862119e+00 1.623611293693505431e-01 7.886558073854801343e+00 1.004988096089075578e+00 1.220214395182002143e+00 5.907610813066227706e+00 7.729500162791084428e+00 4.103831511791979025e+00 8.436332865341027443e+00 3.053390263799222737e+00 3.038395073570823168e+00 9.431984647241312913e+00 3.857749496652067567e+00 1.266495868193271424e+00 6.065101992014492183e+00 6.442097735503839573e+00 4.809848485070517654e+00 3.925731477519811552e+00 9.014337850193619772e+00 6.200322146766368281e-01 2.222963853360636399e+00 1.313215293719524057e+00 9.764144423204026424e+00 6.810859155414041410e+00 8.367440782409101274e+00 8.441595993757891492e+00 2.030258879191580768e+00 1.953957725637864851e+00 7.965328491111785425e+00 9.944062871952345617e+00 7.756536568946096111e+00 5.725182924732771461e+00 8.993033994491682392e+00 1.691616856944788694e-01 4.288384129574480674e+00 6.007387435917833862e+00 3.661551640680337449e+00 5.930756440055249712e+00 1.192257819224508131e+00 2.117686307304742499e+00 1.302928526792728192e+00 3.854681404500963637e+00 3.419441483393745873e+00 3.527317084671795833e+00 5.326506000925136597e+00 8.168273317883729234e+00 4.687601882685954457e+00 3.429844851178278642e+00 2.353111134577612340e+00 6.282916612950283586e+00 2.135333210188310460e+00 8.687285996349988437e+00 5.445737619014590081e-01 8.826132142826674354e+00 3.688694763941394505e+00 2.965379221615636052e+00 1.175761799011718622e+00 7.394438712949470194e+00 6.751221017773590738e+00 2.599901006781548674e+00 8.656712272586640111e+00 6.608683351815636264e-01 1.370982191761792590e+00 5.388488882966113280e+00 1.168779302750782012e+00 3.303399352092506458e+00 1.350175398599615662e+00 1.709063266778221291e-01 6.179552810427009213e+00 2.139375608195924983e+00 8.785356484485273398e+00 7.322419757254894357e-02 8.000313481904610668e+00 5.577610060328562547e+00 7.362349918699113260e+00 1.596372858375726400e+00 8.498524782303082503e+00 2.853452667505462781e+00 5.514574491462375327e+00
3.397763073162820557e+00 2.112100278544026821e-01 3.074771008976521003e+00 7.622159203045959508e+00 1.068652192325161288e+00 8.131395255614283002e+00 1.110824415472090321e+00 5.360787841455478819e+00 3.172861626883990205e+00 7.676705420713894057e+00 4.603824840215562375e+00 3.841796438057931695e+00 3.121446975003858704e+00 7.621330627517169276e+00 6.213661280963308720e+00 3.565551261504811276e+00 7.127917387096057489e+00 1.128376935038406526e+00 3.252503923337091152e-02 5.014129606835322051e+00 8.265718866993864822e+00 3.004416472260746929e+00 5.168563034251848265e+00 8.287765239110898463e+00 5.128330083726797994e+00 5.775114690442501697e+00 8.017239544714305666e+00 7.712923926330794711e-01 4.267089660066670120e+00 6.382082175437734151e+00 2.241581530353331519e+00 2.361108371595675770e+00 2.152391994595742375e+00 9.876895672530833892e+00 7.986929247101791418e+00 9.660281187417451676e+00 7.054520418429206075e+00 1.675872301179591739e+00 4.270197055323524893e+00 5.753323168991091308e+00 3.767659632247553070e+00 1.729936991284253267e-01 6.173949078390164047e+00 3.765866868936242007e+00 3.631452750172132760e+00 1.690079791187457658e+00 5.350920273813402517e+00 1.950475738016408389e+00 5.310221272470229792e+00 2.475186619185374415e+00 6.248573309009218590e+00 8.832393680738373831e+00 7.344401023434818931e+00 7.059551688091439736e+00 7.590213319181381202e+00 5.789872229545500737e-01 9.606846992315347222e+00 7.292596581634576580e+00 6.101029947569491796e+00 2.441548424594508493e+00 6.030496340090004459e+00 4.750268814827350639e+00 5.912465289595751017e+00 9.937538993269040333e+00 8.386571348014998151e+00 9.487211823922294229e+00 6.682434602824795178e+00 5.759592111758039756e+00 4.056578868026278428e+00 6.940627129752687807e+00 6.565594693478725929e+00 1.325688764497247041e+00 7.474168056854974651e+00 5.396756696601063830e+00 8.813210697161391494e+00 4.168576239925755544e+00 8.359616645462184081e+00 3.569151573540475297e+00 1.189385916701223289e+00 9.069538241442922200e+00 5.843145155660343981e+00 9.170875921856694646e+00 2.682058546751301620e+00 1.323941287665553190e-01 2.073196754162948352e+00 1.679759602049391010e-01 8.406556768150784009e+00 9.713944580862300171e+00 8.899386934831882812e+00 4.811684583502699120e+00 9.220104093096129105e+00 4.785925639104695151e+00 8.468659512709367121e+00 6.304458325668723440e+00 9.542056424716379937e+00 4.475029277700082631e+00 8.380081167087738425e-01 6.146207640452512777e+00 4.884742128421637464e-01 6.227227459891463646e+00
6.636421034770250138e+00 5.279953032657403789e+00 7.872909235377809622e+00 2.225282798839326226e+00 7.600941182896148174e-01 1.329117104638591895e+00 6.504421900601643713e+00 1.833128405630967128e+00 1.166306978858657750e+00 4.621269494490654495e+00 5.112521386220322483e+00 4.550316985494648137e+00 1.096290781920956636e+00 1.569838656826374468e+00 7.514438659970503309e+00 8.343432730609791292e+00 5.280867920139510119e+00 3.683315100355895044e+00 8.130625173880925871e+00 7.241358622720079019e+00 9.834227667510331283e-01 2.778065850271413062e+00 5.256927908920232539e+00 7.866386532663830700e+00 4.534179646064206981e-01 3.683342895248483906e+00 9.824527728580667585e+00 5.865804591669010470e-01 1.919552174479706164e+00 5.182088995025441847e+00 1.714159754890777210e+00 3.967890236545933647e+00 9.559767753886861286e+00 3.248908867802090761e+00 3.811318969895220121e+00 4.752667564326742422e+00 6.019376809743658185e+00 3.841268685956128692e+00 3.929886459105478291e+00 2.063768949779358763e+00 5.957624095104304907e+00 2.015741376957477016e+00 6.284035208285722263e+00 1.302315579609355511e+00 5.877907896781938035e+00 1.760364085872170303e+00 2.788463137517273260e+00 2.205205957820133289e+00 4.737281639304550040e+00 9.668542388920037922e+00 6.825238875298256236e-01 3.090596383138745296e+00 2.197648732898115576e+00 1.311727978825474317e+00 6.365822005816994533e+00 6.269581815718704654e+00 6.640471137729929474e+00 6.228322511706170239e+00 2.475994566353278969e-03 3.427572836584820148e+00 6.827991343336225150e+00 7.800965436891313054e+00 1.919784634180632388e-01 4.894107463179277140e+00 7.204414401103451659e+00 3.286112984136662973e+00 3.929128452742625122e-02 2.058577410276992481e+00 1.380652143798234421e+00 7.218413990812772241e+00 2.952463455750480303e+00 6.293418741231233682e+00 5.890917132171078485e+00 4.690950136646422131e+00 2.607863388512084768e+00 4.450124380644907340e+00 3.274932886624229766e+00 4.800391376322803438e+00 4.431038178235247926e+00 4.910828937977561814e+00 2.221828326098234996e+00 5.440425369709705805e+00 1.017669795936240185e+00 2.091656217244320715e+00 4.494846625102672633e+00 3.164846983035186412e+00 2.366233823708473238e+00 9.396980382757325501e+00 7.583294476284514474e+00 4.748286580472922402e+00 1.438522243193113281e+00 6.266308999566705396e-01 6.363965151549011878e+00 9.012153859827693125e+00 5.894154413563878592e+00 6.154564556166128853e+00 4.843132309300771432e+00 1.639184051582032176e-02 9.331923676095337683e+00 2.315529639690065089e+00
1.617601772894341483e+00 6.733287484078092078e+00 2.989419908726321573e+00 1.481507198120551871e+00 2.829110604320667299e+00 8.822312369289925016e+00 6.548054484922452012e+00 5.470443866570310121e+00 9.898206712618792480e+00 9.221049592920127935e+00 2.311605758351438222e+00 3.992584979308895221e+00 6.773541982934100147e+00 7.311334268858614927e+00 8.195466501931392145e+00 5.307948364127269336e+00 1.587456436730748655e+00 6.514242049532625867e-01 2.339677188481269710e+00 9.049724675607444979e+00 8.231754523276016755e+00 9.933516145744331283e+00 7.808025393827110250e+00 3.925258665990155826e+00 6.095071481503211430e-01 8.255328241274620282e+00 6.367101927069843015e+00 7.177640358617888516e+00 9.394304678086015770e+00 5.434094140995111566e+00 5.522276410674932023e+00 7.507729632739399861e+00 1.967200467221832394e+00 4.242792416703511371e+00 1.135514229631596761e+00 7.662929786248303898e+00 6.069043123843863796e+00 7.806564475531368785e+00 2.481977410412894436e+00 2.976111039264013325e+00 2.937171286884161514e+00 4.010071471442406832e+00 8.570039130742827638e+00 8.671941359792324278e+00 8.048966905907095182e+00 1.748452827628803607e+00 4.676916708672673728e-01 1.170276608007800867e+00 3.757772474154109865e+00 9.280324270324776137e+00 6.953932268620493851e+00 1.959934549774302592e+00 2.567040666230897550e+00 4.860678658141511121e+00 8.887943834890146277e+00 1.209082239322565311e+00 3.022740529867066428e+00 4.550916805568002488e+00 3.918725095688759819e+00 5.040796104164270375e+00 1.988118183942865214e+00 7.328335120024918048e+00 7.794182058093083398e+00 5.902860081231403377e+00 6.960205333602872635e+00 3.077889342536525241e+00 6.947608249048228046e+00 7.920357123928667420e+00 1.683684082923082581e+00 8.089032793227948659e+00 9.958946727444581981e+00 8.318405463562957181e+00 5.837511859343548437e+00 7.587576673425233675e-01 4.915659891724103225e+00 2.229577125494366374e+00 6.727249415008524025e+00 6.855175922087038742e+00 1.805050948205069172e+00 2.603976406986890701e+00 1.348756716680133971e+00 7.411354517647421147e+00 7.194754891420251042e+00 4.805451967827072401e+00 2.541320220425492771e+00 8.095524569987379238e+00 7.697522871422090240e+00 4.529350536412001915e+00 7.835115328179796279e+00 5.914232061295015441e+00 3.700214482199130295e+00 1.320270750694614303e+00 7.856333340048574421e+00 2.403835216103777928e-01 6.725691493581829938e+00 1.158124771659894137e+00 9.697536975958595207e+00 8.076563813821518778e+00 5.732908612864702214e+00 2.708729864438751633e+00
9.529265970616911829e+00 5.871456836597217510e+00 3.032087751371719264e+00 4.102730497748759753e+00 2.679964394256411087e+00 9.085106883539825873e+00 7.966993950163758775e+00 5.977217225629943620e+00 9.280822741497374295e+00 6.416323682402267359e+00 2.070573110553146634e+00 5.751288556948405351e+00 9.553067328470207897e+00 3.708045978357495720e+00 8.539864459673584207e+00 9.204717123972489645e+00 6.309872403832542886e+00 8.992665881596761945e-01 5.069524053892195070e+00 3.182860388915572436e+00 4.975594873013191588e+00 1.487998088610595904e+00 4.129925519182608973e+00 3.409226695966713905e+00 4.321025890124927216e+00 3.850427236260636210e+00 7.188119616830612735e+00 7.103677818547975420e+00 7.039768311554874813e+00 1.176151872558204303e+00 3.772437275046912397e+00 5.109043450720508694e+00 6.097259152220482648e+00 5.433004712991905905e+00 5.783759603030502738e+00 3.756101689939267629e+00 5.387769446647853400e+00 7.885069110729379993e+00 5.042766833061288700e+00 4.143607515752961490e+00 5.291714464573212595e+00 6.434278221837552714e+00 8.217812971558602797e+00 5.064381782047354008e+00 2.763916241681270147e+00 6.793673174942856718e+00 1.316490323416431574e+00 9.204562717986831899e+00 8.609949103513121926e+00 4.585884779526566923e+00 5.100983643878251428e+00 9.680573498663136434e-02 8.010878999823283664e+00 1.264998803999243249e+00 4.703464387559163740e+00 9.534898834734207185e+00 1.449604672481992207e+00 1.725000005254684332e-01 4.988176396763817522e+00 3.025151588333356845e+00 8.388936653116873643e+00 1.989019939085301392e+00 1.628030085241956026e+00 3.210847410244718425e+00 3.666969840830200056e+00 2.906419635646883215e+00 7.765098934731636149e+00 5.091083687331598995e-01 1.490198628243251111e+00 3.654784182286672234e+00 8.438667871662403286e+00 3.461946900624552015e+00 1.211312205267385256e+00 9.010715740573731480e+00 5.818820215864954015e+00 9.731111404696632050e+00 2.053552808297892440e+00 7.699513925180858642e+00 1.160757595290136113e+00 3.121251751786458861e+00 6.205271562667938667e+00 6.970148898846213470e+00 3.614529078132926454e+00 5.811859876950340009e+00 6.017417522197126445e+00 1.602955891609086914e+00 6.934864071330578916e+00 8.525736986070628021e+00 1.535244797417523177e+00 7.979296438067297714e+00 8.438381116486526778e+00 5.547718474838186253e+00 5.139504465351234508e+00 4.958994008325577241e+00 8.314533956437140105e+00 8.303590086045026908e+00 2.496741747226861818e+00 6.385247590621084157e+00 5.317689368915302417e+00 9.875807202960713127e+00
6.609440957239383962e+00 3.893549888904728196e+00 7.427535850844276588e+00 1.613439268570526774e-01 5.719659700596859686e+00 5.769148755514946991e+00 8.465578479639640719e+00 8.642502896886975705e+00 2.743145387638514787e+00 1.989795770704875233e+00 3.689090595431006037e+00 6.930793006916062815e+00 1.556646535987421531e+00 5.364959347619383756e+00 2.901122456470034194e+00 5.228276545999939628e+00 5.258551565084571777e+00 2.534395518948460158e+00 1.488705353739447901e+00 3.775507766082403016e+00 9.810036128287036306e+00 5.138656251787959484e+00 7.035784410266401778e+00 9.242422468969955673e+00 4.875796993924747191e+00 6.181116848195387092e+00 7.821634170541143405e+00 8.455026958692142713e+00 8.167253820453952429e+00 5.310273915511606546e+00 3.671060817909280516e+00 7.733100751004606366e+00 9.567029403342422356e+00 6.680234009109227600e+00 5.099914311828046110e+00 3.789867025406699952e+00 1.330833260642730886e+00 5.981510210441917330e+00 2.040988355474518734e+00 6.953097820638509674e+00 6.455558602741921170e+00 9.645124397876525535e-01 6.761361880188555773e+00 8.258483301768627882e+00 5.278488724232651919e+00 4.187415321176633398e+00 4.790526524688257126e+00 5.626091525731375498e+00 7.538713351579422906e+00 4.612245608966579979e+00 1.191520561465431172e-01 3.302939996358951191e+00 8.526019126235722112e+00 5.170967245111101285e+00 9.921521027924984359e-01 1.061480942149714002e+00 6.766594699040492600e+00 3.796824240033538356e+00 7.556691164912257896e+00 4.529123530486821814e+00 8.948411607470294626e+00 4.640165806014503680e+00 8.920486390908212826e+00 9.123567034024029354e+00 4.561800094482816093e+00 2.597183934871022615e+00 4.336674961027382480e+00 7.025521054403538912e+00 5.555272187322252364e+00 2.088664868361954419e+00 7.527775453419836005e+00 1.450772244335204464e+00 1.611984221102761294e+00 9.895280830654769488e+00 3.678529639411440844e+00 9.675982262146259671e+00 5.899040501306070716e+00 4.670215748261902000e+00 8.751275171172364864e+00 1.698336570693509406e+00 9.445037820447244048e-01 5.064456986214263878e+00 6.609034959259869169e+00 3.672521586799232018e+00 3.405136527378189726e+00 2.545308244751894655e+00 2.618230159836307802e+00 2.502118198454756026e+00 6.011911154106489796e+00 7.599987886269852666e+00 9.682198172017168147e+00 2.103579443761163237e+00 9.480853658167472275e+00 3.538873018300181528e-01 8.030670529157324822e+00 5.454533773720133816e+00 8.889649082204721608e+00 6.188334824031730186e+00 2.505550961626555662e+00 7.881775873721097447e+00
2.495825614887175803e+00 7.830143056504679233e-01 3.239690591546482423e+00 1.658584746709124147e+00 7.219983460885913473e+00 8.969578462189032209e+00 2.319605616909247381e+00 4.285099734431346619e+00 3.539087438068508895e+00 7.755595469129064945e+00 2.479687476907077581e-01 8.509687793415199764e+00 9.394038730685416283e+00 4.328120480604758846e+00 1.896700901397949668e+00 9.793410664073919136e+00 7.988656388237444617e+00 6.201975239983388732e+00 3.884929811769297636e+00 6.981035216808312072e+00 4.023184271401003542e+00 2.803282771970128096e-01 3.843109917346498872e+00 5.284496455024560113e+00 7.728590299794950269e+00 9.035534379880600042e+00 7.027797332095753191e+00 8.769915376274621366e+00 3.201556954260871279e+00 4.520293165808065616e+00 9.461021144003527894e+00 5.643786724257138232e-01 3.902095702228863594e+00 9.922881771996236111e+00 6.219070766335464739e+00 7.064358070253513588e+00 1.925859010656378878e+00 1.376993865001614470e+00 8.963914316131676330e+00 9.565596033726498248e+00 8.298232671558062989e+00 3.203660062661097818e+00 5.564590106689756510e+00 1.311289176609754525e+00 5.202852633499532864e-01 7.804603257864081378e+00 6.622100868919408967e+00 5.637731749810726889e+00 8.152146105976440182e+00 8.233108594888861376e+00 1.218821002332470815e+00 9.274643248345672220e+00 5.318877298026549738e+00 8.318239894237130727e+00 8.930578231692324565e+00 2.585318755808907465e+00 4.364154969384270721e-01 5.753330530941547227e-01 7.432622207031536199e-01 1.454883241191755605e+00 2.451541774982230137e+00 3.839969961059974679e+00 5.503886481657755958e+00 8.610344469474263462e+00 1.242353764371840752e+00 1.013906137289288800e+00 4.321798892226232702e+00 5.339800289422214519e+00 7.562614626600845824e+00 6.905009642039905415e-01 6.317411318397412323e+00 5.925965966705687649e+00 1.336529524753219400e+00 6.262119051426054739e+00 8.496900374865948180e+00 1.543370334715010728e-01 9.088191563019465846e+00 3.217288915486955503e+00 2.780566456439773404e+00 3.125973248093544044e+00 9.208678962444738048e+00 5.860864176280144999e-01 8.831721659319290652e+00 8.229867014399289360e+00 5.297456356809894018e+00 9.981788852267435175e+00 5.322098392314273063e+00 5.845849281075016890e+00 9.192687733460640942e+00 3.482216993762132784e+00 2.038369497813113718e+00 6.820236881974351739e+00 2.598776601230682104e+00 9.641212412168084001e+00 3.568949714667698281e+00 2.676445911121028143e+00 3.176516132956688221e+00 3.989903220253392391e+00 9.064045119244634741e-01 6.090072721142261614e+00
5.063738347332824574e-01 1.720122285844205567e-01 6.124758602215747416e+00 6.962579207039568452e+00 6.917788736993971455e+00 3.175804237719208611e+00 6.496190459157076269e+00 3.843255427492157317e+00 3.348639819755727665e-01 8.322875516367549409e+00 2.882729549127494906e+00 2.019318866461500050e+00 8.935140735376766230e+00 8.701854806979321566e+00 5.604004872899132295e+00 6.248893251543941041e-01 9.175446491564422047e+00 3.038137815076113135e+00 3.913017078624715595e+00 7.339119069970712061e-01 8.689923314886296879e+00 3.377206789338983661e+00 6.471694304778707885e-01 4.040544226638434822e+00 9.541576327072054386e-01 6.394914168475982486e+00 1.215291704167117404e+00 2.927469041974805286e+00 1.565885342782762368e+00 3.095751336620359062e+00 1.553025443866272726e+00 6.041120874137817509e-01 3.056803453545962057e+00 4.802150623521677986e+00 7.477475227094099175e+00 8.162716086894022283e+00 6.516646745452177925e+00 6.305600815511303026e-01 3.033838568023905502e-01 1.077548005799169317e+00 8.374171552392903450e+00 7.853923565656603323e+00 2.216877314904663887e+00 1.113828914708383522e+00 1.716653293676703163e+00 2.040420925984178790e+00 7.234557583872978981e+00 4.811208786150588779e+00 3.020168980266496384e+00 1.095654798409336772e+00 8.539810869964643558e+00 3.806871353056076934e+00 3.230294860107736366e+00 1.980344106408846727e+00 7.951187148379039726e+00 9.837166839197420742e+00 2.346808312697340249e+00 6.722156589359677525e+00 2.658000825703732417e-01 5.053191743748268294e+00 7.953818986605465824e+00 7.533016124566383809e+00 2.804403131607282607e+00 1.363618370755868003e+00 7.315729072213099649e+00 2.620488974079084876e+00 5.457558823008441529e+00 8.296848650440599826e+00 5.263631571268260423e+00 9.611010763889803243e+00 7.262868833561476833e+00 4.498008124470000979e+00 8.027434533089092383e+00 1.689775034936406017e+00 4.427828834682250303e+00 7.701512081506288965e+00 9.881460935447959670e+00 9.818646425432222102e+00 5.201157039183507358e+00 4.866474664409085271e+00 6.774306810794536560e+00 9.634420272621424530e-01 2.676842181818098965e+00 6.973232489003144963e+00 2.011630603325564870e-01 9.426836794379553908e+00 9.144609889510913803e+00 4.874748674901100642e+00 3.507512035842053955e+00 2.986748685929956348e+00 3.093686183149808588e+00 5.380911004486578442e+00 6.465799933930421517e+00 2.804607683368613991e+00 8.239513796115668143e+00 5.078523731253059559e-01 9.216181725224238619e+00 6.580442481533990140e+00 2.458015872838454907e+00 6.306308339155389575e+00
6.354100281680674644e-01 6.217730821781585426e+00 5.223302167418608644e-01 5.383843836374283320e+00 8.122499005290244156e+00 7.831539025717649594e+00 4.974498205800648165e-02 3.684205456023651237e+00 2.721281347906092662e+00 6.271924090705697452e+00 1.048251264072042055e-01 4.967602990654684803e+00 4.700863398698040818e-01 3.802818526969581114e+00 8.067707458949801236e+00 4.927870418521060891e+00 6.828187857437151287e+00 5.240883672778671176e+00 8.119899600748039958e+00 4.704231068313121433e+00 4.379844834149188237e+00 8.404350936052365384e+00 4.253815024865902572e+00 6.005552314896112520e+00 9.875133444411620331e+00 2.942212776958156084e+00 8.835216157351780453e+00 4.743382567874718347e+00 2.733686911106889550e+00 3.452208131066209162e+00 3.516620980444586930e+00 7.450268623577223082e+00 8.529280712081835247e+00 8.675045741342846117e-01 9.597185959726628468e+00 9.663391923625589186e+00 8.389549917418326341e-01 6.734620292553342935e+00 4.485448770613376102e-01 9.938845771601007684e+00 3.212241004145109713e+00 7.274774075057046652e+00 6.927222709141379831e+00 6.093798319077246006e+00 4.810279687301237672e+00 3.703307803382981156e+00 7.429181964628882362e+00 1.259257068747733355e+00 8.869444569369465015e+00 9.990431967930637924e+00 2.080499437330153079e+00 4.030393703556301332e+00 5.456620903582892979e+00 5.420288765394603914e+00 8.958766425568388314e+00 2.130479357957338671e+00 7.242251459113543177e+00 6.771470639647239942e+00 4.298282215225800229e+00 4.798235125478464091e+00 9.414948719097024465e+00 1.220744049412655352e+00 9.309794615226612891e+00 8.825496971424740877e+00 2.383317393400185225e+00 4.305167676883753458e+00 5.596871127061882056e+00 5.520760436696393825e+00 9.646420055938179416e+00 5.244523440182153884e+00 9.033445684254244767e+00 6.546559246959330558e+00 3.653397914959073400e+00 8.856424819481512500e+00 1.601886886354829675e+00 8.179256718004461746e+00 3.437897494064245052e+00 6.492059159167562488e-01 4.049108236517527715e+00 7.071596528789212854e+00 1.429161831480804112e+00 1.551252769690084632e+00 6.044385574375005454e+00 9.049808322865626309e+00 5.830827950741831245e+00 4.812509529341623349e+00 7.711688136634932356e+00 5.564980553064061475e+00 2.239039388749646253e+00 1.666817141425892546e+00 9.178243256151066731e+00 9.221426236982434688e+00 9.204471874948009003e+00 1.453913745900173859e+00 7.532251334836690404e+00 8.600332526710891656e+00 9.874689833035626307e+00 1.342088523668441002e+00 4.203012901721431049e+00 9.132250557532056945e+00
8.763251608069344556e+00 7.145512997731451321e-01 1.722384020896764456e+00 1.261498966641584341e+00 6.206461898421061107e+00 4.804325427511049185e+00 7.437089931348306315e+00 7.503567474010841565e-01 1.311485124137653502e+00 4.649030562150064050e+00 5.405592391743921254e+00 3.009402444024444900e-01 7.795060459574518319e+00 4.662187607101570208e+00 5.200226127590151570e+00 6.272013292342156987e+00 7.715865844336277313e+00 3.674635662617387943e+00 8.714047058396964474e+00 4.011481346633756218e+00 8.425821682595913131e+00 5.707167104359044174e+00 9.194862117793213940e+00 8.440463765879282931e+00 1.715075326887703921e+00 7.432413798460143717e+00 2.816815642446504064e+00 4.783919749122268250e+00 1.778676766045667046e+00 8.598348659264541283e+00 9.224020593065151985e-02 5.320148083224326641e+00 4.791170997456700498e+00 2.161610060627250363e+00 3.182535574690286140e+00 9.742616515489162410e+00 2.002237290183248586e+00 2.315549412982930377e+00 5.696899721197356214e+00 9.242535292716066664e+00 6.818685495022135612e+00 6.503623247353752745e+00 1.979994757002278005e+00 6.912692967351803830e+00 6.862847515505375640e+00 8.395045389380491940e+00 9.312143872374040399e+00 5.255432803337375169e+00 3.368379544690639271e+00 8.288555489720700109e+00 1.052568763951174935e+00 9.755623307962938640e+00 2.097423321393296014e+00 9.128700223048584306e+00 1.978470315321962936e+00 3.163938951460111504e+00 2.769690414658532163e+00 6.805228078568122285e+00 7.003948065580160254e+00 8.491739553627796866e+00 9.539826160547329792e+00 2.808410464067207180e+00 5.295993178750602048e-01 9.037615674013419920e+00 9.731796663655980950e+00 2.984236033965392831e-01 1.214914781366356333e+00 5.660946086574906388e+00 4.360067205268095769e+00 9.132607582759016296e+00 9.785232916665430380e+00 2.457263108061090939e+00 9.383474144366799052e-02 2.655496113943847103e+00 2.221188918692015513e+00 3.360741930840140057e+00 4.085012862620242657e+00 4.308149812920962773e+00 2.527204823142181755e+00 7.213229855225057108e+00 2.105609128151742837e+00 1.053419381599277616e+00 9.489596000709459744e+00 2.863694852173032324e+00 5.295693137256562988e-01 4.477809541580476171e+00 4.461295165540636987e+00 2.721588734909585749e-01 2.631251573404340682e+00 8.677898924800636848e+00 8.302019482552426055e+00 7.032298496055426007e+00 2.503191107949734651e+00 3.662854205113151629e+00 9.684948588764468624e+00 2.054662438886818432e+00 7.894709839573299526e-02 8.814690702679170542e+00 7.980036031164049248e+00 3.494162754214126032e+00
4.935549667313663846e+00 8.603465790584031936e+00 3.999153128354084874e+00 3.256807104534834352e+00 7.894169714469112531e-01 3.439919955112531458e+00 2.782653806487636050e+00 8.147460391479501851e+00 6.313298919120090780e+00 5.056086122556644469e+00 2.776117502376458379e+00 6.300620757996151511e+00 2.262949747175595494e+00 2.690936337689150193e+00 1.683788170263986750e+00 9.259794250219261613e+00 2.627165175520876694e+00 7.822454246164427971e+00 4.116821703893474016e+00 7.984685009041837311e+00 2.854835402348332440e-01 4.207393061541763402e+00 1.084172501267794964e+00 8.552856934656814403e+00 1.295193982676767774e+00 7.315122465603131729e+00 7.982710616350011890e+00 7.235008379525575961e+00 2.821271166273048081e+00 8.060961316531717102e+00 6.262809421938175802e-01 4.183627500260765686e+00 7.902727941765197439e-01 7.737093142265877077e+00 8.254476070053096137e-01 1.138046449185554643e+00 2.668132137391726388e+00 8.174283148982322444e+00 9.305043573207846919e+00 3.819088962397811926e+00 5.842592175722092662e+00 5.296816752057980970e+00 2.601623818449814163e+00 5.893580570483671011e+00 2.181956533606628224e+00 9.876758728288081990e-01 3.889506621311031864e+00 2.685751945886547531e+00 7.626192913345381186e+00 9.828817136202422589e+00 8.738321587478725672e-01 5.273793450467994859e+00 1.505097452342120112e+00 1.952143946084868853e+00 7.043673401917215138e+00 8.143644253934828825e+00 3.191568665037740615e+00 6.773404412389406382e+00 2.310537182596990924e+00 9.157941917822169486e+00 8.502852170247447106e+00 1.890495405572922838e-01 4.436383954307090427e+00 6.828267383556907433e+00 3.327223348831678251e+00 1.266492182676153266e+00 2.161504098716892308e+00 9.162088564995976014e+00 6.502718242261512849e+00 4.969086224498444615e+00 8.444840099727798588e+00 1.977271609585600221e+00 1.363258085972613998e+00 9.298133936428708779e+00 9.476893681034962214e+00 7.952738231952102055e+00 9.750837941679641574e+00 1.710470797304427526e+00 5.769834740811830009e-02 6.457801804373824339e+00 6.273382460397720628e+00 5.635495968070156181e+00 4.580368349609069689e+00 9.593746095077393399e-01 3.008450408365315187e+00 2.458938616145800449e+00 9.602043839550514548e+00 4.566172325848802060e+00 3.421234314086964989e+00 1.229636737748113218e+00 8.953079691462861867e-01 4.507638833009377066e+00 9.256148849519618693e+00 2.261041845184722732e+00 7.676977212490453617e+00 8.972706536095326868e+00 7.252334569457437929e+00 4.487681606711975135e+00 4.673818568263118145e+00 3.049925396797007693e+00
5.236977921596432495e+00 4.480959980580921709e+00 6.605241425109591447e+00 9.122281542811988331e+00 7.628583401576298328e+00 2.845416810266661933e+00 1.280346867555816059e+00 8.308211161400237188e+00 8.470989047945343131e-01 4.501778268519855075e+00 6.248414845017491004e+00 7.592455538735535470e+00 4.636044113982707771e+00 6.491498211192280543e+00 8.356865786536410212e+00 5.157530839819946422e+00 9.698403276881462087e-01 6.176724243424946081e+00 2.690998401218033464e+00 4.463151671716326874e+00 3.001031099721470419e+00 5.154628677570630479e+00 5.979686335656174911e+00 3.451890141052054162e+00 3.566923913319462791e+00 8.868563559088404880e-01 2.829670873852685453e-01 3.239807910174307359e+00 8.429699135725002179e+00 6.924930149205316354e+00 9.630057022828605540e+00 3.148513160633503727e+00 1.656221849823201753e+00 6.506845449502819179e+00 1.790528754696943947e+00 8.494783527705179083e+00 4.344691861053159521e+00 4.307831000306626024e+00 3.477790211454268032e-01 6.933845319092844406e+00 5.024133261045584220e+00 9.012480607808356581e+00 7.303659728747842195e+00 4.587764542335694529e+00 6.034585898734860621e+00 7.341199037016693296e+00 2.214719724160864267e+00 3.685542925882413279e+00 3.308361846784749538e+00 3.831010600454952453e+00 2.303082628859644210e+00 5.921821493607931863e+00 1.744725875168221529e+00 1.723384157044483000e-01 5.675121763859908519e+00 6.024983798290994841e+00 7.655225457887317120e+00 4.492783107110642771e-01 4.126541175958855945e+00 7.970603911005991193e-01 4.047050567862435777e+00 6.073813358452930800e+00 8.776336024524917789e+00 8.993675421630886291e+00 2.533111263002153279e+00 7.690985980399376309e+00 9.315191643781284725e+00 7.786172529398172060e-02 5.895938418576236018e+00 3.748046418266492985e-01 2.497360169477248704e+00 9.562067504368229720e+00 6.074782315951207323e+00 4.540680051560316954e+00 8.131799573367782585e+00 1.081206895191840767e+00 4.701083235501174684e+00 7.570287457633330774e+00 3.748227627788354166e+00 9.856366839293128734e+00 1.541268020730846011e+00 4.983851530908770755e+00 3.947350074597011371e-02 6.134530795453724039e+00 9.973826357975046353e-01 7.761401183146277916e+00 7.672872776566748598e+00 1.959472538878197501e+00 9.744907277594750283e+00 6.663715426805576492e+00 1.530509177998879977e+00 1.245141311608368717e+00 4.180279435311903491e+00 2.977801604555221360e+00 1.182530403455172019e+00 2.297010613619105079e+00 1.147447473687875918e+00 6.749604199601842325e+00 8.646452511826582921e+00 7.591424102986965572e-01
4.770264841101510278e+00 6.812038734590343481e+00 2.630141676268914708e+00 8.544749469082397297e+00 6.774534198244797523e+00 8.545171182534883059e-01 5.209168418322981609e+00 2.803672992116625906e+00 9.105757293499115335e+00 2.038083824621728102e+00 3.167148170934057649e+00 5.382134139669277673e+00 2.194828528948309376e+00 6.519045308262196414e+00 9.649570220450478075e+00 1.490495978691123158e+00 5.310466974725436273e+00 5.205569047315038667e+00 9.354199643410014531e+00 1.501262022365446036e+00 9.185667161460511210e+00 6.850446182411332963e+00 7.747706658468461960e+00 8.116749959296715389e+00 1.038419570882767040e+00 8.133700329300433296e+00 5.866140362677940701e-01 7.267001607298869459e+00 2.098608699469617367e-01 9.593875861290346307e-02 2.725209393025082250e+00 8.992653312392613785e+00 3.767143379536465275e+00 4.031637199363908408e+00 4.611834943267613340e+00 4.778942781418252572e+00 2.315794810524465230e+00 5.231624067186976035e+00 4.107249389298042175e+00 6.469473486378701566e+00 8.689908705411609091e+00 2.587259133711122594e+00 4.625884027049760761e+00 4.505454760269799408e+00 2.756884082604187380e+00 9.901799985127984982e+00 2.326627300113802477e+00 7.927784860389280652e+00 6.725112119580193060e+00 9.281400723970760325e+00 9.855453424146173091e+00 5.561576237429688430e-01 4.139979474527688552e+00 5.186425308380293586e-01 9.921225520900259554e+00 5.557389725276696169e+00 4.102259668115687319e+00 1.548827932284714270e+00 6.561104310314437527e+00 8.815278502738806310e+00 5.424318606694534139e+00 1.685351520471727316e+00 3.873528430017818547e+00 2.169309328762842881e+00 7.450949122235953404e+00 6.698316546635313173e+00 6.812025111626357265e+00 3.791892164827182832e+00 9.437989253403411549e-01 4.629377474577667240e-01 9.038646665814962233e+00 2.810263111579085482e+00 8.397997465512649029e+00 3.072355809991980102e+00 4.294129885040570471e+00 7.717461316467265853e+00 9.285189666213485182e+00 3.326933098320167481e+00 7.948429407202796781e+00 3.088473177238802769e+00 1.172783814634453803e+00 5.001490450729439985e-01 9.385836289989603287e+00 8.429241202827617130e+00 7.982995341184554228e+00 6.051661639045207153e+00 9.905971240123850663e+00 7.847425066956431827e+00 2.832155333005847986e+00 7.592543357917336255e-01 3.309461690906495335e+00 8.326437671260029205e+00 4.546442239441985222e+00 4.635942833887888526e+00 7.910764409368642447e+00 6.224656657876794341e+00 3.736137460504132868e+00 6.935582414462287737e+00 7.110829826350684169e-01 4.717164959234438903e+00
6.552728411789374263e+00 4.267229817707096640e-01 9.683968691583476840e+00 4.540485916550942136e+00 2.817200607549408264e-01 6.111737932303124232e+00 4.114727001569651321e-01 2.791036814734048299e+00 7.447166065707840232e+00 8.467569950818054636e-01 8.925229162160489338e+00 6.154900699744779047e+00 6.440753384898171063e+00 9.418796874093592564e+00 7.360072352529147821e+00 7.394752682754162088e+00 4.352131793588279507e+00 8.665201433332130776e+00 6.775461227268516851e+00 1.091998442529747981e+00 6.708653266654258651e+00 1.281002257702713587e+00 5.397709771236252507e+00 2.272715309104078596e+00 7.653240780849142944e+00 3.487567491311516221e-02 1.861609204754866020e-02 6.948290931654252489e+00 8.327706950013094911e+00 7.305683827843853173e+00 9.852564078828832450e+00 4.358401455901023347e+00 6.445799298649648179e+00 9.100615358346534123e+00 2.309243688738960021e-01 7.591306712530155210e+00 4.850741723263221949e+00 8.061119418242201462e+00 7.639867357823899141e+00 1.680339536028807590e+00 6.485988516548685467e+00 8.245516442268344903e+00 4.701225013847746048e+00 6.343548973148239511e+00 9.988590393228514941e+00 9.507069278919678013e+00 9.056985673499339029e+00 6.805455746337530698e+00 5.250772447193060799e+00 3.567197630608593073e+00 9.953862812487457301e-01 4.417304441635142354e+00 6.163240156771536249e+00 5.196721732170443531e+00 6.282545588232103739e+00 3.583348243980691628e+00 2.762579595820564560e+00 4.408109013591047898e+00 8.348833211207900007e+00 1.924932348284276173e+00 6.011981048982003806e+00 3.105386564135401706e+00 2.184473357157772355e+00 5.016648423042161298e+00 8.220518476340513914e+00 2.653255105199505692e+00 3.356578967892220877e+00 9.018968437616310396e+00 7.643423339848985698e+00 5.637520981247638119e+00 3.695701409325416797e+00 5.782420985562028548e+00 5.548414549824743247e+00 4.173597615166785957e+00 2.602259578403888440e+00 4.216238866486321513e-01 7.913716556209623221e+00 7.270313519640972721e+00 1.474914211230772265e+00 1.534754430572523587e+00 2.177148113445475985e+00 4.669065841098078984e+00 6.609757943504859234e+00 6.631943494942142081e+00 5.277527746463896108e+00 4.442911205549653353e+00 6.420067145489534610e+00 5.054472087931386248e+00 7.624493694036474700e+00 3.273812329851117919e+00 8.078189776791241172e+00 6.273450028446702298e+00 6.473076440370850726e-01 7.079042948898007559e+00 8.718978211017898161e+00 4.386495763920419400e+00 5.281208810524969266e+00 2.987540861216898769e+00 5.815630498354180666e+00 8.292031392339884732e+00
3.655899656984144208e+00 4.919737934885992203e+00 3.094176829733648937e+00 7.795600387454303615e+00 1.504531082032274369e+00 9.851416674235682791e+00 7.030806621766871878e-01 4.328349566783829871e+00 5.023148249605458915e+00 3.239636127733203086e-01 1.071924340773440232e+00 1.879733877977092238e+00 3.212128701685764476e+00 3.655682192097743588e+00 6.274447518877162011e+00 8.324920440080484596e+00 4.512320714407092481e+00 2.588740295987622453e+00 8.727306426593962385e+00 6.264313358075301874e-01 5.135994713661151678e+00 5.035494455501302369e+00 1.450446977177544117e+00 8.804298122968285512e+00 9.010998243832202270e-01 8.021075576681720776e+00 4.235766730317447326e-01 1.401482650802756691e+00 4.913620811699495050e+00 9.165738594808303219e+00 3.591314268214800265e+00 1.164003002080318261e+00 6.665259454342176149e+00 1.512236510059485894e+00 5.981506452692581632e+00 9.419191867402535223e+00 4.067666834567995604e-01 9.196467689805039925e+00 1.432750723634390599e-01 5.937339281619173903e+00 4.115853806138101589e+00 3.926117848409384159e+00 7.276344372434421004e+00 4.513656719181403432e+00 3.886331651918362162e-01 3.458126990892028907e+00 1.688020450219637203e+00 6.063007901982592429e+00 5.955819438808566346e+00 8.961110443490806432e+00 1.586726784708470950e+00 9.872872615709828992e+00 9.544542173137360308e+00 9.164819174944827118e-01 3.167633485347964850e-01 1.857345795728699844e+00 5.935825691842048002e+00 3.564512048154045765e+00 3.921656842421781253e+00 4.294183526646340177e+00 2.174256552721370639e+00 9.088144755212878678e+00 9.544853523921831950e+00 7.911960886829106698e+00 6.725810905574341803e+00 1.432054103707207648e+00 7.262612818285523630e+00 7.193465944615484275e+00 5.659033051105728518e+00 6.201619365259016803e+00 2.279871899528533863e+00 8.345616548379240385e+00 1.040045855400049124e+00 7.084943386707809321e-01 3.024836586057779719e+00 7.817702327146318630e+00 4.030263664578539462e+00 6.373096539228477297e+00 2.723442502057955572e+00 2.585551155082867147e+00 8.492723511521749202e-04 5.499900792960606744e+00 8.714497988275102358e+00 8.384793717337599261e+00 2.239715622604782297e+00 7.416452343540013814e+00 2.644895153291711765e+00 8.517662754777914458e+00 1.354421252612656446e+00 8.877768637327223544e+00 5.613443126112453996e+00 6.084695357600624632e+00 6.238247639416782953e-01 4.632769239048872834e-02 3.298245142060618473e+00 9.126940441966102213e+00 4.919419178444297103e+00 7.131536530885064451e+00 5.378089671478698541e+00 8.449577069177275135e+00
4.928028923245402204e+00 1.363686140255634394e+00 2.209749738717902368e+00 6.231917410849097116e+00 6.784111966572367258e+00 6.767244341412333775e+00 2.913928168946322561e-01 8.298870704939520948e+00 7.013116604948380406e+00 3.693958131732624217e+00 4.513312020509657074e+00 4.423258551647370140e+00 3.406884411921762279e-01 6.579321706109729995e+00 1.600750574440955587e+00 6.476617985220531892e+00 1.602707001600172099e+00 3.672745783307174161e-01 4.400866473529653433e+00 4.681390955674360477e+00 1.425162895578722111e+00 9.890718425927474300e+00 6.503582045511575593e+00 6.948340675293875002e+00 2.454837161499965337e+00 9.522390983189424674e+00 6.369479193782340509e+00 5.189723516398867531e+00 9.788680679933710493e+00 7.611463605577805325e+00 5.479330238244815021e+00 7.468735516976911626e+00 1.193267360989717085e+00 4.752494098068529738e+00 9.199469403527015032e+00 2.672830586323826640e-01 4.496739660710817432e+00 1.728904577098094864e+00 9.008121416417054661e+00 9.458158753957590648e+00 7.512595449864497787e+00 6.355460727631257356e+00 9.478452699180657248e+00 2.447310196346990985e+00 7.086159940867881701e+00 7.567165495640162831e+00 5.855940580152358521e+00 7.181916127128927130e+00 6.822015144143785292e+00 2.571604550962623748e+00 2.356760716403296652e+00 2.670802918359771461e-01 5.626595177613920917e+00 4.899702764566539415e+00 3.784399708927547401e+00 1.165665971825008418e+00 9.005825060120923098e+00 5.796368847968322413e+00 9.032791345891178381e+00 3.152425222495595314e+00 3.275960125898891295e-01 9.887359306285814498e+00 3.739725440687899916e+00 7.012720588086038376e+00 5.312674570340014668e-02 4.262666181849081859e+00 8.400598524017421909e-02 8.958293983240446678e+00 6.032179735620674776e+00 2.507725544209213897e+00 7.574124529538705630e+00 8.776266198263515506e+00 3.120083731262085713e+00 9.588540469838291447e-01 9.933187158955403717e+00 6.403863419190144235e+00 1.939040296858940415e-01 4.637458868196619122e+00 5.781187028413600437e+00 1.156391665526035339e-01 3.559833672031902374e+00 6.423266389127321396e+00 8.242943258990740318e+00 5.734552346369918396e+00 8.383228952546160073e+00 7.383661018784094310e+00 2.533607544043440463e+00 4.502254135420386660e+00 4.561516521148862857e+00 7.190375543573929384e+00 5.807940625371086796e+00 9.358809997433922945e+00 5.553694554215486967e+00 5.445354436856096214e+00 5.323152179084253532e+00 6.058465641622476916e+00 8.659599028163546208e+00 6.577834651648243991e+00 9.915360774000683719e+00 3.395936530153218502e+00
5.887184505667217849e+00 3.536638161762041044e+00 3.994563600375454548e+00 9.233515873747885294e+00 4.584785535655666600e-02 9.656911091794043500e+00 7.692101851777324306e+00 2.212767553774769524e+00 7.561936377648821761e+00 5.217909107333992047e+00 7.818213194065374516e+00 4.253039605555560598e+00 3.552060531996552584e+00 6.221773708116553614e+00 3.644054320770378830e+00 5.085029837464328573e+00 6.220069180768851069e+00 9.891952603211645823e+00 4.630051559518947535e+00 3.876819095368644330e-01 8.781478277829187107e+00 9.081734818910454976e+00 7.081281675428063860e-01 2.517039105479943473e+00 1.431688899231009504e-01 2.941261919665599578e+00 3.061099935475020128e+00 4.690499452206493558e+00 7.308118667355145703e+00 5.225306875702651510e+00 3.940060409528292951e+00 3.167682750637689004e+00 8.365987341496815333e+00 9.535122631723693232e+00 2.380443448820778407e+00 5.787451099513070574e+00 9.603895911531317608e+00 9.223814362804889200e+00 7.584615622923113420e+00 1.069648336030867286e+00 9.798424110742109949e-01 6.216994706786728386e+00 4.511383841878982892e+00 6.698436878282041818e+00 6.744883965807301429e+00 9.598747873770765437e+00 4.739940359410741877e+00 7.784347601691678165e+00 9.041798850596050485e+00 5.389612467732264101e+00 7.021294749016160353e-01 2.292095100857471923e+00 7.453786285825091618e+00 1.135220201996411937e-02 7.615061411246260015e+00 9.067103047636615454e-01 8.197858227312050161e+00 5.428550613882357823e+00 2.553173389684808559e+00 8.693087579877794013e+00 2.320400316758192361e+00 2.731589938282696917e+00 6.206853960120824354e+00 2.194456772450577908e+00 9.892942133884123024e+00 3.360967935406979912e+00 8.627958002406728610e+00 9.603567138892575628e+00 3.051425341538461566e+00 7.183739855636380511e+00 5.700156308563919527e-01 3.960062261184376098e+00 9.374477846613837428e+00 7.594851121148769479e+00 6.955457196062077685e+00 6.448775179327512319e+00 1.361600204246526946e-01 8.121670279654223279e+00 6.235012821173069320e+00 5.714697846641869639e-01 5.473197799102345940e+00 6.870396581013837434e+00 9.934226982347531987e+00 7.241903944646592706e+00 3.943219515797304897e+00 6.065068958031930357e+00 1.925602489125105565e+00 6.740919057696275196e+00 2.549698069844563708e-01 2.515935141552923859e+00 1.960030687935576665e-01 8.723580926390383183e+00 1.699879605698706442e+00 5.017130483147436593e+00 1.713846046141898061e-01 6.830729731814263239e+00 3.893219372124195665e+00 9.733822313215952704e+00 7.101725029394867050e+00 4.750070299478364788e+00
6.278329402158497885e+00 8.722723321055761758e+00 9.494120443362035644e+00 2.881958218327117294e+00 1.810972520360513149e+00 7.224328395590847052e+00 7.498405767397497979e-01 4.848298531014841650e+00 4.306208567598710957e+00 6.183957018421908813e+00 1.691033725474306859e+00 3.095427205684205596e+00 9.739054694825778569e+00 2.427762056884843478e+00 1.580351021250343546e+00 4.811718207325464292e+00 9.682191805434747778e+00 8.350104955102854998e-01 2.840219995123887120e+00 3.591179180080041000e+00 8.425825776490910357e+00 2.674973572148612533e+00 9.619083918380876952e+00 7.960755525631731722e+00 1.068742317430403377e+00 1.039428638976946928e+00 8.075411358563847841e+00 5.421036753883685222e+00 4.153511723257118149e+00 7.547730313319611639e+00 1.996304280371372641e+00 1.406071965498819631e+00 7.792049677695628063e+00 6.025450596843130668e+00 3.963765447817135801e+00 2.427976892024474864e-01 2.882205133232455196e+00 3.965200087455913458e+00 9.623775888404544787e+00 2.535450116829167655e+00 6.360446728493467816e+00 5.021542937808044726e+00 4.157562110515548248e+00 2.822288836331926731e+00 6.118515287234736810e+00 6.504465980914851286e+00 5.939414520701356892e+00 3.983946348121336634e+00 9.128930249675482500e+00 5.170506705172861928e+00 5.499731867404855645e-01 7.510238811333350917e+00 9.821352369569341434e+00 8.087029912436818790e+00 9.161776479448601407e+00 4.961543528894182487e+00 4.150278551872324861e+00 8.967183337863669834e+00 6.219104023223885669e+00 6.840778188135210325e-01 7.777452046581712075e-01 9.171599868640971209e+00 7.966633232557596145e+00 4.662148879187427930e+00 4.216556120044764100e+00 2.884285741347791809e-01 7.010522808618876667e+00 8.203061052588475732e+00 8.995800449072158145e+00 7.714193500369990630e+00 3.865511593038464255e+00 2.140782191560501868e+00 4.241588880880703627e+00 1.054833961599999093e-01 3.589642579857924787e+00 8.592037554540741695e+00 8.702233599022564547e+00 8.154588912929343181e+00 7.452453143728848595e+00 5.979675504388707097e+00 2.527227574910142494e+00 8.303929600402499389e+00 6.181085876974655946e+00 6.051705386122407049e+00 1.595306189724615686e+00 6.600527932049851110e+00 8.728205387796720061e+00 5.981697533230152075e+00 2.111282054145791065e-03 7.024134609354372394e+00 9.492930048400259224e+00 2.447208816404194742e+00 1.093451273147260094e+00 1.574084836690122780e+00 6.880291312798551218e+00 3.208005812473894380e+00 5.811609737748853810e+00 7.775680025231308079e+00 6.924215565970404995e+00 5.199226290518221827e-01
2.023937556400490223e+00 8.085967602618715944e+00 6.900052640681916039e+00 3.446526916171588351e+00 8.395111072055527757e+00 2.688270524292008190e+00 1.411908118949467550e-01 1.997019398348753860e+00 6.033607990775702312e+00 6.602324477191268137e-01 7.121532426375121183e-01 9.245919863349875811e+00 4.719731424979447532e+00 4.048594608212763291e-01 4.541236214553161510e+00 6.340609549152400604e+00 8.838010286837453933e+00 6.243327629098454068e+00 1.478000663552633265e+00 5.376049273297567321e-01 8.684570697385607829e+00 2.183496350601954461e-01 2.382260918695698670e+00 7.883765721821694328e+00 8.558450697692251197e+00 2.642725161638386222e+00 1.090920964621255873e-01 4.182946816881423224e+00 1.827542779336988055e+00 2.854259302220985006e+00 7.897046931305091277e+00 6.050085788175191048e+00 9.395630459017800362e+00 2.436118272488344338e+00 6.878012782733037511e+00 6.152221961890074198e+00 1.093135925440613665e-01 2.115677389231587213e+00 4.128645187860907839e+00 6.135193318875570512e+00 4.811016683447192577e+00 3.554724224747329853e-01 5.533866580058295348e+00 3.215407651136340306e+00 8.512265610917282288e+00 3.646707980591385123e+00 8.453326756585765267e+00 1.811211817974525129e+00 5.374954681112489752e+00 7.627474126315709313e+00 8.820805495853980105e+00 4.754724074800444455e+00 1.714954708343982004e+00 5.936187303346385225e-01 5.872854663325291824e+00 5.391683067820324027e+00 3.585519753835796131e+00 1.791088545397641063e+00 6.643108149364489456e+00 7.577116165582067353e+00 5.164762427588737381e+00 3.873381652461482805e-01 6.836005934198741585e+00 8.723051573220808041e-01 4.175221801960434576e+00 4.088210195276241521e+00 2.739863169576643109e+00 2.962310893599213735e+00 1.142054008272794796e+00 1.166113551975067608e+00 6.499569883025251293e+00 3.775462914587849106e+00 7.420521830565085963e+00 4.990624117314364838e+00 5.511160066086331355e+00 7.549347086236730675e+00 3.935712008575205090e+00 3.066102737454948546e+00 2.901154619624580988e+00 3.417728871932277368e+00 2.712702596774534403e+00 2.234050654382426782e+00 2.668233000293861679e+00 4.550502335897810724e+00 6.201606886374929850e+00 6.447333384917550703e+00 3.952188174897885098e+00 4.296282033034348746e-01 4.068446776628578121e+00 1.521012820387823705e-01 8.503535766186779199e+00 3.487367424581807818e+00 4.968697174680406725e+00 7.183688572480958712e+00 7.655114874641377742e-01 9.989811039492993316e+00 2.198543449589940302e-01 8.639878030875500770e+00 5.664691320659668072e+00 3.615440549249774094e+00
3.796294393492710917e+00 2.087215327909811791e+00 7.373322050685536588e+00 7.509247970991408394e+00 4.859948692894993094e+00 9.161004518220213555e+00 8.192768727589719191e+00 5.246153588092172804e+00 5.368021882279959911e+00 6.706504902987306949e+00 6.710927005036838366e+00 4.126351363464912048e+00 7.567237203482570784e+00 3.606459907178523050e+00 5.900583085542248085e+00 3.177393869000966209e-01 5.073107972394279130e+00 5.034730341496430839e+00 5.899810187866362909e+00 8.503250742591889733e+00 4.763326864121180115e+00 8.586474989411922110e+00 2.084183008960218686e+00 4.616811405792793366e+00 2.467326260928323300e+00 9.069168366767442535e+00 4.284498538169340343e+00 3.628130567327632061e+00 2.557814210020308288e+00 6.919529373471863920e+00 6.386377253833401824e+00 7.363694066904302726e-01 9.605982152067095825e+00 2.165250131123452881e+00 2.895501043356253135e+00 7.727738549556439906e-02 5.368465831293234292e-01 2.996782513467795894e+00 8.477600407356133516e+00 4.151474300614843571e-01 6.201879243901172956e+00 4.150788437113445362e+00 4.608710119949749995e+00 7.131058424606241175e+00 9.181586210076508436e+00 2.239329044748681330e+00 7.439545662655076441e+00 3.867043458773491427e+00 2.093096737828274101e+00 5.621477228343943366e+00 9.920160896289742070e+00 8.523360411073504395e+00 4.568871922766726712e+00 3.111268661617421216e+00 2.936048316000028358e-02 9.766743300166528030e+00 3.051466704904715055e-01 4.097462613129017051e+00 2.300763979926908398e+00 2.798575163003914845e+00 2.141699217441483949e-01 8.803213928360367646e+00 1.165679635342629084e+00 1.543113985639997798e+00 7.468798102262530492e+00 5.219736110705496479e+00 5.243869915726014241e+00 6.825491528295223986e+00 5.097435066510943358e+00 6.289361400397340596e+00 5.141948229387356406e+00 8.004426756828573630e+00 8.054549544877708911e+00 9.815228204249743627e+00 7.923359881877813038e+00 4.109840120027904220e+00 9.201034905214335424e+00 8.842693605903969356e+00 5.832328257370255287e+00 1.424890475749076568e+00 3.950368451676702364e+00 6.947883641430037116e+00 5.923013527273671919e+00 5.991381375317006430e-01 8.733113740657200808e+00 2.186415775776619164e+00 4.257148789244196152e+00 8.911215270105769193e+00 2.223358851021994820e-01 2.128930221224167862e+00 2.707083182997713777e+00 4.124166531549717796e+00 8.906797981091946426e+00 9.181619355821014850e+00 4.726566213746206557e+00 3.056269122353008960e+00 6.471900929667864233e+00 3.647617887160107486e+00 6.357796435106926047e+00 8.059474026640634392e+00
3.263759821192518729e+00 3.932182087715812013e+00 4.301869096625805966e+00 2.837933281179871869e-01 6.636694534019214942e+00 4.953719653104219134e+00 2.776125313292046926e+00 8.319835757228515760e+00 6.256056187119712675e+00 3.240823777929212390e+00 4.408905960821327241e+00 4.759538572786757626e+00 1.929102244540987776e+00 5.956760038620871001e+00 8.761267323921227757e+00 6.973981755942268101e+00 2.979490966192910317e-01 8.190595148186622154e+00 1.029987992487002568e-01 1.872936898445609621e+00 7.354411678912705419e+00 6.648021469971590491e+00 1.884663801417866269e+00 8.530297258550367800e-02 3.077040062933569242e+00 2.394161910793257686e-01 6.513394045859016934e+00 6.635269145564469895e+00 7.914607175284041674e+00 4.896683160969893756e+00 7.733663193080122511e+00 1.718749503666853196e+00 9.763093133010219304e+00 1.429202830569804572e+00 3.499552209538211223e+00 7.358178175298750290e+00 1.374261139883519167e+00 9.300700380287148406e+00 2.210873292711827975e+00 9.366366523450096793e+00 2.820962077199686835e+00 9.950422701740244236e+00 7.984484931731717694e+00 4.448919072631696281e+00 5.588788958259542028e+00 9.080921390664977721e+00 1.500284324558776028e+00 6.954175447452673353e+00 6.477454841544213693e+00 5.070258757634917401e+00 1.497039746893502610e-01 7.553378955739050937e+00 7.146623706485646821e+00 2.668104193325653295e+00 4.489219856869147485e+00 6.440552833644755282e+00 8.443371574407791513e+00 3.746941150442328894e+00 8.134900301889370411e+00 8.643189302358067483e-01 4.587970535617516887e+00 2.660293194156256646e+00 5.560547322209256293e+00 9.165870814149455370e+00 8.452784485381966917e+00 6.532796057859072469e+00 9.944921405298901007e-02 2.151769235588894880e+00 4.591424175605345326e+00 1.392004612889502502e+00 6.192243388503189117e+00 7.375290058122685011e+00 7.282452902087158897e+00 2.972903140432060276e+00 8.531600933885503224e+00 9.046380815257199615e+00 5.724636977533432258e+00 8.604306458464861862e+00 8.142190000260229876e-01 7.492538771080305082e+00 6.655624578405083813e-01 6.116048880982038582e+00 4.895288356948956476e+00 5.447071887395248169e+00 6.798841640689829546e+00 7.424251738223314412e+00 3.875109152816451630e+00 2.530319988288582067e+00 6.219079473595106933e+00 5.123361705975887581e+00 5.522434791021825440e+00 8.261270792072966884e+00 9.244228913186319119e+00 6.713869007758344942e+00 1.048641611677691987e+00 5.525914766927705557e+00 8.159170317937991523e-01 2.946783189096580102e-02 1.590740295443164865e+00 9.504707679519320607e+00
9.260444947984545649e+00 9.985273500508604627e+00 9.980015011583386553e+00 1.475377860275517428e-01 1.057382276255514064e-02 1.231702516291387495e+00 6.154347349044529736e+00 6.668404058303129212e+00 2.378237947041742295e+00 7.653357156954480267e+00 4.709224858475736575e+00 5.486798060486350437e+00 7.811381033993825440e+00 7.678016752428437286e+00 7.338373705005630576e+00 4.509349634941567153e+00 4.988812484211969434e+00 7.729990650820458775e+00 1.372767751883743337e+00 8.757326164110750710e+00 8.477111185611157396e+00 2.265873686742392312e+00 8.896638490779151809e-02 5.958963766670544171e-01 4.720902440983754111e+00 9.308033462897979504e+00 8.367548240758813094e+00 1.784135276071574516e-02 7.756543571278317728e+00 2.576115807745011033e+00 7.737666402551489853e+00 7.365776036271740601e+00 3.042883881854385741e+00 9.782966886997110478e+00 7.193518439776381612e+00 1.568910141288006876e+00 4.653839714919483228e+00 1.999080260690082600e+00 9.212891981621032400e+00 1.294204781363104129e+00 9.693057845041130882e-01 9.844306183341869243e+00 4.666839997688720931e-01 8.287540636427884522e+00 3.736742494793390268e+00 1.099762541485804768e-01 4.071070115266884670e+00 7.314655911102205366e+00 4.092294942055545448e+00 5.981081808831417490e+00 3.226988355855493484e+00 3.146111338083561471e+00 8.837544294895172570e+00 5.057155280836632016e+00 3.932848753474770476e+00 5.431557404521500487e+00 6.108513256056369300e-01 8.660427988545041700e+00 2.146975014914815905e+00 7.622054649562761242e+00 7.636526540039243471e+00 5.819341707284031440e-01 6.920921978955071552e+00 5.211186053459676337e+00 6.351251103504166551e+00 1.422439136064305165e+00 6.571794159257660972e+00 9.861269357211442710e+00 6.133978257458052141e+00 6.473505812918624258e+00 7.732856358222559123e+00 6.125577708500068219e+00 9.926269267733575319e+00 5.405552233340989332e+00 1.222616041396683562e+00 2.965597848702505868e+00 2.116580879968139595e+00 1.995044098601077565e+00 2.687885446914206611e+00 8.713814668033135646e+00 1.331036627261479310e+00 7.152597612972364516e+00 4.398692644803561258e+00 6.718455979823874991e+00 5.787831197038578068e+00 4.656136889565406278e+00 9.383041427084583219e+00 1.750299016729435220e+00 9.251413700030582277e+00 6.589804145612722763e+00 6.656960868180979318e+00 9.049582211712026591e+00 6.959406961407009540e+00 5.183917375774380609e+00 1.577601757946281991e+00 6.211557906646736349e-02 2.255002744194673170e+00 5.058532793659065163e+00 4.187884734672477016e+00 7.362959539272209142e+00
1.279472657625414511e+00 5.714096327860197277e+00 4.189305609062783375e+00 9.884343895381309864e+00 6.824164818288450896e+00 2.550107851765406330e+00 3.861670046550025326e-02 5.044834868232710434e+00 2.362666328852735198e+00 3.650466146525539468e+00 5.471045983042270855e+00 2.218691048511627351e+00 1.648119108820021994e+00 4.881043414792340940e-01 6.494099040098385345e+00 6.237693268765946542e+00 8.253310040170733330e+00 1.880957112177963353e+00 1.494274093221716893e+00 9.054661696286517625e+00 7.199890298108061693e+00 2.333124725731714477e+00 3.350773063458384549e+00 9.915808531576955076e+00 2.350216132156199844e+00 1.384808330591926762e+00 7.694374521923008636e-01 6.805077751592303770e+00 4.126859610486101282e+00 9.489969311069325286e+00 2.935141985000692344e+00 7.208534529891298170e+00 2.096817924634740926e+00 3.570675383232026157e+00 2.995715455723184650e+00 6.261073511458016938e+00 5.160249772175033556e+00 2.408984224900305726e+00 6.558252141230502819e-01 3.616589218693367691e+00 9.686279443097037145e+00 8.463042779328324272e+00 3.991185743115928108e+00 6.458260689671993404e+00 3.582146650242534758e-01 1.362553197867737431e+00 5.635059196612051124e+00 7.806018991447526645e+00 3.563266953785383606e+00 1.197488075793394779e+00 8.310068857931426578e+00 2.205956102056620960e+00 1.281110307555327621e+00 1.054104715123255209e+00 5.913292378111196790e+00 8.940458130083438704e+00 3.842457666793073212e+00 7.913074422856948509e+00 9.134388974669109373e+00 3.210192041762707227e+00 1.485660801265833442e+00 2.569023895122798606e+00 2.695678465292306036e+00 2.071850562599327539e+00 3.549013051906660721e+00 6.606471186060304035e+00 5.322084150121534130e+00 2.577701563890929748e+00 7.838707776778061742e+00 9.463258818940220252e+00 3.820322246387044540e+00 5.828271323721637032e+00 3.800853738811507121e+00 5.201024549960690635e+00 9.194792865314106223e+00 7.820013675887913962e+00 6.914634249911112640e+00 3.304523905923606453e+00 5.877584668890933894e-01 8.527069875602096616e+00 6.569996839784408849e+00 1.772362371707574269e+00 1.752237725984052696e+00 3.927228619771543361e+00 7.811772586965045839e+00 9.812496298822466656e+00 4.323699191624306160e+00 2.526464404814862341e+00 6.021999599594064279e+00 2.154334941848909946e+00 9.275718338054094403e+00 3.504499691849849441e-03 1.570319072586831011e+00 2.809048021179415322e+00 9.774372000187806719e+00 1.311644524398346556e+00 2.546083655461307771e+00 6.762527296812384847e+00 4.000468951281312080e+00 6.862521868811743975e-01
3.999210468512675032e+00 4.831525868148039748e+00 2.831464301213604262e-01 2.397234988413664780e+00 9.567573896396794453e+00 9.710824340870898297e+00 7.450674100550928713e+00 5.558685741442612738e+00 6.919625790974022195e+00 1.227858565231917387e+00 9.961767457393595038e+00 4.467073153369765848e+00 6.705257711848357616e+00 6.828571540090647929e+00 1.799484832431108572e+00 7.572495911076289943e+00 1.963813555089294338e+00 6.580290187603361929e+00 6.141233496765183375e+00 7.372640891324194534e+00 2.376493501403277087e+00 9.965894927869477726e+00 7.418391690626252810e+00 7.698932211346076748e-01 9.659381192430725349e+00 1.061160806757883712e+00 3.737637644695905870e+00 7.999507721260506798e+00 7.461950477017320615e-01 5.876213772785408906e+00 4.296885059473321000e+00 6.701107397169751678e+00 2.182471095418359042e+00 3.114700659000363636e+00 4.081709349320777669e+00 9.905573206516682383e-01 9.287741761965463638e+00 1.170009904379351040e+00 9.864929072408800792e+00 2.226113970692318311e+00 5.744316323011427805e+00 2.048191640043897976e+00 7.600378101209060766e+00 3.042869640423317978e-01 6.565572626458995309e+00 5.992332088605944129e+00 2.607360163224047511e+00 7.786872880305967470e+00 8.092594812585350184e+00 7.555334928906719760e+00 2.423214620434088751e-01 2.695300369972596144e+00 4.627106712720150838e+00 8.664754821507514304e-01 5.040162397546277262e+00 9.416918522729162078e+00 4.350975843687763245e+00 5.122973267612806580e+00 8.135543013964683823e+00 4.411879777590293372e+00 7.315391142141827174e+00 3.809778773896884907e+00 6.845739380624400461e+00 5.785138589009507726e+00 4.242696434932438088e+00 6.099279783644341535e+00 7.874455952119342683e+00 6.800058188491243882e+00 7.607705871589253377e+00 4.916436203486456158e+00 3.347491807311669731e+00 6.372167005782624294e+00 2.040591937674920420e+00 2.002127003919281556e+00 7.512297026258173638e+00 8.901783108869745220e+00 7.430158711859342624e+00 8.966594978994715248e+00 9.317598143618614159e+00 5.845856219034328838e+00 5.535818169146960344e+00 4.059289402218693610e+00 8.556155565676119679e+00 1.120002756930490451e+00 9.636461540895414402e+00 9.810489607815096491e+00 9.774903701135261969e+00 1.950482038777139326e+00 9.131756278944555660e+00 4.011284721160687461e+00 4.643679062429093563e+00 1.590736343589624902e+00 9.434029992050701807e+00 8.988936699720341039e+00 5.871798447543056021e+00 2.682476598368137566e+00 7.222728545596400096e+00 5.605816133247469857e+00 2.343533464353029228e+00 7.006985489858436722e+00
5.854408952919189169e+00 7.875894138462954608e+00 9.718344702825117309e+00 8.326875214534858571e+00 4.544532630768175707e+00 2.855805543475956831e+00 7.526174937458682379e+00 5.073404312125724402e+00 2.348282119299444304e+00 5.949131718045947537e+00 6.620132548936828343e+00 6.073661275593761566e+00 4.251130157035883705e+00 5.705341595637301921e+00 9.807765746305424415e+00 1.653470805444244851e+00 1.065887513997770819e+00 9.601347134384163873e-01 8.779401460347340702e+00 1.445454567961323988e+00 2.233698571786723264e+00 2.891234956421295799e-01 5.572758281474325948e+00 5.227131012680485078e+00 9.889226210164661524e+00 2.194554162798797670e+00 1.664006655073502206e-01 8.823560544409698281e+00 3.539687213454785208e+00 9.418661147510043463e-01 2.346209287926672715e+00 1.215292074379038523e+00 9.267225663837542982e+00 1.345223646624179592e+00 4.954354628436963282e-01 7.828000725223920320e+00 7.519889902512577606e-01 3.413150622322999261e+00 3.587043568843735208e+00 3.339563405221640302e+00 9.373776314994838543e+00 8.664842828894617099e+00 8.938608599741510119e+00 4.565749216928472798e+00 6.228183659803312011e+00 5.687863895074190879e+00 5.807112021994194073e+00 8.227936263288690100e+00 4.035087817292094314e+00 9.324134244253306392e+00 3.320742473801541195e-01 6.248005249482821988e+00 7.602146919380419199e+00 1.764957605757608849e+00 9.164348244316309788e+00 8.552542410795556549e+00 4.418997316253144625e+00 2.419490172624051638e+00 5.086025497073483947e+00 7.361801694472336344e+00 4.104240466165103740e+00 5.629477189457253061e+00 4.719484049275799009e+00 7.701630908490836092e+00 3.106185588221019866e+00 4.463025024283513886e+00 8.661704960203536530e+00 6.112295313958049370e-01 7.203406934475829360e+00 1.264997328174789493e+00 8.647098678724557175e+00 4.815718738860881309e+00 9.655242435233629905e+00 9.201316036762417383e+00 5.443487672202024896e+00 9.064601361178903360e+00 9.577938118121409161e+00 5.503160949007349423e+00 2.028330855034589320e+00 3.562756250429631955e+00 9.425199301164532972e-01 4.103270999036833899e+00 9.950621168397152161e+00 4.442454573039544385e+00 3.394112906312384048e+00 2.172752972569868213e+00 6.214867422811657605e+00 6.240576167585688339e+00 2.639900818477636246e+00 8.771732363330515980e+00 6.732639506164118437e+00 5.379530560273333428e+00 2.786526763780755367e+00 4.461065003874495005e+00 5.058690041137186455e+00 2.952871073306291283e+00 7.329489686915110269e+00 2.710644055287766641e+00 6.311010489060353557e-02 6.312555271998122386e+00
2.008252299190191881e+00 9.840570693272816527e+00 7.883900517740479508e+00 6.571591210480288936e+00 7.178830380348605544e+00 5.507987958906736203e+00 9.852375184998038549e+00 4.865873715286567425e+00 5.675523259896819717e-01 5.702608733064449709e+00 5.929289048303636456e+00 2.652692652254601491e+00 7.609716966583209619e+00 1.310676102876928706e-01 4.067081734122425019e+00 9.886891315002124259e+00 4.104965604521471079e-01 1.576739076464949152e+00 3.273500638516803285e+00 8.892581612669516744e+00 4.029942352073008216e+00 9.093458629666106852e-01 8.717932369183415631e+00 7.818754145350293783e+00 5.862517105391712668e+00 6.611506643616475998e+00 3.149352769793890339e+00 5.494473194082125644e+00 9.911799057957201953e+00 4.382702374432571268e+00 2.229973714519043249e+00 7.051690912237893016e+00 2.527735231131278404e+00 2.551877857389085236e+00 5.928833782192500124e+00 2.820201452482006488e+00 1.856115430615671302e+00 1.410270487565654651e+00 5.691622587937636091e+00 6.128513748193203270e+00 6.327821443605069263e+00 9.542210365427937546e+00 6.332009015142714858e+00 9.884917582193640584e+00 6.059467976201018402e+00 9.466562920492403777e+00 9.545208802514325797e+00 1.749869285279811448e+00 4.634500995573574755e+00 5.815898251375796413e+00 8.481551701317641800e+00 4.900130052708677297e+00 1.705355020374166308e-02 4.428831354557523525e+00 6.357292624552926874e+00 1.820479883462911008e+00 4.855117765025726229e+00 9.204603452543340225e+00 9.239339324570380541e+00 1.158833013588246308e+00 1.377021022012152596e+00 1.300025597575215075e+00 5.797495506765510065e+00 8.732958971343829369e-01 9.965054980150378494e-01 5.879423372416060722e+00 1.893617275680722356e+00 9.873333776626274982e+00 7.757859048170345773e-01 6.601839951727728195e-01 5.932402742750214841e+00 7.306013656939521539e+00 3.275276940890469390e+00 2.395394948291121651e+00 7.142702744242855672e+00 8.651749471977849382e+00 7.821383399415449134e+00 9.173339500176280747e-01 5.390022251038729451e+00 2.166685011419542395e+00 7.970991718553598560e+00 3.082359202643639939e+00 3.895983297853597982e+00 9.031681181626208144e+00 8.939786206791676904e+00 2.444103003066468105e+00 4.846314418948072245e+00 8.617493492702136493e+00 7.726118247632499880e+00 7.185813966277827092e+00 7.689893435558114998e-01 8.858884804089606213e-01 1.896511311787347775e+00 2.154257132163349908e+00 1.540496567054092658e+00 4.625695178120957429e+00 7.353543245522281779e+00 6.267180128711064668e+00 9.722968987752768300e+00 4.121031482196811702e+00
2.876385247001063128e+00 4.012617641102079524e+00 9.642101027221173126e+00 9.087260846217361632e+00 9.757010803370272711e+00 8.778615041935820429e+00 7.380574812644924876e+00 3.237678810316074518e+00 1.646581281521747320e+00 2.434092057218428806e+00 3.738554276318264424e+00 3.377568078638970572e+00 3.582175488717903811e+00 8.151631123574894389e+00 2.006520980810109211e+00 5.016717922177339695e+00 5.447623266850704304e+00 4.685325957384510076e+00 3.839178878931007510e+00 2.266330770219374457e+00 7.597578845907219325e+00 4.578932874262398034e-01 8.662478117110672393e-01 1.865373823361057282e+00 8.282608002262412228e+00 7.497112418646032950e+00 2.012933992914416326e+00 4.793711733376405881e+00 8.943451331189212539e+00 6.765064492085701708e+00 4.827465074462740091e+00 2.425454702256513162e+00 3.113493894208771096e+00 7.897125575730111535e+00 3.003220449773582601e+00 4.831473679039720359e+00 5.292771518684155296e+00 4.007257163477682127e+00 9.007986082569296116e+00 5.515196369670048782e+00 2.396744984436004700e+00 6.728466887189440193e+00 6.690608561399974619e+00 9.458649581037443355e+00 3.137776797562774611e-01 6.323012747330176708e+00 6.427435488008792497e+00 2.978957091408242164e+00 3.621190745328664917e+00 2.937677559561707952e+00 7.545417343563607382e+00 7.272311031791919511e+00 9.040169369289362322e+00 9.024450826486869914e+00 1.497047398916837579e+00 2.344549087214047312e+00 4.689164017478864022e-01 8.953373224601990366e-01 9.997269264115812959e+00 9.313532230160877390e+00 8.738652954320563992e+00 2.114777695810969860e+00 8.446551902681111557e+00 8.016223837940742669e+00 5.528125515359722186e+00 3.671015175692817767e+00 4.636027157319992043e+00 2.458713425402276886e+00 7.527969087353034716e+00 2.148954014449898864e+00 6.061710177489424645e+00 8.082769945876552953e+00 8.727024983387005719e+00 1.023789328675250854e+00 7.840788373331069039e+00 9.829595800138031692e+00 5.713239300055454883e+00 2.279274847458684583e+00 9.532738116736916290e-01 7.782699318205360761e+00 1.681733743149828042e+00 8.970274964628721648e+00 6.867784104440656456e+00 3.331691971882599912e-01 7.932263748642050416e+00 1.120353597472921736e+00 9.155780431638705252e+00 2.627425768905931047e+00 8.234750765296753983e+00 2.081869367249100655e+00 9.801221230950750041e+00 5.417529633265292688e+00 6.768333317361292956e+00 9.129455634925099261e+00 3.796372741782394478e-01 5.215362397235213443e+00 5.304525456987119192e+00 3.051490341053118005e+00 7.972449581780369776e+00 4.380966209755800200e+00
5.911703414228054676e+00 7.125086476675919656e+00 2.358009539323966397e+00 6.563621144946004904e+00 3.609721673398202935e+00 9.456572544825530002e+00 1.644333169581999599e+00 9.391780738826335906e+00 9.272224210127786748e+00 7.414099742767035650e+00 4.471773299999270534e+00 8.425073114632880333e+00 3.517275400513963923e-01 7.874106391147469353e+00 1.616760446305256504e+00 2.322842080612320892e+00 7.854175025212739580e-01 4.179035995588870733e+00 3.319276896597755933e-01 5.883512774285735603e+00 1.379929210133270523e+00 4.672446246620756583e+00 1.257550154609983206e+00 6.313708438973791637e+00 6.065723628005925683e+00 1.030124335248906453e+00 4.513456840069896003e-01 8.632005545865023777e+00 5.896030259054593436e+00 6.457197556274776318e+00 7.482313613874081781e+00 7.669587426486359050e+00 5.178513912772396921e+00 2.143465684511909330e+00 8.480918487415490148e+00 9.966520054278388940e+00 2.403111934036104014e+00 3.792874207851333335e+00 1.720380345466070438e+00 2.777622495144504988e-01 3.753551661113574411e-02 5.087751401213930436e+00 7.998155998525231070e+00 9.971753791867442374e+00 5.605555285432403778e+00 2.459438988289874839e+00 6.683979037998145856e+00 4.156054443710809565e+00 3.956891012205232538e-01 1.938300343996590680e-01 7.292152713070137793e+00 3.807099558547299090e+00 3.867027055541119029e+00 1.918409939933062303e+00 5.089395726354156935e+00 6.723139699181998274e+00 9.552191115229668128e+00 7.369024204632596664e+00 7.528403169302453790e+00 8.325825905752889611e+00 1.445916507881623847e+00 3.407809850096890969e+00 3.740366367599141650e+00 8.649760009375050629e+00 7.061818446185915477e+00 9.703156745801191363e+00 3.982996513357192292e+00 3.832917928242021155e+00 9.320410259559469779e+00 9.978630999434081161e+00 4.493016252365186425e+00 6.183784518634433347e+00 9.718804372688771842e-01 3.515904974093788660e+00 1.217342281050163288e+00 7.354960638657214389e+00 9.595586182072624037e-01 3.315637046541435318e+00 6.362692646101915983e+00 4.570328153075450039e+00 6.059278192264855534e+00 9.134171499796291727e+00 7.377416286270960910e+00 5.126819868550987813e+00 5.288796776568127633e-02 4.556640879100601005e+00 6.907765891624051413e+00 1.847319415885181337e+00 1.152959225879784944e+00 1.394713419285817935e+00 4.591877966627849972e+00 2.757433574525831599e+00 8.958018459639921716e+00 1.822400935332951777e+00 6.447769596495699140e+00 8.665915152175703184e+00 2.103016576023086781e-01 2.552802578520497967e+00 1.211512132327319247e+00 6.605781850887271212e+00
9.918578563080043153e+00 6.458575514054284206e+00 8.054609488959748376e+00 8.457928029491913691e+00 5.129050632184752878e+00 1.462820196031564546e+00 8.470452761634325256e+00 3.372016521724199301e+00 7.647205254157580789e+00 8.509556160495581167e+00 7.100216593019187172e+00 3.858216628579544949e+00 4.785281492777896162e+00 7.256908528288694704e+00 3.285542355559777583e+00 6.812357823338692775e+00 1.908539716688832932e+00 7.137664377559822526e+00 8.887164218822929396e-01 3.939503486681138256e+00 3.330123820802273205e+00 7.044348305136931998e+00 7.310654331720878307e-01 1.432587619522788236e+00 2.684176819196437691e-01 7.338285491346119294e+00 6.578024644838079915e+00 9.405083644218715122e+00 5.795690040615522953e+00 6.987300726595071509e+00 2.217262285442251013e+00 3.862512960763742953e+00 5.061222300514062411e+00 6.697708872913212375e+00 1.351849926435456650e+00 1.250383379032211639e+00 1.387731798385588577e+00 8.846685072331663235e+00 5.800294467960423361e+00 7.134385898747166443e+00 5.139925792316986985e+00 6.118110153673224971e+00 8.288723122511092001e+00 8.531929351822105545e+00 1.447647460421820353e+00 6.819184874550305864e+00 1.688574491317427206e+00 3.858887393453345194e+00 4.239100829501719403e+00 9.978106018148016787e+00 2.840251845964406385e+00 6.986782548796790948e+00 5.821620589721528738e+00 3.155620880315124221e-01 3.062966389880919849e+00 7.106198373355986142e+00 4.791124188854418264e+00 6.992357761062728549e+00 5.616753263862795720e+00 6.896465986729737097e+00 2.385714676566856873e+00 4.540129331092678022e+00 5.952840324101322800e+00 3.892110093057241649e+00 1.399993853171525027e+00 4.832756815846755316e+00 7.504772232935472687e+00 8.064398006917132378e+00 8.029255577553485068e+00 5.008389975181986031e+00 7.622123675706502510e+00 4.122252333036652061e+00 8.595010680988194096e+00 1.523978867973169171e+00 1.363838378091258852e+00 6.512187554258939137e+00 5.163561329019648483e+00 7.982720314222746527e-01 5.355727948685331086e+00 4.078657548022758483e+00 5.771968074391199188e+00 4.934352559645025948e+00 5.378173770503991147e-01 5.545916267386822085e+00 8.228695716635474611e+00 2.606568848653792791e+00 5.754196115034702963e+00 9.091652667587228009e+00 8.915263851951804597e-01 5.437270780173033558e+00 2.120841742942591868e-01 1.936303229280507132e+00 4.883232254312337872e+00 7.819615243085928924e+00 3.950520640811396866e+00 4.304540684347491819e+00 5.355387411456647762e+00 2.348292004653123932e+00 9.914358319581548784e+00 5.512020359402153069e+00
7.155649185989635619e+00 9.203588234456439032e-01 2.810103003570016966e+00 3.501314152916163103e+00 6.496661800293843214e+00 9.487544858245506418e+00 6.234130040655304406e+00 8.776932191217913015e+00 6.108642333503063959e+00 1.851071163560443766e+00 5.912378148499031205e-01 2.641666088899135900e+00 4.745819064472469151e+00 8.681047533939947769e+00 6.987580132242465325e+00 1.071242905900348097e+00 5.704691474961407494e+00 5.065170784233529844e+00 3.948296765673735553e+00 1.066222115626450639e+00 4.801954518178799702e+00 6.887710030451729359e+00 7.825007587350723881e+00 4.063951200651789719e+00 6.573697025908132652e+00 9.410642533771929052e+00 8.667340733895514404e+00 4.635966870536430307e+00 2.989766615113329529e+00 6.326051927682733833e+00 6.679791617124553049e-01 1.747130462982711130e+00 2.802673483903534990e+00 8.425319380563294658e+00 8.934930222114536136e+00 9.686981475403849018e+00 4.798182972946421820e+00 1.703642179480617802e+00 6.257058836733380147e+00 1.431277086372133578e+00 7.945688636623977175e+00 7.582766642586871164e+00 6.031621529714935370e+00 5.205353469787477039e+00 1.104037770462860113e+00 7.999942771606612268e+00 8.477747454969321694e+00 8.937152543494693901e+00 1.094144377749097785e+00 9.826654660108404826e+00 1.489651360591246476e+00 8.019990361200608930e+00 5.092811027453104877e+00 9.837608393084110503e+00 6.522733467462021650e+00 2.910003694804139673e+00 8.725518482398884501e+00 8.471435893570461673e+00 7.148144341405116009e+00 8.799497650248035541e+00 9.907491398614657996e+00 3.707128666680996609e+00 6.407941003821123971e+00 8.832414540817131510e+00 6.190273740949878700e+00 8.697044644859067475e+00 5.805537879999590700e+00 5.259943216853843140e+00 7.689567378676656517e+00 3.874462256560240458e-01 8.486684132401323133e-01 7.947850604848039069e-03 3.815084303171972557e+00 7.997000618334288546e+00 7.217110789815157190e+00 1.605560578996241272e+00 8.541156458754251446e+00 9.569106456368942304e+00 8.378940333501386561e+00 9.729414764014936878e+00 7.714759958020946051e+00 9.939504372432987012e+00 2.805490415426430406e+00 7.192569311424090728e+00 5.224877419044327453e+00 5.354370655623804431e+00 1.091403504896575338e+00 3.841640973576877727e+00 4.589214346495110064e+00 8.684937642403511848e-01 6.239079560529570134e-01 6.029044184730879330e+00 1.373168099839362499e+00 1.161896538663553802e-01 2.831963075225223392e+00 2.683615729504265079e+00 6.518666181117804825e-01 7.942083837277566616e+00 8.524955160500065077e+00 9.374943879898262722e+00
7.401032977914086430e+00 9.949975226602278511e+00 2.141893583500112719e+00 4.443493365019413943e+00 8.793343041430004448e+00 7.254470168151937237e+00 1.578621225663667804e-01 2.272738577500499346e+00 6.415923863829577023e+00 2.863764961549124521e+00 7.560589391038037732e+00 6.059348180948233242e+00 4.618900534318185258e+00 2.943328604665210513e+00 7.478778343573621257e+00 2.608175773973031575e+00 1.289988381651366867e+00 9.109605653031621841e+00 9.205786483937686171e+00 7.666153564364680761e+00 9.515750340798307505e+00 2.298062240608120810e+00 3.429335030971580878e-01 8.180745457004880095e+00 1.346027451966992361e+00 7.047449520649276877e+00 5.313116574090925859e-01 5.465002386478690077e-01 2.819198240594562588e+00 7.519885215943753920e+00 5.971829447810921287e+00 4.462764513800810739e+00 5.282336787365803588e+00 9.062320901262001627e+00 8.909224682125710615e+00 5.185345944474359925e+00 9.226305512839328316e+00 9.946767382446701333e+00 7.175566119017846134e+00 4.360900048480619517e+00 6.482231154470233569e+00 3.193592355660836990e+00 8.897226093699535099e+00 4.243769823633569693e-01 8.551077388061610662e+00 8.784382889499550373e+00 2.031104536099190838e+00 4.928328838890130292e+00 1.585946180314067311e+00 4.757562980580716250e+00 1.267514977226041895e+00 1.370030219746286582e+00 7.494820435477418386e+00 1.662987265943208781e+00 7.715191854960689710e+00 2.691220227318738001e+00 4.636013169908159703e-01 5.292207984449106561e+00 4.285781230463248104e-01 8.561771417353977398e+00 3.450039095914725351e+00 6.002810520157792595e+00 9.237738048888541442e+00 9.874902149281227892e+00 9.505315236887476260e+00 1.674757301041821522e+00 2.231806816302967178e+00 9.515774180689318129e+00 9.934927267640711435e+00 1.322943144888734102e+00 6.561539853615107276e+00 6.686887962816701503e+00 6.025927408331080315e+00 3.491165526309898404e+00 9.911705654024359546e+00 9.011565984751646496e+00 4.966737996136468603e+00 7.507885386797909177e+00 3.326034716483361464e-01 1.134564701159410660e+00 2.310831835610386520e+00 3.867118336026965864e+00 8.846429944907947984e+00 7.268490923426549344e+00 6.422214147031897191e+00 8.918166952193562480e+00 8.874304293586831704e+00 2.489122261443370565e+00 5.744457702566530877e+00 8.053026580645351373e+00 1.648594208951804641e+00 6.834115146777557825e+00 4.441096202709490015e+00 2.582448346682322260e+00 2.422052963387312019e+00 9.163348380555925488e+00 7.445227774102809448e+00 4.536967057245560930e+00 3.234770893999266761e+00 8.805680914599880893e+00
6.063120936089174684e+00 4.332114724480668144e+00 6.060741432712192456e+00 6.614927409101172273e+00 1.921693590043488387e+00 5.134939262624590661e+00 1.437682574675234193e+00 4.808448082951892744e+00 5.867008876778623261e-01 9.563482288692446431e+00 6.250065660656174416e+00 4.784127240661729452e+00 3.849061645335039028e+00 2.900933072201612450e+00 5.609323023563844046e+00 2.509239401551265125e+00 9.641532175600609378e+00 4.019588084321736865e+00 6.884630210454282029e+00 9.182633143689859168e+00 6.178990437925548918e+00 5.512148087472912295e+00 9.933416163709008373e+00 7.664270566831850928e+00 7.138592261703951003e+00 3.691628325016912626e+00 3.614741868288771087e+00 6.617056621310872799e+00 8.823479940132756383e+00 3.223210371052584122e+00 6.432824430290970064e+00 4.209153336909732701e+00 5.497178974568805998e-02 6.181203415762720255e+00 5.925735221950469978e+00 4.458839767206079774e-01 2.084435169131651833e+00 2.444714279546795765e+00 6.652746191656317976e+00 9.374543114039351366e+00 4.170493979570669474e+00 4.945629526549137012e+00 4.821878972752191572e+00 3.331153346810333815e-01 6.215070206480976189e+00 6.893476705780132718e+00 6.710985364703619283e+00 7.868246255432387315e+00 4.572294554640732311e-01 5.679184954552553677e+00 8.935281529521944321e+00 7.001721698107798986e-01 4.452434615125813622e+00 9.789086615616497511e+00 7.951104909480186222e+00 6.535821546082782874e+00 2.350308304306762963e+00 7.064647552092325533e+00 5.414466953295243634e+00 8.252638982715168936e+00 5.250774278027769526e+00 2.345385951056035978e+00 9.332345245213790719e+00 8.806257423989162447e+00 3.767944234671303239e+00 2.906268104983256162e-01 4.026894878293802549e+00 1.154689806882053249e+00 6.576673017677945765e+00 6.868747305330797026e+00 4.893242802782246770e+00 9.724485362572679037e+00 8.521301641135009319e+00 6.473192381569755405e+00 9.924171155527256261e+00 5.662287914888799456e+00 2.564678437439437353e+00 7.603021289290690099e-02 3.470842901370341238e+00 3.644414640053814658e+00 1.390418624837193029e+00 6.494408050217638007e+00 2.827092773384927149e+00 8.190960518160926185e+00 3.444239196807431291e+00 1.428826400232452443e-02 1.221986251917828170e-01 7.176075701974604648e-01 9.408720332617543036e+00 1.812847732914655285e+00 3.140199463114108358e+00 3.956968225946625672e+00 3.797335016082873160e+00 8.885349709117633665e+00 1.347357383669182118e+00 6.177861986233033065e+00 7.480019681696883360e+00 8.273382170112565603e+00 7.300680402571994243e+00 2.987571740250243302e+00
8.601571400012769431e+00 4.255170949184352125e+00 7.359922344668623495e+00 6.051357940331444141e+00 2.185151245133010178e-01 6.704866301549788687e+00 1.782930946078573609e+00 2.195013679459130174e+00 4.269069450508133912e-01 8.739146936642899988e+00 5.632974069569247177e+00 8.446156218909436575e+00 9.863929869560431385e+00 9.508827688582798032e+00 3.726603709718482094e+00 8.524609087233038451e+00 3.908173499300220399e+00 9.693154710350230019e+00 5.547039634395952490e+00 3.187893689061960245e+00 6.256967936447349388e+00 6.286841422642305055e+00 3.632429456815628122e+00 4.967177895955513733e+00 5.318864663052826458e+00 5.690955751113083494e+00 1.259710447036399561e-01 9.646271295972082882e+00 7.502948768303633109e+00 8.114111558263397583e+00 5.890669663711235238e+00 1.886935153826135858e+00 4.686412513505887389e+00 6.130799202142421578e+00 8.066468188418747687e+00 7.213276587124886952e+00 8.968695803600244432e+00 6.541507681030116927e+00 6.398077960213147009e+00 6.955823109952707917e+00 1.773038055388471701e+00 3.440916688463468986e-01 5.561851137327833428e+00 7.997236213418579709e+00 5.603739954386655064e-01 8.677218115578144264e+00 5.243461301968443067e+00 8.633362083477218007e+00 7.492055703683075940e+00 7.510985366869205038e+00 2.833353897968607704e+00 4.344087506883234973e+00 6.753092024476543997e+00 3.674410867455701890e-01 5.027531619162197707e+00 9.845759188410109886e+00 9.154043974431854025e+00 8.523802168008742797e-01 2.637340444882199098e+00 6.943049444903953926e+00 5.245397847326832341e+00 1.895139545520531099e+00 6.847706155240151027e+00 4.361058362010298062e+00 4.468061348337224459e+00 1.199722641503362386e+00 4.276666035096239327e+00 5.229220397524112940e+00 8.373633573303361999e+00 3.095790274801901720e+00 2.358146243470182757e+00 2.217493434484272274e+00 5.390400595641916759e+00 8.073627882397312661e+00 8.495005724550555470e+00 3.944797352713673710e+00 9.497943921761605068e+00 8.223332967139224792e+00 3.089504692590967494e+00 7.594833987644037165e+00 5.709502292034843940e+00 5.755171033733716079e+00 5.789532876156098240e+00 8.351801472803691340e+00 9.523217720940538200e+00 2.155336368582786655e+00 4.726615624319942199e+00 1.369398201788554204e+00 3.182448541542819420e+00 1.448512075459038595e+00 5.275327646460704401e+00 6.772131292835370520e-01 3.281162404575805880e+00 3.430989317046385878e+00 1.545440099785396759e+00 6.140382468717690223e+00 2.974192623129550128e+00 2.380266280555552783e+00 1.495745520219541325e+00 9.273269686425811287e+00
6.517961746930510891e+00 7.125174480183247283e+00 9.603934214944878534e+00 7.164151712688212825e+00 4.295801240353181782e+00 2.854641795066145349e+00 3.949998601800860598e+00 9.622055219517722691e+00 3.153845721466369767e+00 5.574451772631599411e+00 6.135338242626914074e+00 5.831726672251662080e+00 5.833845662435925838e+00 4.951299801871145156e+00 9.612206775102338785e-01 8.747145775282172409e+00 6.295658012276273752e+00 4.266068725951316587e+00 6.991941146733460233e-01 1.582924746468591382e+00 7.722274127128190280e+00 5.736937535741962080e+00 6.833401961014329729e+00 1.930292817959839979e+00 3.042840524394301305e+00 1.037246071093450572e+00 7.408284047896156466e+00 1.421907092212605361e+00 6.727206585074224421e+00 8.136134455225976225e+00 2.188111363539357868e+00 6.142406684989046184e+00 6.914563748021786971e+00 1.774363794437645581e+00 8.456949002721193764e+00 7.496793365920026986e+00 8.673667972776396340e+00 6.652226616025246564e+00 5.993511209274008600e+00 5.215288896535741348e-01 2.545916136661663387e+00 9.695680711625385584e+00 7.044179392994530886e+00 2.650009538166964163e-01 3.435639368266652838e+00 8.144925043244697349e+00 8.689664969277866025e-01 5.061107414853576181e+00 7.928385397321036976e+00 6.690004045118116416e+00 1.638037122211404295e+00 4.965936245720660835e+00 2.618843138008402960e+00 2.937827928415520873e+00 3.855657246564906160e+00 3.587465352017741083e+00 1.710764493108010154e+00 5.187391667057632105e+00 2.341639551492434634e+00 7.204151927672417521e+00 1.118886045862698131e+00 2.163955867616583539e+00 8.383757087815673970e+00 7.340055179841876942e+00 4.531657163420595325e+00 4.200604164161592102e-01 1.012392872168884628e+00 8.732062904912353929e+00 6.009636318451050396e-01 2.688393742882317916e+00 8.947166681910811992e-01 5.579120454750215785e+00 3.412344762623714445e+00 8.248932155783631259e+00 5.630419379692387594e+00 7.197673173343642539e+00 3.638416248228946159e+00 2.428569428378966055e+00 6.807120234382521673e+00 3.445884455509040656e+00 3.343436105255952473e+00 1.231175620678710558e+00 8.910966743184401295e+00 7.445824041206451582e+00 2.320592179805851529e+00 2.739424562342104075e+00 1.596155868287469914e+00 4.671875269916427875e+00 3.613260747111962878e+00 2.807641855941488629e+00 1.339229411802378422e+00 6.752878302045743020e+00 9.095403163489942600e+00 8.229577214847118682e+00 8.870705776141001309e+00 2.530379711373788254e+00 2.794377718097007524e-01 5.287590519984163961e+00 1.821976480684978084e+00 8.930137537528068492e+00
3.584569209925646760e+00 1.181353304351302480e+00 1.358054711162953732e+00 6.899916036366480654e+00 5.979171384002954781e+00 3.753572952247496097e+00 2.822305491325086457e+00 3.435185681800156932e-01 7.123999750705051426e+00 9.423064377561150451e+00 3.046126024779682862e-01 7.979547433210556484e+00 8.922207872024507935e+00 4.225895092880668003e+00 4.185748258170864489e+00 6.000588871232071853e+00 2.799675133244407199e+00 8.343832832020924073e+00 9.696687442413079339e+00 8.792345301077856945e+00 5.987362496962492564e+00 8.396349666551330415e+00 3.193967336879635965e+00 7.801137364312284994e+00 5.507857776515335146e+00 7.645890376775784425e+00 6.732917857714463494e+00 2.804534779065108729e+00 5.011239490460429380e+00 4.752373671460307314e+00 6.252986220038206255e+00 6.181772620581473809e+00 5.247350023894456150e+00 8.293432780544929273e+00 7.300889293445219863e+00 5.979015092755495253e+00 2.417076408891833950e+00 9.047552613748392147e+00 4.824641532515768105e+00 4.773145874724846749e+00 4.069781572691067772e+00 5.937161700907134687e+00 3.861372638657752709e+00 1.475337715739224453e+00 2.031834585437848339e+00 9.189469826286590148e+00 2.258879705808447547e+00 3.878801688274395865e+00 5.128045391397932029e+00 3.120159796568577892e+00 8.849758518720440392e+00 8.464210901130698517e+00 6.885845800388672444e+00 7.788384990762249771e+00 5.821162730585196954e+00 3.048810383428413928e+00 1.665049984752732248e+00 1.345473595256425625e+00 9.859184128180007889e+00 4.353363078156025523e+00 9.947572309732331419e+00 4.406881863402514199e+00 7.617234918332563609e+00 8.260824560992286791e+00 5.587404912928488621e+00 9.507269883811469313e+00 4.194591925565180013e+00 8.980322974112075585e+00 1.677829255421017240e+00 5.463072401400204114e-01 5.106702812251114665e+00 2.291625283674716407e+00 1.280915412979489743e+00 1.951387079357608245e+00 5.793295404055404774e+00 3.436504889925183548e+00 3.154567629147606578e+00 7.379723462618796859e+00 6.502267174321510801e+00 9.862146766459243707e+00 5.830381074892734716e+00 5.473951845638519664e+00 7.002267271162994078e+00 1.331917134593467722e+00 6.648076019358156508e+00 5.661444429626722119e+00 2.449573371245325148e+00 1.646217829331190208e+00 1.322098632986357103e+00 8.998241900104430258e+00 6.636299896427066969e+00 1.790023407998772020e+00 9.625220810310818109e+00 3.267835769049054484e+00 4.736319217993486319e+00 7.690188508965142944e+00 1.919728790636268112e+00 6.217354421564336153e-01 3.877642554643748518e+00 5.330498256100010934e+00
6.153207052947314182e+00 7.358302150869598712e+00 1.436078811711665182e+00 3.543746380638320481e+00 1.621844490073989231e+00 2.139869960216916667e+00 6.140923283682497846e+00 7.376197219849894182e+00 6.681066978847415072e+00 1.946605944546978550e+00 7.251864936948328122e+00 7.962446585779083819e+00 1.043348627881424129e-01 8.314405422552884062e+00 5.432038320433623113e+00 7.041533143767408021e+00 1.965530659008720704e+00 4.292998995517242733e+00 2.381619005720111204e+00 3.841395079648322053e+00 2.188181140487133192e-02 5.443834780255686567e+00 1.061862638563004779e-02 1.781488023844084445e+00 2.602068242159885081e+00 9.054864894189856628e+00 1.937698543415043995e+00 5.614996523955562147e+00 6.523230433453747423e+00 6.284167804115981859e+00 3.683661334726910042e+00 9.644416580935997629e+00 3.412344343991494888e+00 4.156280014619513352e+00 7.442367766796857076e+00 4.385419779643944693e+00 4.335223503940062173e+00 6.892264045769310954e+00 3.854511011497852024e+00 8.992268260420658521e+00 4.370579468336611484e+00 1.860583691589074995e+00 5.732035835323934236e-01 7.241240677259515479e+00 9.264329710072281898e+00 4.034237561355849877e+00 1.810782113402784610e+00 4.114803954289691923e+00 9.691427621999377351e+00 9.893180129975279513e+00 9.757420981315114261e+00 6.903509127035091453e+00 5.640349506600221829e+00 7.552236612981094943e+00 5.809225798794094509e+00 9.798130733322750530e+00 4.174663050930838004e+00 8.513835909924985401e+00 5.376526594189511954e+00 7.152951708652871332e+00 2.255707144973691847e+00 3.662428313327717788e+00 4.653481520452715792e+00 5.891135018599742423e+00 4.766448845681913404e+00 9.662545496778204068e+00 6.520634237315215742e+00 2.731422640496271370e+00 4.424179611772782739e-01 2.871469579265122363e+00 3.224658615257558480e-02 1.568329356051541001e+00 5.460464525357134669e+00 6.762432580225493872e+00 3.142647198899632066e+00 1.223454399701087159e+00 8.366187998625246536e+00 4.277089873860029368e-01 5.588301484427238286e-01 6.417405266699632627e+00 8.119283668469456927e-01 4.715546058215935865e-01 8.958114360087659378e+00 3.980615038181474219e+00 7.075510915281055802e+00 1.769861289700359608e+00 3.620913753498099297e+00 2.460948844010719672e+00 1.812885010716047685e-01 8.117296625153080925e+00 8.993899751239545992e+00 5.195503733677000469e+00 6.006625075911985689e+00 9.971164471748373614e+00 7.650015543614221869e+00 2.260034557260407695e+00 2.621136289885831694e+00 3.382845527783565842e+00 8.570525041780040709e+00 6.392188550550736981e-01
3.251464686512820279e+00 2.220525269629665122e+00 9.940422725471238508e+00 6.118558499776579396e+00 5.497294617223580815e+00 1.433107615622162267e+00 2.085818380968484931e-01 9.176836354841096721e+00 6.526024476550618125e-01 4.594598567026835667e+00 6.715485508023687267e+00 6.569995896810109315e+00 3.690867022631941552e+00 3.799161708337087440e+00 2.522767454829927480e+00 5.160024844193067395e+00 8.276956993833504583e+00 3.395674361327890800e+00 6.243428409568830162e+00 5.306345346515384254e-01 5.206414960884421461e+00 1.918322867408578380e+00 8.058059093134334105e+00 2.336324932647579011e+00 3.370924214554413822e+00 6.895135163612209350e-01 8.671836787853875350e+00 9.010945243518664327e+00 2.388335216368814073e+00 8.104779494063658163e+00 5.697541791617811491e+00 5.305871811370969304e+00 8.296370050062984447e-01 8.735705824934658636e-01 4.962416617492867665e+00 3.695168573270455337e+00 3.890768568554479057e+00 3.279563065221029472e+00 3.142832051030604923e+00 2.651355334811999143e+00 3.916728257977373229e+00 5.178082228235463269e+00 9.425483374274172377e+00 7.610212195196010221e+00 8.165909632843966648e+00 6.882009227173673693e+00 1.980534601777264037e+00 2.397803758855698852e-01 2.397422445234939303e+00 9.998745149745740690e+00 3.097316185366466357e+00 4.131943163320910273e+00 2.329481340471336814e+00 5.299102496352581237e-01 9.607837798393020989e+00 4.677896679574795158e+00 7.914572193304238112e+00 7.627732176425993771e+00 7.325727183058129199e+00 3.578463776809975627e+00 8.658260159253405419e+00 4.095891660536844725e+00 8.959638831291931282e+00 5.011115194401789097e+00 3.275759087198609976e+00 3.849545047055268121e+00 3.327308505753286738e+00 4.933508212247440738e+00 8.935546957698049297e+00 5.026185634288458104e+00 8.777759801234349624e+00 8.492334371914225244e+00 7.114950345215350858e+00 4.791475483131574009e+00 3.782947079158148540e+00 5.667983965104533617e+00 2.154040654398221566e+00 5.861706293090334974e+00 2.433192890036079969e+00 1.329949564686313535e+00 2.136085605208588589e+00 4.866465234119258021e+00 7.419261062133593931e+00 1.245571393333244625e-01 2.417511739898263734e+00 5.594352281323560661e+00 4.157354656901492085e+00 1.766941056906500274e+00 9.731215271186892224e+00 5.076191366110075265e+00 6.525054976355527003e+00 1.745656679295140012e+00 2.503351224848401557e+00 2.278987598830024552e+00 3.879675122869016057e+00 6.948971056328257845e+00 3.504559432473382863e+00 3.428977478948715962e+00 6.019859543958517634e+00 9.970729136874743048e+00
7.237256517715731086e+00 3.366113361802549608e+00 3.510893030178756646e+00 8.274454582485093468e+00 3.714046138841593514e+00 6.189987076439441793e+00 5.721650058481207779e+00 7.423333771975107354e+00 3.878656185425208847e+00 1.807186886460078190e+00 7.835975132499121365e+00 4.818846729627495939e+00 5.545809580461174448e+00 6.075740903067629262e+00 8.354724610569549625e+00 7.268667532711170054e+00 6.784535291213956043e+00 9.679663018093714655e+00 8.948802093988726725e+00 9.021544433182198119e+00 4.859206331857443217e+00 6.410529494733219202e-01 8.287102030843364275e+00 4.561220163470364852e+00 7.449623139194358146e+00 9.404655188309039460e+00 5.592549593344273262e+00 6.048989363728122015e+00 3.365689224803877444e+00 3.726780204170171196e+00 6.807723115196743890e+00 3.754261432499010898e+00 5.287632154121224559e-01 8.287549831474405604e-01 2.811891433947775187e+00 7.026447764993166700e+00 9.233780437472042024e+00 3.158369891577814670e+00 1.145931883791695416e+00 7.486285072405215679e+00 8.690477844586354195e+00 6.628941120103581497e+00 2.742391557480661213e+00 9.922681428900743228e+00 7.513957148869703673e+00 6.695737275463206295e+00 4.421861135553174726e+00 9.056331678518528605e+00 7.409725387256274054e+00 6.853922380715467000e+00 6.594075013549385744e+00 3.962288359409780192e+00 3.441731485642931521e+00 3.455221839231778169e+00 8.537430134156220873e-01 2.690253666159577506e+00 8.988444025395152082e+00 4.692728915700026704e+00 6.412030786362636015e+00 2.115568002078346055e+00 7.592864853425403737e+00 7.836647490643354530e+00 3.658459971690905199e+00 4.529563583762427292e+00 5.048845017322516782e+00 7.739020407321687500e+00 2.778184006533003014e+00 8.052250575150091905e+00 8.918377192734158854e+00 7.484547440159408538e+00 1.842205861063269667e+00 4.078299479736260835e+00 6.291416525974310225e+00 5.241908546423243997e+00 1.324034437761789640e-01 9.907637932738889930e+00 3.429937461900603779e+00 6.603847701610793486e+00 4.014278276812453861e+00 1.931472502917825906e+00 8.180041629742824227e+00 6.602479509771425725e+00 5.245291109556809772e+00 6.873962882792667095e+00 7.722494150261547396e+00 8.642017802344902577e+00 8.287079693000412917e+00 8.288810738260965039e+00 6.636555581378108748e+00 3.217429060146584696e+00 7.889354784750290950e-01 3.151675513171672272e+00 8.666402218911168021e+00 8.288830763479451136e+00 9.317563076197703964e+00 2.163341601151077320e+00 6.270522714997167846e+00 2.201347625279017617e+00 6.483311289326599614e+00 7.480851564223179651e+00
6.834609784106974395e+00 4.681451934923387626e+00 6.462243202877756332e+00 4.108531592907693764e-01 9.446373324936310212e+00 4.264005980481599956e-01 9.517827374409689511e+00 6.374009721060447831e+00 9.305902084579468436e+00 9.511490461070511770e+00 1.948962850977826733e+00 8.274326607461844674e+00 7.283002269303889165e+00 6.945780762147140130e+00 7.056143209477357736e+00 4.646911926093039824e+00 5.035136432917175497e+00 1.296134921767839732e+00 9.948921865348026472e+00 8.385898780278617792e+00 7.237598911406174729e+00 4.921444775822894968e+00 9.291439359473010029e+00 5.096027968449100776e+00 6.824842862569608037e+00 9.414586631338043077e+00 5.022600838184202665e+00 5.318775305545758059e+00 9.951713099033341337e+00 6.374885217929651127e+00 5.512051361719459308e+00 2.318200708376586761e+00 5.596279516624232286e+00 4.869231659539519974e+00 7.646291255451677316e+00 8.306635356691604244e+00 6.839642378825086411e+00 6.444887395610217951e+00 1.619714962742989650e+00 7.157581797504619203e+00 9.406824617573699143e+00 7.476443357046101745e+00 3.066311419017631046e-01 6.677013358254468844e-01 9.912201597346342652e+00 1.610960412351274407e+00 8.865898047606707522e+00 9.086385742499136775e-01 8.255704552026337240e+00 6.666242305548220060e+00 3.697953361244143977e-01 9.196973010966075890e+00 7.578253223670015970e+00 9.813640513964504208e+00 7.266727411298553818e+00 3.104099901643678550e+00 9.678548063883351205e+00 5.367077361394988699e+00 2.056317609670816005e+00 3.601268500965808528e+00 6.200359608085990182e+00 2.282970145515700544e+00 8.722977235526522932e+00 5.167504791484644144e+00 9.278605882505251756e+00 7.330345167570112785e+00 5.023340258797169611e+00 5.768245956664515006e+00 6.839190937796399972e+00 3.922478949497767431e+00 7.892260227120695859e+00 7.024564993484513131e+00 9.846734478368723842e+00 5.879296327789729215e-01 5.716756663247187120e+00 3.708443795625711026e+00 7.245116790536632045e-01 4.018443276674509512e+00 1.948665738665632530e+00 1.392674973555614315e+00 4.385387287393061051e-01 4.486047348183557659e+00 5.096296507646712826e+00 6.718210711139308344e+00 5.248291665821489538e+00 9.477652736390872690e+00 5.072757645985429775e+00 6.270559051189841249e+00 9.757536208282113765e-01 1.125827781102698433e+00 7.062304062111080860e+00 6.987136743496496827e+00 6.869811590987441541e+00 4.123192152642959130e+00 8.300946677236853422e-01 1.945132086055240128e+00 7.638824100581674159e+00 3.549832099854634215e+00 1.151201659094296392e+00 5.849603433557723164e+00
7.596102462170360781e+00 6.222321670180211761e+00 5.202867126464811420e+00 8.577252338334375281e+00 1.147339329441160460e+00 7.883158938720640663e+00 2.764728617171441361e+00 9.838888986408258930e+00 5.756261654743509482e+00 7.292171014156489939e-01 6.181786972479608178e-01 4.398595069295266669e+00 5.276961049794329561e+00 2.408782577983206163e+00 6.605518299492985079e+00 9.405659229909524299e+00 3.745373967808883542e+00 3.554839501045870875e+00 3.273607096783605286e+00 6.147915888370762971e+00 6.390485526179925380e+00 5.289544768201270841e+00 3.773404909362646720e+00 5.957271572832009809e+00 1.912308186075757366e+00 2.890911938583279550e+00 3.046172388404465359e+00 1.699107772990053888e+00 1.046670118538262084e-01 3.699431391782454170e+00 7.663228449092179595e+00 3.204167112371153259e+00 9.024822686838421149e+00 6.376038240542861502e+00 8.189876464921164168e-01 7.327988473679289072e+00 9.479197626970258028e+00 8.311349897123154307e+00 9.896768750529965075e+00 5.823115255911782917e+00 4.335764188872936131e+00 3.032986371147805560e-01 3.711272512367720378e+00 3.968294268243677259e-01 4.240636207685266612e-01 1.648558429652857704e+00 3.703792995136359956e+00 4.699308209087794452e+00 7.564160400199156697e+00 9.191816012636630617e+00 5.824077328219498639e+00 3.958116801748510216e+00 7.036878918585286691e+00 7.235299914063353377e+00 2.559072101559236589e+00 2.171728588993593334e+00 1.780939635670449883e+00 8.372240006540250690e+00 8.543918716575788608e+00 3.265097261796166883e+00 3.548367417901523435e+00 8.593818941554404844e+00 3.750766940388214898e+00 4.481056148899548397e+00 6.688947868574109279e+00 3.603875063147180313e+00 9.618602235703546555e+00 9.947524624889381162e-01 3.088517986249202707e+00 4.206672450922055440e-01 8.850296126348780490e+00 8.087027103322814270e+00 4.634850411885982346e-01 5.940312188623266820e+00 7.617818449270763459e+00 3.034777006027251645e+00 2.603143500103032082e+00 4.983866842438063216e+00 5.555690062100318904e+00 8.683273759596293218e+00 7.671063642847069097e+00 2.770388207196846864e+00 3.361298007482249606e-01 6.346030633380794761e-02 5.728167330623731957e+00 5.746341326725157295e-01 5.373973632714312831e-01 4.598014610722183981e+00 3.075272324380147193e+00 1.441903357277307673e-01 2.497200749746473214e+00 6.886918468802397442e+00 3.378823070011503837e+00 6.118701815371218267e+00 7.811544796679589453e+00 4.521641348270588612e-01 9.994919234124164831e+00 6.301428858948181499e+00 1.141925229988400847e+00 3.145780553759345288e+00
2.046640805511406924e+00 8.493402081784373614e-01 5.838937798585011940e+00 1.343860570920397679e+00 7.955519481359045741e+00 9.480118648870165643e+00 2.459660865549906372e-01 3.836634118814825634e+00 6.331413814252097261e+00 7.846748731562691148e+00 4.619091842137107662e+00 3.773875786051610337e+00 3.494285485607897535e+00 8.221180361066448228e+00 5.083036240256761928e+00 5.273774570768374303e+00 4.356871495902689517e+00 4.144104143965745557e+00 3.099914416825328090e+00 6.977673592947283510e+00 2.285833173380817929e+00 6.978792084505620608e+00 4.019185838969274727e-01 9.848073212873121207e+00 1.333855892580668723e+00 9.832467388619264170e+00 6.510700170775782780e+00 1.484890541196903779e+00 4.615492051755515135e+00 1.750992420257333482e+00 7.359689956890870022e+00 7.268399644803205994e+00 7.379673403201092441e-01 2.397269553855740920e+00 4.619398813785386082e+00 7.360836958691108212e-01 7.773847788667840319e+00 5.363757573754699415e+00 1.060871798813040057e+00 6.159862948328473031e+00 5.695421940301353736e+00 8.182508164233983194e+00 6.279679674776238230e+00 1.916011819756836543e+00 8.858480630447230553e+00 2.319188525329256567e+00 5.579603135848905993e+00 1.597923545064506845e+00 1.378161152912869003e+00 7.044379315577313783e+00 6.904125401771262105e+00 1.068385964378910646e+00 1.001748064431583485e+00 2.687539976055177693e+00 2.719555102542639879e+00 9.670840091990376308e+00 4.298892799311341051e+00 5.529648629952388372e-01 1.974107646781505521e+00 3.800231814303700606e-01 7.962421769587483489e+00 4.998240029424323438e+00 4.912410234247055030e+00 4.967011837325982171e+00 8.668869099246345744e-01 2.862261098077224730e+00 7.695896798985220499e+00 2.898372741948222142e+00 3.674985154184033043e+00 7.992404449993015803e+00 6.529522703811304396e+00 2.900540110949010320e+00 3.146596026541782720e+00 7.745014704714362708e+00 3.779575425010148759e+00 4.470015523963589033e+00 3.502027896289577669e+00 8.424024961427946323e+00 7.484930632712444520e+00 4.351948044967139495e+00 1.242627696070616183e+00 1.398361291528363859e+00 6.986529730144877881e+00 5.769705419883780273e+00 9.200192419558494983e-01 8.099364728373418032e+00 3.349694568802452643e-01 7.155726785355994934e+00 6.730153819347178157e+00 3.755759976498734609e+00 7.214322388540994613e-01 2.474567587426642845e+00 6.094386519927495804e+00 7.747404859767915930e+00 2.941231429781749895e+00 2.729240216517843098e+00 6.532757627785441557e+00 1.899176952240805294e+00 1.477139579363280220e+00 5.049042046537940642e+00
2.116235730462334708e+00 7.885338070890043127e+00 5.259465184517861935e+00 2.681734947872040919e+00 5.194308314798324666e+00 9.091984739426546724e+00 1.902844756593977671e+00 5.366255970852681578e+00 8.881812702983081564e+00 6.795341207957614316e+00 8.013131748536784116e+00 2.072482629346562355e+00 4.807013724584767722e+00 3.675936112016745305e+00 5.529238070004386607e+00 2.980616950011396593e+00 9.890482066318368126e+00 8.231112905121559464e+00 1.513178312844517537e+00 8.664191914015427542e+00 5.034178880699469172e-01 4.583419415748178238e+00 8.414196587282358308e+00 5.570021310375694590e+00 6.874244681412565505e+00 6.007345106724520711e+00 1.296508487002049348e+00 4.128026080679925158e-01 2.584548482530770741e+00 8.042227300534680268e+00 6.036955426955994852e+00 1.311336321563594254e+00 5.929235816804308890e+00 3.381693067957352916e+00 5.110908417323515529e+00 4.228804709395142858e+00 5.565271522796982673e+00 4.940349621999841290e+00 2.121294274940366265e-01 1.513897090289743064e+00 4.596452513240603999e+00 2.064530641721271653e+00 3.149062939963280794e+00 2.128252828852772449e+00 3.929382570187804014e+00 4.983219938453973263e+00 1.553579801669326965e+00 1.512321960481695093e+00 9.423551155207372076e+00 6.349325834639562238e+00 9.898190084470378736e+00 9.882359308468448233e+00 7.729825030220438542e-01 5.947862780969725982e-01 6.497536459192007285e+00 4.059168362570471977e+00 9.620140894279938237e-01 5.730426911410622992e+00 9.350700747122908663e-01 2.730132030413057187e-02 5.161905946404389489e+00 3.749380161031963254e+00 6.061756562783855884e+00 8.392146022092894508e-01 3.402138030625959431e+00 3.835245547430923274e+00 5.449084295118642451e+00 8.053603743699680351e+00 4.549839712746804210e+00 4.711249158221341382e+00 9.774854040735663219e+00 7.974315496623111343e+00 4.928106716348250593e+00 5.037805267404358744e+00 9.522574180651739439e+00 4.750387393700023608e+00 6.157359826612740505e-01 5.552625566203301943e+00 1.653171227715495295e+00 3.894044404189397568e+00 8.165057196503139991e+00 5.556281579869887466e+00 9.527766430503760375e+00 3.647856514305681586e+00 7.197961524343688744e+00 8.811976013257410756e+00 4.159156201692049137e-01 4.631584356417127957e+00 1.032720638579120997e-01 6.675300665391724841e+00 7.878167497537990727e+00 6.849772492723390727e+00 5.907317916053067108e+00 5.042445417539266117e+00 9.277694016280701561e+00 5.152040935796501131e+00 9.901700517085725295e+00 9.728416162919765853e+00 5.080980317288162240e+00 4.075708073645628815e+00
5.041223675691778539e+00 6.451639698143438295e+00 4.087359202411647630e+00 7.888871734209301323e+00 1.411404590856280006e+00 6.444646275128916635e+00 2.158370650084075137e+00 5.931245336834765958e+00 7.005512276570030394e+00 2.174989679869799630e+00 7.211890538948036777e+00 1.703408864601388961e+00 1.659602727424713819e+00 3.035226612473369556e+00 3.261114835375107379e+00 1.291749237680872575e-01 7.191713757748363633e-01 1.011568327704094328e+00 9.642226439389329329e+00 9.327880154618684472e+00 2.194676613711765700e+00 8.274928453729872402e+00 1.934400693471758359e+00 6.013644062078884467e+00 8.809014622857372245e+00 6.532623887784474448e+00 4.936457935036414391e+00 2.175219218652416409e+00 7.352728920462637596e+00 2.699250956726753081e+00 2.556780960730731245e+00 9.036744375878116742e+00 6.335283366385752402e+00 6.351837815977070534e+00 8.351438021267924228e+00 9.612657758582214385e+00 3.766754162368294523e+00 1.232172451637386645e+00 3.431330931976463994e+00 9.163803358226353168e+00 6.755332661239256353e+00 7.294131404540751262e+00 6.533371874023660375e+00 2.065097585894488663e+00 9.278768377842629533e+00 9.590522120034473019e+00 2.369158039204122268e-02 1.813483379227976977e+00 1.708203277487954086e+00 3.817095194210259557e+00 8.904724547665628265e+00 2.443624036624625351e+00 2.254087279608025796e+00 3.315988681145236594e+00 7.859946322519152595e+00 2.652826845205621176e+00 6.426122071779181155e+00 6.741265679283996448e+00 3.417801045139334803e-01 6.080608352451731591e+00 9.232886173909417238e+00 5.341566698710874306e+00 1.178482861077270183e+00 2.896369981094081503e+00 8.961606262997268146e-01 5.826502413886500698e+00 1.877249321637751711e+00 3.380913938976966016e+00 5.408794224815568263e+00 1.191729357449378135e+00 7.277971864781445532e+00 2.171888935527820585e+00 3.531026628847716786e+00 7.583747886414355044e+00 5.433400134898419331e+00 8.698314737749662129e+00 2.383120247485623899e+00 4.887225357993929542e+00 2.967605400561323936e-01 5.500121477956138705e+00 4.793475940725469897e+00 9.572092941351389328e+00 3.259359401476479512e+00 3.373506836959544231e+00 9.690310233471963741e+00 5.948909496414739095e+00 2.939223635597458806e+00 6.855406544935815027e+00 3.388668247495424168e+00 2.580571474327015835e+00 2.516675850780440982e+00 2.740499216082227463e+00 5.341797497954519969e+00 4.593354312945857387e+00 5.078236084919649507e+00 4.844755630847149774e+00 9.510777968595121479e+00 2.089572492638395396e+00 9.079350456050441665e+00 9.030855224812917470e+00
4.203844232501126044e+00 8.788173790306650801e+00 9.667461296263601511e+00 5.669485615346255614e+00 2.218465614766922389e+00 3.737520088768407689e+00 1.020843983227593954e+00 3.685560506939977721e+00 3.046600450949454864e-01 2.536297925540193177e+00 3.332295204813243927e+00 3.121099467259723426e+00 5.880162228013451120e+00 1.918012557991497502e+00 2.965914789868639989e-01 3.358219147984937702e+00 8.107512596401008409e+00 4.552431326922726562e+00 3.670025871610904655e-01 1.621937270141049492e+00 5.411548991326609936e+00 4.486319855580153337e+00 7.149106784017812188e+00 8.840311392772393972e+00 3.525468056400227201e-01 7.954643066329896151e+00 1.970039496580422433e+00 8.312732836220320110e+00 3.828736275998280369e+00 7.396075498636335510e+00 6.957599523117998785e+00 2.991341289603008935e+00 2.588875451592488552e+00 5.922531666065633971e+00 9.335198760109586047e+00 8.905041130265477278e+00 1.248999243293621442e+00 3.851904551629624862e+00 9.677073692501183544e+00 3.966479812469441146e+00 7.901843321126127861e+00 2.425064958731875109e+00 8.780567353676849152e+00 7.931076144975231834e+00 2.566764713966491751e+00 9.692593334839608943e+00 3.060160109830722064e+00 4.843105151958303267e+00 2.465168516409658395e+00 4.880930130781070631e+00 8.095169590177990315e+00 1.058616023511007587e+00 1.764292094999659888e+00 2.500012174533438269e+00 5.875758118978269273e-01 2.046368658629622583e+00 5.184683933444641291e+00 8.920376174346607456e+00 2.617587696982627499e+00 7.817563558163858950e+00 4.698772606017280751e+00 9.762109207154527013e+00 7.065859365266665471e+00 9.999386712352443141e+00 9.796239553477553486e+00 9.720250881381817365e+00 5.769504223187738035e+00 5.433256079583573595e+00 4.395083545893366583e+00 1.964556318085463049e+00 9.100823757742723785e+00 7.126076094686471407e+00 5.633405277163694436e+00 8.550425948910882923e+00 3.109695242372187973e+00 6.428572867132187341e+00 9.989615223247742648e+00 1.540370436877869231e-01 3.577235929779936097e+00 9.122973646260213343e+00 6.521886785455428992e+00 8.640766672442566687e+00 6.557388064487374102e+00 5.528972006036556586e+00 7.335697317895501612e+00 2.083678470287704254e+00 7.735540542453123170e-01 9.639519567235065978e+00 9.296502798119989919e+00 7.235881850914505087e-02 1.582432325570047871e+00 1.625800372921706316e+00 2.423898493052025760e+00 7.901805194986213365e+00 3.451767447153335500e+00 9.653351025424937504e+00 4.133598220992656280e+00 9.149594921333763509e+00 3.597632463605707542e+00 9.399396378037694788e+00
7.795241914332247113e+00 7.936941233889198699e+00 5.642325788084637139e+00 2.045509300169674471e+00 6.408609571714390718e+00 6.938815518614521949e+00 3.179859246269121975e+00 6.771250221440269002e+00 9.119635260653391029e+00 6.088631005136337926e+00 9.713557948849112833e+00 9.039323380854465739e+00 4.853882844412078512e+00 7.350139078815960403e+00 5.296456240628483414e+00 7.662495560101882930e+00 9.845872851688712402e+00 4.890224097885809584e+00 9.366160066315812216e+00 1.239016156257143342e+00 5.446981803103282616e+00 4.929349434225322568e+00 4.508481644819828382e-01 3.927193309211463035e-01 5.472319145041955935e+00 7.859591345713489829e+00 5.355341818604700599e+00 1.473457485344045192e+00 1.328440735205147494e+00 2.293052581649381860e+00 8.535989813972179263e+00 1.596871627274918382e+00 9.862641837024437308e+00 1.152941938594692628e+00 1.296583961990001033e+00 6.857713764254524946e-01 2.162804240109386100e+00 5.759561829876269634e+00 9.874080628935145043e+00 2.793965090002346052e+00 9.879843590190603209e+00 3.558811199457845298e-01 4.256153360599483015e+00 4.337295895819933911e+00 4.140416181620425462e+00 3.074250561022173756e+00 9.116928586480976815e-01 5.152351522294821073e+00 8.713648790707861025e+00 1.093724898047325755e+00 4.974096235598150173e+00 3.294190240592204333e+00 3.361253942810709994e+00 4.882619923598198852e+00 1.998501097170624075e-01 6.939877426113327807e-01 6.442810648984775845e+00 3.856233764684187104e+00 6.952618327708510293e+00 8.068152901487007256e+00 9.649501857122663395e+00 4.661670359888749893e+00 9.094282010220822166e-01 2.684575613475340461e+00 2.761095110881190973e+00 1.202699403036100456e-01 4.566644660964694680e+00 7.745985142277733715e+00 7.984236674075417817e+00 6.856708679260191452e+00 7.214015146137242596e+00 2.984543086089290753e+00 8.689617703308005758e-03 8.143377790768985491e+00 5.335727602857181395e+00 1.760300190980574886e+00 6.580145332530168645e+00 1.397548860431820916e+00 9.412599354354590275e+00 4.311977194504871491e+00 5.890371367755329324e+00 6.665339963799143952e-02 5.073430187284086124e+00 2.991100395200430029e+00 3.186761222119090853e+00 1.687983894363881410e+00 9.107692812867316690e+00 1.676641460039445253e+00 4.231205855867004040e-02 1.487714031718964103e+00 4.211361751833377021e+00 7.231128258966201372e+00 3.628900697201131731e-01 1.828958103742502894e+00 9.244194535670738233e+00 3.498248632219480569e+00 1.419116145345493685e+00 6.378707256341400011e+00 5.587691431014035537e+00 5.628931088646713654e+00
2.132337166479153723e+00 4.026453803672755960e+00 5.109411074270658659e+00 8.217726798196617111e+00 8.081995951761527408e+00 7.126721176895838283e+00 9.832170356319835491e+00 4.124126088986620253e+00 6.597461066436903998e+00 8.033268380844770462e+00 2.685919098419147222e+00 4.755423399161707643e+00 9.476107542001594553e+00 6.267263837154729345e+00 9.957465387140228330e+00 1.285594753463416007e+00 1.689212294600394015e+00 8.972038331371647857e+00 9.971806353020851166e-01 9.204392696547905928e+00 4.447533630723472520e+00 2.831443827653271406e+00 4.451020878278476367e+00 7.688748823989703496e+00 7.382962331193764882e+00 2.860859211665789381e-01 4.888841602630799699e+00 9.173758594350740481e+00 3.197521581394694223e+00 3.935072016801546280e+00 3.149402014884172818e-01 6.574226541289962533e+00 7.360404968351791588e+00 3.463306952045766884e+00 8.462738037760885845e+00 3.552370748777912368e+00 9.732869632394955062e+00 3.199956543940007947e-03 9.030714454124609603e+00 1.107051440915164386e+00 3.152594179621932557e+00 2.227707240488068230e+00 4.398440775910446909e+00 2.914458995637063676e+00 5.502109001659270859e+00 9.174087475624670418e+00 8.692863271627217614e+00 2.159856221366174278e-01 8.227316242544436165e+00 3.563632762719023184e+00 3.373471834734111940e+00 3.537224109144289308e+00 2.282003631814244482e-01 6.320349494186702444e+00 6.348292647428682045e+00 7.442574395087352634e+00 1.870311120733972876e+00 5.368166640771859122e+00 1.081300892630300270e+00 1.316262722077514713e+00 8.918754657876382552e+00 4.875231870653546018e+00 4.259460728983888167e-01 4.007511107885072477e+00 2.032030560462461111e-01 1.487695564941656778e+00 3.190008676898066220e+00 3.043119240316723761e+00 4.341095460079067436e+00 5.722708031507655946e+00 9.183008247432143278e+00 5.391026781107211896e+00 2.774942118687968584e+00 3.243823079306028312e+00 4.530286025330187094e+00 4.195141270189254534e+00 1.062588995812363546e-01 6.368455078092079447e+00 4.398550044898868805e+00 5.249437848045456434e+00 4.999521226987667433e+00 5.667777550749145909e+00 3.941956321934052543e+00 7.762587424050433782e+00 1.075971269039263101e+00 7.814668126125993375e+00 6.130396311923908215e+00 7.839652949126413972e+00 2.257858484169944724e+00 7.574104131797376738e-02 1.873514581214296149e+00 3.239810923970250833e+00 8.243872977417650461e+00 5.971489400344659693e+00 2.304462912098502514e+00 7.174185976056346448e+00 9.631085733924113157e+00 7.385579770354850915e+00 5.191079029078137452e+00 5.327250440857177693e+00
7.549756929067642730e+00 7.821273111328997274e+00 7.920218823350556825e+00 7.597918095185733023e+00 7.165763262021807023e-01 2.685962965732200391e+00 5.302111324907653689e+00 8.826908857200068681e+00 2.564759230163326187e+00 2.843473227087990551e+00 1.519668294994036550e-01 5.803435573009751991e+00 9.360586865470652995e+00 4.563062604080092566e-01 3.320083068821355621e+00 5.787752726663246250e+00 5.089283385824383554e-01 4.806684880405693860e+00 2.836003956476726984e+00 6.910374239215840930e+00 9.989132714332460417e-01 8.331916578338606882e+00 7.948257000330197997e+00 1.405693394977277633e+00 7.864812840815302408e+00 1.543080137104965166e+00 3.961806896314254089e+00 3.719453947587141318e+00 7.293427836790115748e+00 1.350949462173424154e+00 9.448506317675860799e+00 2.045773667494520609e+00 5.250228724965543492e+00 2.737650491427281452e+00 4.161474652899673998e+00 6.821118758069395938e+00 5.659854372746830897e+00 1.972041822982492087e+00 7.420402741914585931e+00 7.666680799140053182e+00 4.459432265710336019e+00 6.129823970544099332e+00 6.115352388521638538e+00 1.629683506914985092e+00 9.108377649924964459e+00 1.547422372980491456e+00 1.113712688054069311e+00 4.943996282943541321e-01 9.234023148876007170e+00 3.563924820007595695e+00 6.727145198271998972e+00 6.016186470245664886e+00 5.586291315993724638e+00 5.490474115759161222e+00 9.178055789479543591e+00 4.565905019150320321e+00 4.268657600702036703e+00 8.857997967123354410e-01 6.762896891664955668e+00 8.573137632565929422e+00 3.768048433530205799e+00 8.066264029303771288e-02 5.049320617699226688e+00 8.977421963111400061e+00 6.907383691294993966e+00 9.911069042546603924e+00 6.278459683699219696e+00 7.711895303544327618e+00 5.333208698252908775e+00 7.469648738476186267e+00 2.895113736780261515e+00 9.011910138137182003e+00 4.485798908499061710e+00 6.376961150440636494e+00 5.758456372416932645e+00 8.218237244995810542e+00 5.371305450380781110e-02 6.378384612881516702e+00 2.377300581477105546e+00 1.269000935552485609e+00 8.470950134850598445e+00 4.568915738886136779e-01 7.474823666973438918e+00 5.122748492256326891e+00 5.393803466363951138e+00 1.020469594550779124e+00 4.114412240740551674e+00 6.289196478139297497e+00 5.119635040650485358e+00 9.705548482604719140e+00 5.009139964362132602e+00 6.795262650480267119e+00 3.166921240291183715e+00 7.719560310389427471e+00 6.756200788882861019e+00 6.502356320374957477e+00 6.428502253237803998e+00 9.827439395930781529e-02 5.128793522515413983e+00 7.935103948284513820e+00
8.381605591949081724e-01 9.412303643432013089e+00 8.609848506531406542e+00 9.211883995433947092e+00 4.223812463881454704e+00 2.264364880230671506e+00 4.941890326769970088e+00 2.490132631255884910e+00 5.012628236989157493e+00 5.182486293401687760e+00 6.550509957513440895e+00 5.349961091622668086e-01 1.308498403532475374e+00 6.070227170850581722e+00 1.281100064842199959e-01 4.603616335269681059e+00 8.923815938175717832e+00 6.870234240482403720e+00 7.386147597718628610e-01 9.663976810942056517e+00 8.308508243954642936e+00 9.296753136646403348e+00 8.507151108645553350e+00 7.677085889521965356e+00 7.056684240221345661e+00 7.746733563292530711e+00 4.220067716257101864e+00 4.269214508723893964e+00 7.922802579753868812e+00 3.959530833251754256e+00 9.928658477647665848e+00 6.890533550105224947e+00 5.508353259575682337e-01 9.518343750365069411e+00 7.636022436909698285e+00 4.630604051090701390e+00 3.920785727263795817e+00 4.744740691548554601e+00 7.027697791586834164e+00 2.968096106185672767e+00 3.013001559025525466e+00 7.912954177607302242e+00 3.040497548129044159e+00 8.165895062187106035e+00 6.803104075757895330e+00 9.494661646395456955e+00 1.500202540100414872e-01 5.438228940551260493e+00 7.921376376073241410e-01 3.317582491058047367e+00 2.295397362575404276e+00 7.817534682215806718e+00 5.373375252024633397e+00 3.546167709741216978e+00 7.064489698148205932e+00 2.078738979394848307e+00 8.443044708083490946e+00 1.472324879501619721e+00 8.141964680556194267e+00 3.437605274289856627e+00 3.800457425597159045e+00 6.196320995970378220e+00 8.294697483107368541e+00 4.856182045349076937e+00 2.488090955500348311e+00 8.636597622057987422e+00 6.808350596809694011e+00 8.542756357811706280e+00 3.345660905738530033e+00 7.081133264407812877e-01 7.252977761330620332e+00 8.633118386227494057e+00 4.816606445107670886e+00 5.093715048321319827e+00 7.011465170181797824e+00 4.878693590959676030e+00 5.424740547817911818e+00 3.862415669380424355e+00 7.579863976505313516e+00 9.981898343430033904e+00 1.223501589943306600e+00 3.998294221618536870e-01 3.652763303173856890e+00 3.062635601922831796e+00 2.841849731747390084e+00 8.226328817122892545e+00 2.040621750192934680e+00 5.464361843643441574e+00 9.892238942819588488e+00 3.063657927360240230e+00 3.923506534180333460e+00 2.158557883307486769e+00 8.976066076638241853e+00 7.614813739316996788e+00 1.089043477221228740e+00 3.464505480729351827e-01 4.289662488019974074e-01 8.630260961125721053e+00 8.795924277870717845e+00 5.094787518821485506e+00
6.175139518865280230e+00 8.448739653453229970e-01 4.497916231863055891e+00 8.046369825626353833e-01 1.750641640468559856e+00 6.411842496968732874e+00 3.695897965738516255e+00 5.863939521582040015e-01 6.218814753621377811e+00 3.510732491444134240e+00 2.898019495471120255e+00 1.918269243905550425e+00 5.415774152116203943e-01 1.132548113370334120e+00 2.965149105853182032e+00 1.861282997477285983e+00 5.028198578056976231e+00 8.406018813677629709e+00 9.060293343006621924e+00 6.699320717979482254e+00 3.924510697023469774e+00 5.031102280836973861e+00 1.360967731247173518e+00 5.427869542679934156e+00 6.870559990248871429e+00 5.925694972271754679e+00 9.021425363028454214e+00 9.299223206401277864e+00 9.958426636349518191e+00 8.489684094432487171e+00 6.184753245888482631e+00 2.184180431218452068e+00 2.098029181738395366e+00 3.995850982512131111e+00 4.649301550751346213e+00 1.545828797888957329e+00 1.123546278618631211e+00 1.543605384230507527e+00 1.001262599247987328e-01 4.037568836032789932e-03 3.076281003506261769e+00 7.027298459020919985e+00 1.822802386506983119e+00 3.493967510386895903e+00 6.791998785147694839e+00 5.322294681998823052e+00 5.006190377564010419e+00 2.281344954878350428e-01 2.655780688803131895e+00 5.907023661622146093e+00 7.197463294417072444e-01 2.722632614619796776e+00 6.775615751731360881e+00 4.075025519051983736e+00 8.574507410911037297e+00 1.602129707715387319e+00 3.214506699044332727e+00 1.224936001598813107e+00 1.057826340832289658e+00 8.383514511825485016e-01 7.998965536046283908e+00 7.980604409144688383e+00 6.743980294554226873e+00 7.109110692493536554e-02 6.677990525125016674e+00 5.773048660941282328e-01 5.227957271488431701e+00 5.346895907592435826e+00 3.931277977499123555e+00 5.513621109124622777e+00 5.119795433758994818e+00 5.845534900070150641e+00 4.513109084612509037e+00 7.559492615162046292e+00 9.634707410236853065e+00 4.028424280819031367e+00 5.442357951459606547e+00 6.683370773892906236e+00 5.991861559093410783e+00 8.774659412050473506e+00 2.661608979658312002e+00 3.895195795979611297e-01 2.395996563333044893e+00 5.900787184221878423e-01 1.093442355875806626e+00 7.712447594623494940e-01 9.377183247388492404e+00 5.109896036505555905e+00 4.545611254640315124e+00 4.995687591385151727e+00 6.365340561768674021e+00 6.390455206160838841e+00 9.474060497063184982e+00 1.823923920137939803e+00 9.820303607372414589e+00 7.185100292375610209e+00 4.306070793465075042e+00 6.567321329919884043e-01 6.941283403062607604e+00 4.266074694076683826e+00
8.988819866742423059e+00 6.667964117689010095e+00 8.744956728410418378e+00 1.811810069094700326e+00 5.663164597975500314e+00 9.726240366493758671e+00 6.167659422290345361e+00 9.229794286571408435e+00 7.163860530964844209e+00 9.425714558966927115e+00 4.137408682575615337e+00 7.627244413997495087e+00 4.120979222307433076e+00 9.950415776613978025e+00 2.424473318861170235e+00 9.127655512659240244e+00 5.229356640361992881e+00 2.247765821353363336e+00 1.552417487688474429e+00 6.533657901663675105e+00 8.923106945398341594e+00 8.769529278903792857e+00 4.745227077592640619e+00 2.701300294657771328e+00 1.628151474020176348e+00 4.442304043839899741e+00 2.470728104294985794e+00 9.532923496799902807e+00 3.062418004368288038e+00 3.430474660032588829e+00 7.499451002584635262e+00 9.185561088073207259e+00 5.940424687703163897e+00 2.698223088689566396e+00 3.084503768501314358e+00 7.397849165235692581e+00 4.361907313606358194e+00 7.523003928307703703e+00 5.040334115325524778e+00 9.559719972343946992e+00 3.159791565441028016e-01 2.028427833762227461e+00 3.094967759107895233e+00 5.906182243106462337e+00 9.459949428955233941e+00 5.464091610199984572e+00 7.068200994270943838e+00 7.634373159672551701e+00 9.256178850313292017e+00 2.806292014778444255e-01 4.673069666191752347e+00 2.408419532165215760e+00 7.278949064990239748e+00 6.244242102626339275e+00 3.777654553684590688e+00 1.626241442102338564e-01 8.166792820037807488e+00 2.086991308733950667e+00 8.850218818524112407e+00 1.275585782499191190e+00 4.548742305397523111e+00 8.471311005723935139e+00 2.828183842229798017e+00 9.092345498137529347e+00 7.517426375260622073e+00 4.190147130396134401e+00 8.359997864242194154e+00 3.398038765993351973e+00 2.437162694808564289e+00 3.576721117306409514e+00 8.245259101526219325e+00 4.306190549012418600e+00 7.894642959649016412e+00 7.005457349057962801e+00 8.795739431022621346e+00 1.375737654088097228e+00 1.260585283495345710e+00 2.792697838699650603e+00 5.593147890895311392e-01 1.855701417944766174e+00 9.399558288354016966e+00 4.496810133103251061e+00 1.970938374396851156e+00 4.960456230311685921e+00 2.746426930296375080e-01 4.240706371372615635e+00 4.973657812550174029e+00 9.662928442382614946e+00 3.092855497671387344e-01 5.872135876313967273e+00 4.817122973562002031e+00 5.415914181143946848e+00 5.707275462182779258e+00 9.910913769309363630e+00 1.278138940833388748e+00 6.046702812137783045e-01 5.665986512007815890e+00 4.046338793739137074e+00 2.957648635338230303e+00 1.939383870327932025e+00
8.808774351240499456e+00 5.474492932691060076e+00 9.415735349886375616e+00 4.408082940294083762e+00 3.340934805890793058e+00 3.343017155965201326e+00 3.077181300754265880e+00 9.904243650897001316e+00 4.225414135585348063e+00 8.207046574957077567e-02 9.948708543926054748e-01 9.557076310592645285e+00 4.383228182785781080e+00 3.016481579822625214e+00 4.010072910114904410e+00 3.462129055489626683e+00 4.524135598407339032e+00 1.312237078556300895e+00 8.157537682128868539e+00 7.428464946942860969e+00 9.625869561327064616e+00 6.114356402552147074e+00 2.142338565230098801e+00 3.760106636854537498e+00 4.205021301596084449e+00 3.631122019630796949e+00 1.030810495180566333e+00 1.931966157966582553e+00 2.669318427950770900e+00 4.625962392564186842e+00 5.776824716450125408e+00 5.386958597999040421e+00 9.678254547425888532e+00 4.013492286108838236e+00 1.536498060546920286e-01 6.093980648708095416e+00 2.596218747444241082e+00 3.581849722741513808e+00 8.806772391016622237e+00 4.166968160320829284e+00 8.034521695581098299e+00 6.184738336948695014e+00 3.442737953707863952e+00 6.899264407368212559e+00 2.651887814831990209e+00 2.079862664975399511e+00 9.224698924458551996e-01 2.930409779767639833e+00 3.729938710224907972e+00 6.066384368477242717e+00 2.955926971588995755e+00 5.414374878322059104e-01 8.104554331439798531e+00 3.216724737545285429e+00 3.641094382928291573e+00 1.180127683916228909e+00 4.250791941787933403e+00 7.256759253546361421e+00 2.845038583099490648e+00 6.308711754481647560e+00 5.026271147849667997e+00 4.195193872148605507e+00 3.009614316678872470e+00 2.850791300367851999e+00 3.551058582334443159e-01 5.105103673601718572e-01 2.454044445893643900e-01 5.148072568756420608e+00 2.361742830296083895e+00 7.245474833362575140e-02 9.861287158097553629e+00 5.278121769052649626e+00 3.116032029137868697e+00 7.509166936304998430e+00 1.069703305129346971e+00 4.204166640227990470e+00 1.412595135740881691e+00 1.136603714278526800e+00 3.506666446182042929e+00 4.054858432606001095e-01 7.605852681631708023e+00 3.728853200509600008e+00 6.564032506594584149e+00 2.698091730833472646e+00 8.338850090372416091e+00 2.333412920554899017e+00 4.121568728672126092e+00 8.663536710395131735e+00 4.082388905989787986e+00 4.109541229427767561e+00 6.569559896833860435e+00 7.450047108453947686e+00 8.855668540903638419e-01 9.822514412138087181e+00 7.876287839080968745e+00 7.500589397217972021e+00 6.037501786543644222e+00 8.593835848372044950e+00 8.342527420227357382e+00 5.072644972830397947e+00
7.895939998767167012e+00 4.766081855471648865e+00 5.138488621826442504e-01 2.270109941108977569e-01 5.841194061500710966e+00 9.553278192170127525e+00 9.227271675158203124e+00 6.625561300541416010e+00 7.212049211313315666e+00 4.568099005158473780e+00 3.243458074191984952e-01 1.421226115537734813e+00 1.595130013666485880e+00 1.390511702432551955e+00 3.563873232878588482e+00 2.980506346115872063e+00 9.998749303075635808e+00 7.454120596303548396e+00 6.846909899603041083e+00 7.238611034825551904e+00 9.152088228277253990e+00 4.126190376382639080e+00 1.943148179937500553e+00 7.166479039518748095e+00 5.814507367935124904e+00 4.544198637597816948e+00 4.473167045762631133e+00 7.433814840790442524e+00 8.978653279678431076e+00 4.279495653277790801e+00 3.835084135891089208e+00 8.193635630121420377e+00 2.402328544061357540e+00 8.682801354254333859e+00 9.650077285022591767e+00 6.036094555186021893e+00 5.980501797080206572e-01 9.978154869030502638e+00 8.401526324654081890e+00 5.621959949354932817e+00 8.300290507215379421e+00 1.489421984332376381e+00 3.676682943700172679e+00 7.680373985743538245e-01 5.197881672506291295e+00 8.660636286124042016e+00 8.287098802023605160e+00 6.047025409830657949e+00 3.067882321673729429e+00 3.216969976239094642e+00 3.698565309329743478e+00 7.847997996224572503e+00 7.967814541678542639e+00 3.100704879843227069e+00 1.173081451076304349e+00 6.392012041340533912e+00 3.890973147151558287e+00 2.585160007135449689e+00 4.573004707004578506e+00 1.410224125305418186e+00 2.228842096923167038e-01 7.456912699018136692e-01 8.712553132320513427e+00 3.429799521949683516e-01 8.205450726656716043e+00 1.671107716733933879e+00 5.572518552666739566e+00 3.518253036027839897e+00 5.931499807480712150e+00 1.678201358556508094e-01 9.563452772183051565e+00 9.660263509987291997e+00 2.178837354931839609e-01 8.571657368780149611e+00 4.494895615334629113e+00 7.459091053911243385e+00 6.267522933633008719e+00 7.437570896943817012e+00 3.030453784988271781e+00 8.549817898874138677e+00 4.429439008692142465e+00 6.497392170590606142e+00 1.424914096002067865e+00 7.129664492749332450e-01 5.075835176512201841e+00 2.656204429231676656e+00 8.692880277200396577e+00 4.948470524421078043e-01 9.491114529444317327e+00 8.276214051421707296e+00 9.776474502879660022e+00 4.440229385834426612e-01 5.174138764264587742e+00 3.633937248610749293e+00 6.636085384585607372e+00 9.728031639856216106e-01 7.164830867124599934e+00 8.825126004087904263e+00 7.509566053573085043e+00 9.725724281870798293e+00
8.538927406121951336e+00 6.942639352106390049e+00 6.768074326361487536e+00 8.959026093208100505e+00 6.981628229735256319e+00 7.925101935006746423e+00 6.631518334787377178e+00 7.080870672282561173e+00 5.301915858702289874e+00 1.259105484010710763e+00 7.337739207404558428e+00 4.087710923963506104e+00 4.132605946122195562e+00 5.434599647672046174e+00 8.889408934634609238e+00 6.505862723410285930e+00 1.769138478027530992e+00 9.858809881954847754e+00 5.057037788057272554e-01 8.560195113551050117e-01 3.528733965041774834e-01 3.498143669951343515e+00 6.023185802815186562e+00 1.993970027980985771e+00 7.572499964329185929e+00 1.340195455672237301e+00 3.656431432529734238e+00 2.705842664133767173e+00 8.527042740577059021e+00 5.098419990089925413e+00 5.603964939397788392e+00 3.238519423888528426e+00 9.327584810662395753e+00 5.587132228831034553e+00 8.338837108391082609e+00 8.897077561202058504e+00 3.308460017347961468e+00 5.175282498087152572e-01 9.227167556700427653e+00 6.537907290480672984e+00 6.211105578813291839e-01 4.463950926942907849e+00 8.645771189377573052e+00 1.404559151012524376e+00 1.725490243205273222e+00 1.952308589352493851e+00 2.676788633839448650e+00 6.174795475783232845e+00 6.175147267043335830e+00 9.936910539065357817e-01 5.264493359277503615e+00 3.180863327503637095e+00 8.105195706121459676e-01 1.616472651117195625e-02 6.820928174717488801e+00 3.556179020752915143e+00 4.635908111086096461e+00 4.868188631864946991e+00 1.142103652794301816e-01 9.223353130835164393e+00 9.120797040032753600e+00 1.463117026877284177e+00 1.996025994560065575e+00 6.417893725992296350e-01 1.664505121157914269e+00 7.457610454807155342e+00 7.794192227099152603e+00 8.747589064471574360e+00 3.826886851484672114e+00 2.016485440697982412e+00 9.815608234346584027e+00 1.282687994480361526e+00 8.561939243448113857e+00 1.387211846224998268e+00 5.498224984914674707e+00 8.995662257948934482e+00 5.896778703230852514e+00 3.602976829151494087e+00 7.876429400674354930e+00 8.452548884083922687e+00 5.814140588171216706e+00 3.866285193568237410e+00 2.707020577104216841e+00 8.702472301634660568e+00 9.244813886903834543e+00 2.425218250768652606e+00 9.952816885616808662e+00 4.785967245326999908e+00 3.676122718943712009e+00 4.478712796456503220e+00 3.976788363205034926e+00 1.666744693038002545e-01 4.656663947628658207e+00 4.272080763963765015e+00 5.567539874189611382e+00 2.069313394905151426e+00 2.934757218498063036e-01 2.534360745188100061e+00 8.436151316600618344e+00 2.275310872708358190e-01
5.451829863335289517e+00 8.834183257340329831e+00 8.480755554153184050e+00 7.145370974880959736e+00 1.992882016356245511e+00 4.586911581494074852e+00 6.220945292659093795e+00 4.637436189211616266e+00 4.958694880830917029e+00 1.494898710749834603e+00 4.311499862764659241e+00 7.733482205468332538e+00 4.215016905886406207e+00 6.321880171632515477e+00 3.056637325384292669e+00 5.628128466204551650e-01 4.802761149109975314e+00 5.838271047816778747e-01 9.264041390722606906e+00 2.777291228579944260e+00 5.506303485976359546e+00 1.656335963185378013e+00 8.108529036083826469e+00 6.802440934507743009e+00 2.038454393996491643e+00 3.652543875071248003e+00 3.743664225434770731e+00 5.584034431522947983e+00 6.112288995551743653e+00 6.034621312918481806e+00 9.297335879969457650e+00 8.598502274168364323e+00 7.907280992313181045e+00 1.803915500027383212e+00 2.106475613225089472e-01 7.287936329187197693e+00 4.485108550253507076e+00 7.936257379211886231e-01 2.266148543685858385e+00 9.763054970753753281e+00 9.891212112985879656e+00 1.046771197514095864e-01 1.372169541325483078e+00 8.930887665147942300e+00 5.887604288021611509e+00 6.328658802823239338e-01 9.302292554934249225e+00 8.149581810755792688e+00 2.467705661944255002e+00 8.848194481921213495e+00 6.253648242864795481e-01 4.446865448648912533e+00 2.027335702822220753e+00 8.600332517835271418e+00 8.642163874888801445e+00 2.969717477488094115e+00 9.804060757370363532e+00 5.315160115689780085e+00 1.425321995414641219e+00 5.039081222749752786e-01 3.213381590243717056e+00 4.847704796419383122e-02 8.653112399932435750e+00 7.092633580797831350e+00 3.257750989757145277e+00 5.780033073388624043e-01 9.461404285536010761e+00 7.569756441977578021e+00 2.425078117069312533e-01 9.096014975264672842e+00 4.281630003674963270e-01 3.901013970185051249e+00 3.442303778412780790e+00 7.853050387855388337e+00 3.299799808202003248e+00 6.676395325391236923e+00 8.529622848761153620e-01 2.554060848575620213e+00 7.245634939423684528e+00 6.127400719993115530e+00 4.571772457373643128e+00 4.761142845273113267e+00 4.267565918401930780e+00 2.690937107767517045e+00 6.663963372925874040e-01 7.910546700124569952e+00 8.999359658958450581e+00 4.827244513219508537e-01 2.204450778889393003e+00 3.786845290649343276e-01 4.689084790856221652e+00 6.048960512405875178e+00 8.443565458732154028e+00 1.912648471808442441e-01 5.414011497797732719e-01 8.926192605734117436e+00 2.740605128855243322e+00 3.399848450804511479e+00 1.164359421829703756e+00 1.444866108536245752e+00
6.122284171808055397e+00 8.018580039620495370e+00 1.985556000377918240e+00 9.825149699163382877e+00 3.363101203376377413e+00 6.989319404883486797e+00 9.781002453625555759e+00 7.036291501302449625e-01 7.068650198013219921e+00 3.326583728830629028e+00 6.170325888921183832e+00 6.643222765254735762e+00 7.732531274262988141e-02 7.715295287838679350e+00 2.686362734713871880e+00 1.869577165119671314e+00 3.968965944723103156e+00 6.842126895152209620e+00 9.556100899259305947e+00 5.877212118303035027e+00 2.862901979467591396e+00 2.332457910030157677e+00 5.362572480698755584e+00 2.406627216869494656e+00 8.723943779988051261e+00 2.056184909921483506e+00 3.395482112632945970e+00 6.716185756648385130e+00 9.429112090861298867e+00 4.244036617012739931e+00 8.226765308540278099e+00 1.404513597781865686e+00 1.823375371145503632e+00 1.601973579569430095e+00 3.215473365787888671e+00 9.389567799222030331e+00 5.868572764936439867e+00 9.580085756157801669e+00 5.283526505070796908e+00 7.276839499302834469e+00 2.704581478593507171e+00 5.841381412652971505e+00 5.859015089717959590e+00 9.768963725154710787e+00 8.638957288344377261e+00 2.462723391852864374e+00 6.008942290728924718e+00 6.431199907315478193e+00 2.369706168644101218e+00 5.824230751065641698e+00 9.239172078954508649e+00 4.797840198117063082e+00 5.614357426255055294e+00 1.581881598595751282e+00 2.437493869801246049e+00 5.330266494007278588e+00 3.266510231352462768e+00 1.095081294295480179e+00 9.929068841390503053e+00 2.634996027326099721e+00 5.590075362496680356e+00 8.241300090985827609e+00 2.404947405415931438e+00 7.218832767696774511e+00 1.866834825925073327e+00 7.131847547107295071e+00 5.912796202687316871e+00 6.367410917178161434e+00 7.975709739587366620e-01 8.304849274675152326e-01 6.587347364206315170e+00 4.460694860289898145e+00 7.433779504481447198e+00 8.012214832754267491e+00 3.134815999828139077e+00 7.887850208384370454e+00 5.881413574547950773e+00 5.984350776747663581e+00 5.358251452853238561e+00 7.663821654303752062e+00 2.192313896963203668e+00 9.494068021174177474e+00 9.821695885074369414e+00 5.093019715820447324e+00 4.050454566456387795e+00 2.392915795017001024e+00 2.825121683829011410e+00 8.367193911418709718e+00 2.896647333136668223e+00 1.408815103977486549e+00 9.856550385557824256e+00 9.170558937501297692e+00 8.905828999806832513e+00 8.635988132774039983e+00 5.065451510520060374e+00 8.232842043713104019e+00 2.819620124193267241e-01 5.979738452397870496e+00 3.356862545389115660e+00 4.646256981321639223e-01
2.732537921583952922e+00 8.754217641029852004e+00 8.599821887901907047e+00 1.419029721135443012e+00 6.181056605082470234e+00 1.589406684551658566e+00 3.841198706397595863e+00 9.234798094597048035e+00 5.072010922266928290e+00 9.161774367551949183e+00 7.694668752373010179e+00 3.292688412511957097e+00 5.107074125402725429e+00 3.960542910288220586e+00 4.510487085158332299e-02 3.836953353695573554e+00 7.481317828446803375e+00 5.417350068241653993e+00 6.782792480776896227e+00 1.687762487148529722e+00 1.117435079867957759e+00 1.047791735369647537e+00 1.437971402587622238e+00 1.856775422072025616e+00 3.531439709008266981e+00 1.231871174651851808e+00 3.869440988133925341e+00 6.997347075478796974e+00 6.928165016214060667e-01 5.103256243798453440e+00 9.980916015134496888e+00 2.117196892155778443e+00 3.386239543242757222e+00 9.536692648232920178e+00 8.542348771548146757e+00 4.082153408265247307e+00 2.484046152372487715e-01 2.907343111908657907e+00 4.875646384233932373e+00 4.113504914108308874e+00 7.274084177128296247e+00 7.597531508118322563e+00 2.037014765647668035e+00 5.854267164728661044e+00 8.546444887960010561e+00 3.549229591985513466e+00 7.722853207874256221e+00 7.339263552919757849e+00 2.092084911778211431e+00 1.632917762732720712e+00 9.177643368516273270e+00 5.826563967507098596e+00 7.074143624734930746e+00 1.849283729586714831e-01 2.810356111508829358e+00 8.066237803118150751e+00 5.062111477314457098e-01 4.723671272691360556e+00 5.611382663059015563e+00 1.519822548803435591e+00 2.782217711058615706e+00 9.304633107072900700e+00 9.832969118429002453e-01 4.224049127552250482e+00 5.355838404273557174e+00 1.955814494077735555e+00 2.935409265096626807e+00 7.005183531495901228e+00 2.345807472469263466e-01 8.294693578962025526e+00 3.126404094041443926e+00 9.120077145063511637e+00 8.329342157798878432e+00 5.256250409086099751e+00 9.805753812455170859e+00 5.515425206697907257e+00 4.822383093370246954e+00 2.133506337573690459e+00 9.299312432301077180e+00 4.876249521175697765e+00 7.829621021780299728e+00 3.924568207129779385e+00 6.115733717152609827e+00 2.616912898866126103e+00 4.983514223662880660e+00 2.145841033893303162e-01 2.560175643626805275e+00 2.440471714518412050e+00 5.635298201152293629e+00 9.008409706910445180e+00 5.779232041680600673e+00 1.787670435552199955e+00 1.303888076376769067e-01 9.752787477626398527e+00 3.260884933579112577e+00 2.906321637684632364e+00 3.864813787949322510e+00 6.531990366540507686e+00 4.683365220423038267e+00 1.744258063847563545e+00
5.224279718877749445e+00 6.011621627325721917e+00 6.372604488784707755e+00 5.636582517249682844e+00 5.937614302462813853e+00 1.472735965207061515e+00 8.832083107067109751e+00 1.720745123734745974e-01 7.468483832884417417e+00 2.068779778832472438e+00 9.037752716109721973e+00 9.449507103918044493e+00 3.118182277467118624e-01 8.196133442863088092e+00 8.989267845386537559e+00 1.522725094522463518e+00 6.846636152952104482e+00 3.219438698012726530e+00 8.926977671370829981e+00 1.901863356580427711e+00 6.861004846355682751e+00 1.645305998164607875e+00 5.150110801150309392e-01 4.913226115377500314e+00 8.548460468819612856e+00 7.651971801509325211e+00 8.103998904112133417e+00 5.744529991244688993e+00 2.949450100908027395e+00 1.992110594857664507e+00 3.828334840099753222e+00 7.711293258789574168e+00 5.112588129839527262e+00 4.752058945561715930e+00 1.187521343445657740e+00 9.488248418317837718e+00 6.426785457557446790e+00 3.168213482853068363e+00 3.762042211929996771e+00 5.850975989356454576e+00 8.087623177423283849e+00 1.230172740620444349e+00 7.747171031312152678e+00 5.246299773229448071e+00 7.055018610539455004e+00 3.894788904936063112e+00 4.880869052870489000e+00 7.484461512173558262e+00 8.054908324174050449e+00 2.049850587772406918e+00 8.084117683811020694e-01 2.929021052629131816e+00 8.442913842437748784e+00 5.462376454371488776e+00 5.356797494278731087e+00 6.246471617628495565e+00 8.882965445112192882e+00 8.436144176969384567e-01 4.293350005709575257e+00 8.416884622815185679e+00 6.750267803643942521e+00 1.314640783043259376e+00 6.523528141782529488e+00 5.381364714415290962e+00 3.291243942399285416e+00 7.861116121503778587e+00 7.774067529398087650e-01 7.104432955599086164e+00 6.598042360745527191e+00 6.346048962994731646e+00 4.645879536673160004e+00 1.272524678881949978e+00 2.999234946537836510e+00 2.913700657604997524e+00 6.149980897028600069e+00 7.713953256113967427e+00 4.544156983994166232e+00 2.438564993258082403e+00 2.671301684252540554e+00 9.927885774070121627e+00 7.010123240817437207e+00 6.409375709135104238e+00 3.016096141440161027e-01 2.443731709947620789e+00 9.887537950725539204e+00 3.702042467847212137e+00 3.977823904712781911e+00 9.862915312076204088e+00 6.999872437318490626e+00 8.430093793484029874e+00 4.800892112964224800e+00 6.558760224634209379e+00 7.937642802592070890e-01 3.481150605862519676e+00 7.425094726789191135e+00 7.191047688677400629e+00 5.074168529434846420e+00 9.589698476776959524e+00 6.432373759859403961e+00 3.597882009004258475e+00
6.275704197502761872e+00 9.779802025348743655e+00 4.167248658193519972e+00 8.477329843698145240e+00 3.771044846483934343e+00 9.683852865680149691e+00 1.918907103059604990e+00 6.456936142846458004e+00 7.155995888056558840e+00 7.578691895491465047e+00 5.669953460166735404e+00 9.635574977355386039e+00 4.774435022359194036e+00 6.822670334589232333e+00 6.679460532142686979e+00 6.216498960838437782e+00 9.949158575491921397e+00 5.183013798941228600e+00 8.625426243075315469e+00 5.770027235481230754e+00 1.918990226813385158e+00 1.008936132773690098e+00 8.714204994048369013e-01 2.758046488905004701e+00 6.298395869371352873e+00 7.194840919521023892e+00 6.487677206439213862e+00 8.826975858707351463e+00 3.098610659431386694e+00 7.572303197252316931e-01 9.329987033385944706e-01 2.713714159927282932e-01 5.208961464959105392e+00 1.050274539879925140e+00 7.333283132615865618e+00 1.194903528391046965e+00 3.180329343358455851e+00 2.883176138960303891e+00 2.366011653012706439e+00 2.855336270485721251e+00 8.643758095801652885e+00 7.363669527890596811e+00 8.463212438767320211e-01 8.518105108979638018e+00 7.831637663834630558e+00 3.775475105457847036e+00 2.379448307958290876e+00 6.649533598551146341e+00 7.015319698468374554e+00 4.233966686713557692e+00 8.900159802518281538e-01 4.330940356964407822e-01 2.717077864124294528e+00 9.079943240196286514e-01 6.465758342811184001e+00 9.315129442206812271e+00 1.250106418990819535e+00 1.082065819622481939e+00 8.276089317438037440e+00 4.703221310885034256e+00 8.152176452874698498e+00 4.024526710965081744e-01 8.002966977503097823e+00 3.067714060297732637e+00 3.094644197665541441e+00 3.733092307068978322e+00 9.880314798495426487e+00 4.721411651476911331e+00 4.809739027755690621e+00 6.340129506291789951e+00 1.163188948439382031e+00 4.416565848471277533e+00 5.245620189635291197e+00 7.194029081171525952e+00 8.609565738140283031e+00 5.349845018003309249e+00 7.417318722664930419e+00 7.510480881953169430e+00 3.903988734514395098e+00 8.769607006598858945e+00 1.893499950296353429e+00 8.114721437455574282e-01 7.297281228209451243e+00 2.397110650903538698e+00 1.139373130308570792e+00 4.902852888121783437e+00 8.534673357613383970e+00 8.497182716884235987e+00 1.252853607313708650e-01 1.197381568189871404e+00 8.530965603211576820e+00 6.849739900576082618e+00 3.183264758170414321e+00 4.090001491120494492e+00 9.866258666712891312e+00 6.133207363926540534e-01 9.180650542333122388e+00 1.376436646942017505e+00 4.333310332883534066e+00 8.207221659176489048e-01
7.403173284221825412e+00 1.597329245526531993e+00 2.076157721667732048e+00 1.375352066535172613e+00 1.125896144769868989e+00 2.145056713043130614e+00 1.726908575326003836e+00 5.089350552783825421e+00 5.658462799383276121e+00 3.509531743499590739e+00 9.716839247469676977e+00 6.012443836467809888e+00 6.516846188148790020e+00 1.601852170859507929e-01 8.513323248818723599e+00 6.350401177837150524e-01 5.653580512511537925e+00 1.222911404974558192e-01 8.682062704545165488e+00 3.848355445677784648e+00 7.937854646262864300e+00 5.169963000735558367e+00 4.704767170990784564e+00 3.397066755715770547e+00 6.145669864760105128e+00 7.709356703886690809e+00 2.809039256099667092e+00 5.148686419428393890e+00 6.381514208147041955e+00 8.422326662859113355e+00 9.899208833088144033e+00 2.955962520704428442e+00 5.039738162128125865e+00 4.523617943084811799e+00 8.609676327251634120e+00 1.119705017619887499e-01 8.153995189527661225e+00 5.212315956693430508e+00 3.772206516696493317e+00 2.826852602183812735e+00 9.755965199013583167e-01 9.400106364853380470e+00 1.704305667949868042e+00 4.287653254371463163e+00 8.518105688285368515e+00 6.644602420834355705e-01 5.898796327074498969e+00 1.748118232124716842e+00 8.347562487281301458e-01 3.187531638854047777e+00 8.637871446618351712e+00 1.228283970673879066e+00 9.547155128728796569e+00 5.651490690100072101e+00 6.416493147575498490e+00 2.593505535865943123e+00 6.011949116536753124e+00 8.666689164684216351e+00 9.359292610084413155e-01 6.127561387422629124e+00 2.202824005099176752e+00 8.399833392277120225e+00 8.454094798323213311e+00 6.315112978086748541e+00 3.355345281152042336e+00 5.076766432337687096e-01 5.648857454377878895e+00 5.574875436798204298e+00 8.667381736182116825e+00 6.362135932337476873e+00 3.652308516010862594e+00 3.106900947954568615e+00 2.625653696556192962e+00 3.606010521448272943e+00 1.760750589011885747e+00 6.382373958847805895e+00 8.147809948224784549e+00 3.315731407721911328e-01 1.229180710561013079e+00 4.275308286752306230e+00 5.077280942959502497e+00 7.985460651924586095e+00 8.553150044141485608e+00 7.692091944173784501e-01 6.524992065347690051e+00 8.233390983718825495e+00 7.615162414598895424e+00 3.418825230726683984e+00 6.582109169292560402e-01 8.375521749895790791e+00 5.289013087347727016e-01 6.373625155097173423e-01 6.213334016547056304e-01 7.537124213155652619e+00 8.021409337464607603e+00 1.389906346752757260e+00 9.715519256556993000e+00 6.800136128165057414e+00 8.123971630709858616e-01 5.046838866374927512e+00
5.613603675225332879e+00 8.812777443513641895e-01 4.520715971367560648e+00 8.796513391013396799e+00 2.042141687107226211e+00 6.674176852193066445e+00 7.457480099821369279e+00 2.663165434116589125e+00 7.865015395517338526e-01 4.189344867635854897e+00 6.873819861477894477e+00 3.979565093591532765e+00 6.176332268470499542e+00 9.616541396688390364e+00 8.144702829366224250e+00 2.206169514610895277e+00 9.738166819775189609e+00 2.161548865040781919e+00 8.779409069209709315e-02 6.856835375846850766e+00 3.011361667785157348e+00 5.971539910692737152e+00 5.665182591736605211e+00 2.933293966411942844e+00 4.561317593770652046e+00 9.034710456126578748e+00 3.353369646712182295e+00 8.806323707876671847e+00 2.741995724573176307e+00 3.584001181509344214e-01 9.678331596368208167e+00 2.679284705199382888e+00 5.145526248311952600e+00 9.610774240055699025e+00 7.687247962897564513e+00 6.313806662963846961e+00 7.203635454220345125e+00 4.232639442446720857e+00 4.582377283505284282e+00 8.250700289550751521e+00 8.802528858280066260e+00 1.842358512361967904e+00 6.477686286243806713e+00 2.820317199696255273e+00 6.564273608759157774e+00 6.217197154388039770e+00 9.946084681588825305e+00 2.497416345131052928e+00 9.042588937488160727e-01 1.339019370270769782e+00 4.057427832241979893e+00 9.021801167189769100e-01 1.904402970040869336e+00 4.532322110823683303e-01 5.901861125809315212e+00 9.714646029038100039e+00 1.168955679928850300e+00 9.614853211819715639e+00 7.817130003396711047e+00 6.748934428391384355e-01 6.640801844155176603e+00 2.208307012161250249e+00 6.552705186721309083e+00 2.384886240212628294e+00 3.969099631029049391e+00 3.823096483689580882e-01 7.709852405994662483e+00 3.559885279073875530e+00 4.025996594945149276e+00 9.657820849937570173e+00 3.316992192087229174e+00 5.620221644831511654e+00 9.987517918124170890e+00 9.030844206399219587e+00 2.237776138457354680e+00 1.165072491223382301e+00 7.180869397361414386e+00 9.862974491141899946e+00 1.004388484374508783e+00 8.339452316736426951e+00 6.453754632014224946e+00 4.525177945738835916e+00 7.254671085021232813e+00 8.418284547266191353e+00 1.442578818269757424e+00 1.304632809060857213e-01 8.581614068108004645e+00 2.533777120357424195e+00 1.430687345619463535e-02 1.234368804724306212e+00 2.482614692281944535e+00 2.255136750786523869e+00 1.376811194393069426e+00 5.363616203108789726e+00 6.994854527372083908e+00 3.540961210741573328e+00 9.769293741240591800e+00 7.837726526022774642e+00 1.484561762202953883e+00 5.532044563829070505e+00
7.917260530391905249e+00 3.462598589398280247e-01 8.499198477904542415e+00 7.904706177208826290e+00 8.672583844481940307e-01 3.621607119096943439e+00 9.053986336890118558e-01 7.170830545494581543e+00 1.266174083418507568e+00 5.389697889177405443e+00 4.963921841877741770e+00 9.143660869063208185e-01 7.843370329679820507e+00 7.261587996139218237e-01 7.049249516798781201e+00 7.270630445136127662e+00 2.232462343224388412e+00 4.852119031490875756e-01 6.389249740062798999e+00 4.225539467837746699e+00 8.127102120908558103e-01 5.542441798061981117e-01 8.668750176000287411e+00 3.353485638081957987e+00 7.088897090239826504e+00 6.058274965508933185e+00 7.049560696666155479e+00 4.383324944442639648e+00 5.434017624486948250e+00 3.082727088097913182e+00 5.722578120039063521e+00 5.633971865314433281e+00 7.761070165945956667e+00 1.020056169019605274e+00 7.763068301415075645e+00 2.552799631511305734e+00 3.542588141219003006e+00 9.302729804273934811e-01 3.007634215451587600e+00 2.730280262433636196e+00 1.141314425902748564e+00 2.797390271181200205e+00 8.308653143674704644e-01 3.128072098080213692e+00 8.226771577784147027e+00 8.407908241469273847e+00 7.931132985042307126e+00 8.607796257236730142e+00 2.100054549999424758e+00 6.296030357527921950e+00 2.967841203830853480e+00 9.133092009193546801e+00 7.125876243908867202e+00 7.695712350056778561e+00 5.066229277643028439e+00 8.503314882126244978e-01 6.939921461826693339e+00 6.650903756709992898e+00 4.338836369093868939e+00 5.840391924233490073e-01 9.970749626783128150e+00 8.818210732882237224e+00 3.952522609241604368e+00 5.402142729275530186e+00 1.359614234078062589e+00 1.264566550072306894e+00 3.648896077738319477e+00 6.648688604195740481e+00 8.924131584362537950e-01 9.163315037648500638e-01 7.376493823160243934e+00 8.929949757934561916e+00 5.630157879596029424e+00 9.360642502463704773e+00 7.516381057797135945e+00 2.064890978537494703e+00 5.114393073245241617e+00 1.363919535190490917e+00 6.514978807159987895e+00 8.385529704219440106e+00 9.572662278686228987e+00 9.067596721860193831e-01 8.898598560877960750e+00 1.237345540961011237e+00 9.392014559602376522e+00 2.531234540916243780e+00 3.275089476027475133e+00 8.999918408977192641e+00 2.713579805379429111e-01 4.126047101481418622e+00 8.037827462803022627e+00 3.445463245504285510e+00 2.115435536692464868e+00 7.391009381263280442e-01 5.877940268930519352e+00 1.359821306956328080e+00 3.168559024277186609e+00 9.669296076303805165e+00 2.757309935246414767e+00 8.764281904553424596e+00
4.385032852401883119e+00 7.500157688899808051e+00 3.694996340391219825e+00 7.865524634265524284e+00 6.871430558693141677e+00 4.409044655048036887e+00 9.650371223805681353e+00 2.851534603622063457e-01 8.217822202991341030e+00 4.394795433452037159e+00 3.521811463235751116e+00 7.308499312559187722e+00 7.272871016638799979e+00 6.384094804901895515e+00 7.906022351009704963e+00 6.520239927152004178e+00 1.422084115212454147e+00 4.032644780538849894e+00 8.624583286405163030e-01 3.501358105739083015e+00 4.378245726223338963e+00 9.678113910369395612e+00 4.636478125821242635e+00 3.080129614992239695e+00 2.528878944872049672e+00 1.938836545673213729e+00 2.081245373966789991e+00 5.457286988912501968e-01 3.246430862855397059e+00 2.401323939863360124e+00 8.829732197833839891e+00 1.084085073851714931e-02 3.071998892002205661e+00 1.744964328184898106e+00 6.494944148062577582e+00 1.741113135215619501e+00 2.131210793447335661e-01 8.069771408240222765e-01 5.163939393908734132e+00 8.934901562181597257e+00 4.030168148793903171e+00 7.719179033007680601e+00 6.952798237570080531e+00 7.062993385503515853e+00 7.486951980449180866e+00 8.408629322888094837e-01 3.845088937577261223e+00 2.236007723414145332e+00 8.818403727632032840e+00 9.167886413853576499e-02 5.228636046906418144e+00 5.762660277519486840e+00 2.500569047296137271e+00 5.173166499345327463e-01 3.729458434849397541e+00 5.513895661297816275e+00 3.705393468169373428e+00 3.029991963690756851e+00 3.214891637302232041e+00 1.342120533716457675e+00 5.690317621443926832e+00 7.305323427274780457e+00 5.508648110692223376e+00 8.876977558931752554e+00 1.594828150238762898e+00 6.698477678993453033e-02 6.622222995046955774e+00 9.042694000836654311e+00 4.991542138764413217e+00 9.606968968986173252e+00 9.356687841460386679e+00 1.886571007460428051e+00 5.970932777629514909e+00 6.822788794398229939e+00 1.273644969406700911e+00 2.063466802333770111e+00 2.943658009823404420e+00 5.721164716825166696e-01 5.533921476637475578e+00 5.956250276965477042e+00 9.740539429602379506e-01 5.881118557338715913e-01 2.542968173412074595e+00 5.656828328512478521e+00 8.816879083315647847e+00 5.690006135318181890e+00 2.944721946754669251e+00 5.050072689632323364e-01 4.404970338747872027e+00 8.706415576116837585e+00 9.309940970602063715e+00 8.406110362068503150e+00 7.074534469068484377e+00 8.024766417734557677e+00 5.801763412508833540e+00 1.827753561364673374e+00 9.457760782560860946e+00 3.521889605797165146e+00 3.318898717543705690e+00 8.243789717069372358e+00
9.852236700090795551e+00 5.074304157090453238e+00 5.710624040508217369e+00 7.959111404962885494e+00 4.067622848550328740e+00 4.576612195488908519e+00 7.393179649817533949e+00 2.100271451551395607e+00 6.616755838984752280e+00 3.582349910768538592e+00 6.259724163986840395e+00 8.119157992546842451e+00 8.901610389410727464e+00 8.842896229601251434e+00 1.033773684510741475e-01 4.472222063014639204e+00 8.550268366907113560e+00 5.347343601150829961e+00 4.101288141924638531e+00 9.439734859256420307e+00 9.605812713821995530e+00 4.474480259422185746e+00 7.274616012290514355e+00 8.921386868387944702e+00 8.362110163729155943e+00 2.817553087393949163e+00 3.286252524376095607e+00 7.437587248773439796e+00 1.091284299692247828e+00 2.152600651773449947e+00 9.455557314824460491e+00 3.336406638600228902e+00 6.108942374944121845e+00 1.784477778785509283e-01 2.160627854212266996e+00 3.034712772499918998e+00 7.259971119285165031e+00 4.496134074958586524e+00 3.348083227224006642e+00 7.607805704980813211e+00 4.426858657074724590e+00 3.248538996224348274e+00 4.629034462118120086e-01 8.965689050565240237e+00 9.295144153300874734e+00 6.206974321316888421e+00 2.248757260640029898e+00 3.481405753598650676e+00 1.229437331092643193e+00 1.159165451713124462e+00 1.396322382556225428e+00 3.082439085755541708e+00 5.749712556632488258e+00 2.337596320823735141e+00 2.629917379261494048e+00 8.041230618172791722e+00 9.058620031943865669e+00 2.102235735114842186e+00 7.150011041119299193e+00 5.736705508306485513e+00 3.025372958522878353e+00 1.723151401160430973e+00 6.330102358522626815e-01 1.820779367901023127e+00 9.637070618172948855e+00 9.949646078174106734e+00 1.845168449730245630e+00 6.967506371500579831e+00 7.534484821403007793e+00 5.465025033459809833e+00 9.696323661351554435e+00 2.024290914272745212e+00 3.901377870437969797e+00 1.680536027815838773e+00 8.302151405933715367e+00 5.424126260736301219e+00 6.120829910318324352e+00 2.720234361929986022e+00 6.483696587255175281e+00 5.952637746967051058e+00 5.537060920025687061e+00 2.460171102572117352e-01 1.737182360450855167e+00 3.998067638184049422e+00 9.251124691828676916e+00 1.899190718449991211e+00 2.119683691583398311e+00 1.134206964052947297e+00 9.829597452774290645e+00 6.078509253795099099e+00 4.525727694328873785e-01 2.714761485949030995e+00 6.465353033523530968e+00 8.704926373436165932e+00 3.711251703505441313e+00 8.014123712863879589e+00 5.330454734238421199e-01 9.455487044349240477e+00 3.376980972603200737e+00 8.610527025451391481e+00
2.721941368508040693e+00 7.076065083011990886e+00 2.111041800986468431e+00 6.602301292258178300e+00 2.387419324189166137e-01 8.093289791797811716e+00 1.272775860348528409e+00 4.174918574770138946e+00 9.017874371144889878e+00 1.198298853264450070e+00 1.885566282485418022e+00 2.624614167796836206e+00 1.834554056707988767e+00 8.471497306190624244e+00 7.651782066250867320e-01 5.514791861640638615e+00 7.320070058262960089e+00 3.791051933380908956e+00 8.057610048616755449e+00 9.395694552943488986e+00 4.406782804836032241e+00 5.059163920029805084e+00 9.846931521472651383e+00 5.884021784920761888e+00 5.917317783462994196e-01 8.170380618212302437e+00 9.751795343634217517e+00 7.368783155641517979e+00 1.628110291243670682e+00 8.875356974160110823e+00 8.250432452561895502e+00 6.426034081403262377e+00 9.633221869972880214e+00 2.859912178359461876e+00 5.297137270063918990e+00 8.802434726825561384e+00 9.047025710036747270e+00 8.602460453160693632e+00 1.591040237527231449e+00 3.766499369511207007e+00 2.789916313263710812e+00 8.905658359513607181e+00 9.634685435994750691e+00 1.502968047291799447e+00 8.643607868541590022e+00 3.561150920736827707e+00 2.418763218500906476e+00 8.273501277999844916e+00 3.791930002851939818e-02 7.086036735179534141e+00 4.490950453291756794e+00 6.483076681887648185e+00 9.872678536858384035e+00 1.863165863526061727e-01 5.777185405649588823e+00 4.883925797280341818e+00 5.636701858163061019e+00 1.892774022148272506e+00 7.778360887116753108e-01 6.568441438793922060e+00 1.892710404842392613e+00 5.357113748954548171e+00 1.281929588022001631e-01 9.639150769105198080e-01 8.708244978614729348e+00 1.680950307402675481e+00 1.941022031314569851e+00 9.758473222709850958e+00 9.896471881205238574e+00 9.999497748863291235e+00 1.669035997232136692e+00 7.633102495435861723e-01 1.602061356678948778e+00 1.382307293694325923e+00 7.490061563337460093e+00 8.552763697653679387e+00 5.667209224633086961e+00 8.830377461017793195e+00 2.166541895488406588e+00 6.640965258969257157e+00 5.046181927903504061e+00 6.033630745706206611e+00 3.494564775405920365e+00 9.435129815762744343e+00 5.998818180049697801e+00 7.717281946572010831e+00 3.490887497685823959e-01 3.002072377368372180e+00 8.574367374789629181e+00 4.114866986765854939e+00 3.488733655498774677e+00 3.101977618495850297e+00 5.979597001107979537e+00 8.014099650557504617e+00 4.843143383182217931e+00 9.972928036381414785e+00 8.666424068873490594e-01 3.129877916553527317e+00 5.821724761563377371e+00 9.874887103657815857e+00
1.118476879016644387e+00 6.849189941890234223e+00 8.238491471728389470e+00 4.302904618665349901e+00 5.086522963939871467e+00 5.522346581183963821e+00 1.128719601193687305e+00 8.013806854425896020e+00 3.190456156764399864e+00 5.987443068888912201e+00 7.690059748664678452e+00 9.530342604890080338e+00 9.076580952624460963e+00 6.542873253324322569e+00 2.406238938888693113e+00 7.274041989783919249e+00 1.914081747593069371e+00 4.274007960214754043e+00 6.328117813985312257e-01 4.959224989042909648e+00 7.106693460887133718e+00 5.077831113038958399e+00 3.919441035168267362e+00 2.343225159792877932e+00 1.890186089770664601e+00 2.671233495602320041e+00 1.124393713432247921e+00 6.023022716637652429e+00 7.286454123781535230e+00 3.020225712515081096e+00 4.366083982457372947e+00 2.787209230609439814e+00 4.100349353657227525e+00 5.836244182736906261e+00 1.373755699197892755e+00 6.875567498052987503e+00 9.057656811498908667e+00 2.762751797031715917e+00 5.024529199410823210e+00 6.195761244894104625e-01 3.281733009363679621e+00 8.179616758038067204e+00 8.253854752759465896e+00 4.078372630187931058e+00 6.865011489297123681e-01 1.464718700377311000e+00 1.038166414445551577e-01 8.470027952698981011e+00 1.117741291198489639e+00 7.860978727981297709e+00 5.606169810958028243e-01 5.751953169468080773e+00 5.377969133743370378e+00 4.632268239315344260e+00 9.175973204511917558e+00 6.169076178414440115e+00 6.586623792153798007e+00 8.704828527751152123e+00 5.975641169241717066e+00 7.591029760163491069e+00 4.224998359354654731e+00 3.009547302643133193e+00 9.463379891080235140e+00 6.285036390149716823e+00 3.790302775723227491e+00 6.140221858883380790e+00 1.051598447764062749e+00 5.633007809568541191e+00 7.860248668419346885e+00 5.378918191940520899e+00 3.793217280879566111e+00 9.160057565841686511e+00 7.571675967594763357e+00 9.705937825222575199e+00 2.948511833334749532e+00 2.567198769295929495e+00 6.380268294287910535e+00 5.284133014360781644e+00 4.186696311188038422e+00 2.941833130934715435e+00 1.057693990282897456e+00 9.022557981382151482e+00 1.824685763283845352e+00 3.299978215284754768e+00 9.841054981609456576e+00 3.222736077230742069e+00 7.927394593099096554e+00 4.566341789819867714e+00 8.557767753898831486e+00 3.904976509941482377e+00 3.681010126810885019e+00 2.441489286919789947e+00 8.633800661584823288e+00 1.234224437703567157e+00 5.700015169384453628e-02 8.877137988296077253e+00 8.934752101365589283e+00 9.409103526143056229e+00 3.505058772341164364e+00 6.595789678147452761e+00
2.242679649235107320e+00 8.912672152997828334e+00 3.132339270245592111e+00 2.051958811045873077e-01 3.671029981909951445e+00 1.134498558964287529e+00 5.643639108757008138e+00 8.880637396719414767e+00 8.552318566052928617e+00 3.780389836307831430e+00 2.370166177677888175e+00 6.080590601683966145e-01 3.639056106833601589e+00 1.275103192116637807e+00 1.257588063732667516e+00 4.496682494982291445e+00 5.839997980708824699e+00 3.534186160798079790e+00 7.558843873563253268e+00 4.113461336146129188e-01 7.719199818234617538e+00 5.337028004671743098e+00 8.265832961359221187e+00 1.283461691197406163e+00 8.838276835459394576e+00 7.158730228003220120e+00 1.048184308472772663e+00 7.495866909644726128e+00 6.837317425873143506e+00 7.551088684309903432e-01 2.883031721493479971e+00 3.944174330802913353e+00 6.031258464352311499e+00 7.640086583467886605e-01 8.675775551472833413e+00 6.187216728997094961e+00 4.778992863602359975e+00 2.840563398484917457e+00 2.705649614474003872e-01 8.318994515709231763e+00 9.918619526336463821e+00 3.513054928750298789e+00 5.723011891013901398e+00 8.787826862374858994e-01 4.251688107453900578e+00 3.763004206271689522e+00 4.541441978866823881e+00 9.580716437179150446e+00 5.682156825957980217e+00 6.279481497174966620e+00 5.263004204879415227e+00 2.683683654290441645e+00 9.930693800867533838e+00 6.963190999352267596e+00 9.637172497669010962e-01 6.655997682538192350e+00 8.569070448575807575e+00 1.965739731151109337e+00 9.816003346462187196e+00 9.677793727927269885e+00 8.517621984584550887e+00 2.129806898233712609e+00 6.710408933378606555e+00 6.005715214081099873e+00 8.664058685053062092e+00 7.036001542724303448e+00 6.053276577635951838e+00 7.533669884451591692e+00 9.952243527821190483e+00 5.973462623817347605e+00 6.514884125110537383e+00 6.957111374633127454e+00 4.550898620779522119e+00 3.852737211332679657e-01 4.281079658521298015e+00 3.833103552509551371e+00 1.081069817225532859e-01 7.906159314891624490e+00 4.960216209304324497e-01 6.386898921708217713e+00 7.204290182698674272e+00 8.966071708892599190e+00 4.384110788608392539e+00 3.978577880671421152e+00 6.848150820913017078e+00 4.141584705244279796e+00 6.791878953878947023e+00 7.539638474640204535e+00 5.887735326053955554e+00 9.314585345620566059e+00 8.452449311884734584e+00 6.553382477049591870e+00 2.160821127314083157e-02 7.591064674348080743e+00 5.162473597309270801e+00 6.399394545641966303e+00 8.232325509409719189e+00 3.498026329425130143e+00 3.145667058247667569e+00 4.281840527710945032e-01
9.032371483938183232e+00 6.930737216055687711e+00 8.549712087600322974e+00 9.527260217799813802e+00 4.780918519295639157e+00 6.261441163070968763e-01 6.952916012677709645e+00 1.357008815261906420e+00 4.247930905358248133e+00 8.588490296317122130e+00 8.249370090358588925e+00 6.457946872061059995e-01 2.885699700413907109e+00 1.716923490020327847e+00 4.067456074046921444e+00 5.006171513929378314e+00 2.302365360789329074e+00 6.625885895646601575e+00 3.324093799648077940e+00 8.992332696907817891e+00 3.703238790945530212e+00 8.575077834770732821e+00 9.874874378127602270e+00 5.984944717417800319e+00 8.181969416481653212e+00 3.902732263666496060e+00 7.888034815043040382e+00 3.397936009831393989e+00 1.949206012572758384e+00 6.567297448738552035e+00 4.640531119065586907e+00 4.664360799636446675e-01 9.110443263731566432e+00 9.784111359563134158e+00 6.410915816731850292e+00 5.265660551744003826e+00 5.324664332664599264e+00 9.905967415879405991e+00 3.454897557740022940e+00 9.248386965364264967e+00 8.000205504851944482e+00 6.090355010391006019e+00 9.918475867875677920e+00 4.673412262042567988e+00 3.703565704961454763e+00 6.797776878360939357e+00 4.406167335308670552e+00 4.412412699532297644e-01 8.347543584847210596e+00 7.841228132800877049e+00 2.227813952204550141e+00 3.288544748840493970e+00 5.192673352644126439e+00 4.103788969530921094e+00 3.257316033774722008e+00 1.557015457626730326e+00 8.714057714428539825e+00 6.254800493732275868e+00 4.505617769441682796e+00 9.048009747656028168e+00 9.130641202136972723e+00 8.597188117491242565e+00 7.018224867882415730e+00 3.696174758546477701e+00 2.123575814429463637e+00 3.351883251690733978e+00 9.720310267508377677e+00 4.440692882484913895e+00 2.953011841890283762e+00 3.665699446573303710e+00 3.653544711815037704e+00 5.388990615812810248e+00 5.236654374104759313e+00 2.026990921836084869e+00 5.715461810118776853e+00 6.241200411497179523e+00 3.098818050121972867e+00 5.249512051848046923e+00 7.977092324138144619e+00 9.551372229423870763e+00 1.890642902995757213e+00 9.572045261314311659e+00 7.763600863989159606e+00 2.408936859175550005e+00 7.812185719347176871e+00 4.884720764471167875e+00 4.736734052066347012e+00 3.995440560919316653e-01 7.619549838762390337e+00 1.072582564872203159e+00 5.615446907664535026e+00 1.023754325889412176e+00 7.438078811083936870e-02 2.169400043296976222e-01 3.297904484750979748e-01 9.084589609398493693e+00 5.696813247155258608e+00 8.138861403854928511e+00 2.843202022135561613e+00 3.618237870197492434e+00
8.801411539937170403e+00 3.554981578440057355e+00 1.257208548624455524e-01 9.380411109628226995e+00 7.145407120435717019e+00 6.549757046256711845e+00 8.112213499428007069e+00 3.847522036322317263e+00 8.222351787134480006e+00 5.083819010942604244e+00 4.174669034614967522e+00 4.131836006460013699e+00 4.035967091619326652e+00 5.899049736334243121e+00 1.413177776678592457e+00 6.401179160149431446e+00 5.752691337969739749e-02 7.982651096197414198e+00 6.702399654892941427e+00 6.739870398026255316e+00 7.607506966895538625e-01 7.486794078688244980e+00 8.063179564836824298e+00 8.955458968182913537e+00 5.289331116215045814e-01 9.818956840650113094e+00 7.585905896939793003e-01 9.085605164429706448e+00 3.396703370406712885e+00 8.955698778737634314e+00 1.072983163998604272e+00 5.699923617767105100e+00 2.900375692025760621e+00 8.202629609444855863e-01 6.328331761739345751e+00 9.365991984773359036e+00 6.080585307810628670e+00 4.956775863488194211e+00 5.523814130823030411e+00 9.343744699342748650e-01 2.026297812969668488e+00 6.603890621925899929e+00 3.792999698450449930e+00 1.241716259028435854e+00 6.923214687317857940e-01 8.279741691990139429e+00 5.470927163789598424e+00 8.305556034936442344e+00 6.994616109329136577e+00 9.242024294194703060e+00 9.770763251178930631e+00 6.534571083078715148e+00 8.237287103600646532e+00 2.537321731665387325e+00 8.304900098070532977e+00 9.221072010940712715e+00 8.371336148344919792e+00 9.562269222729753437e+00 4.085108306327854599e+00 3.664764391447972169e-01 8.356642862078224709e+00 6.252062948978677426e+00 8.756929356281586863e+00 8.681817695071853080e+00 1.702749966147505400e+00 2.407877610904056720e+00 6.199877939237723012e+00 5.408360077610076644e+00 7.078268500148054088e+00 3.478377414300585002e+00 3.145226491769526067e+00 6.991522081640955122e+00 8.139484556390893744e+00 3.637445088558152406e+00 3.125156926498777743e+00 8.473314744289416112e+00 8.906892022227539840e+00 7.907039578838439553e+00 6.080491350286415297e+00 5.399778774922092683e-01 9.445186836794956520e+00 8.996868948071854888e+00 6.170466561092062818e+00 4.875512656888131957e+00 5.279549848518713340e+00 9.418396466758284902e+00 1.163831006353173159e+00 5.254848242564468919e+00 5.530922824698258466e+00 2.356054699339140690e+00 9.116381694315833784e-02 8.389305422158784609e+00 7.714958993343878912e-01 4.116409818743531623e+00 4.058132856362645313e+00 1.696380002789136254e+00 9.179357884430709547e+00 7.908981049879770797e-01 1.170120920613858528e+00 9.735261522388601207e+00
9.911784945879629660e+00 4.096317852837381146e+00 3.877307820365288649e+00 9.047918460756221748e+00 9.618278235364403628e+00 6.107812796755530904e+00 7.382182309536404752e+00 6.613964053381479857e+00 5.681014399775692780e+00 1.807979754979647247e+00 4.899547823588378037e+00 2.021279351556707127e+00 7.176773336702671813e+00 2.311606098543721455e+00 7.397313528824214224e+00 8.659098126492181802e-01 3.466708923039724333e+00 8.708251320789182515e+00 9.408173504979272295e+00 8.172784932483308395e+00 8.497175126663881528e+00 5.608516368085858517e+00 9.150647531794064093e+00 4.148156165071455348e+00 5.871922709023923659e+00 4.430459836667286488e+00 5.713839530489188689e+00 1.062524362293477687e+00 9.268459990108729230e+00 4.091894914732461253e+00 2.512653416082350155e+00 6.584492914373623051e+00 6.038975272572777442e+00 6.753877471804792254e-01 5.477734077504192722e-01 1.832056346722676921e+00 9.293286245981049021e+00 3.995088156255910405e-01 4.132881395712507455e+00 7.971282950021727487e+00 8.384466362677873263e+00 4.390710987271827292e+00 2.763532525650849170e+00 4.548485116335843514e+00 9.390947976977714884e-01 6.299597855815614267e+00 2.184262858007469887e+00 7.989059859060247959e+00 4.590624202231075035e-01 1.182477055572611624e+00 8.753978005080922387e+00 3.512879017049236552e+00 9.904421685589419155e+00 7.559045711387055277e+00 7.996676006242542378e-01 4.257049554143433667e+00 9.270961220747295783e+00 2.324680900266378192e+00 2.924053442455398777e+00 2.817988353869348650e+00 3.241792235378906373e+00 3.531921566286530201e+00 1.698811202493303307e+00 6.371903037900250588e-01 4.400054712557111891e+00 7.869997987652661564e+00 2.484082631962679422e+00 4.615918023260965342e+00 1.671624539145271093e+00 6.999112069081848020e+00 5.935820571828442915e-01 7.975204182142320519e+00 4.361568178190536216e+00 5.915951592309554918e+00 9.550289330527272469e+00 7.750103910556338516e-01 3.652426572439886332e+00 5.047959304429636695e+00 1.992768932692802197e+00 4.486683573292099325e+00 3.074084130753647948e+00 6.433384636963815240e+00 2.418253596040075060e+00 3.065199368433739746e+00 3.233558558473543787e+00 6.148715452909694790e+00 2.443398956156752622e+00 7.983534309123943018e+00 7.166110011316342288e+00 9.445873439660548598e+00 1.612970199652224990e+00 9.670949247602649734e+00 1.320306985832555569e+00 8.279261780448551988e+00 7.232000785723569081e+00 7.718343307147259580e+00 5.434792905478391667e-01 4.370869458309720734e+00 3.344963730089993703e+00 4.326804292813701824e-01
8.548720775455805665e+00 7.406918089537319005e+00 8.855910922357470128e+00 7.624861467202737053e-01 7.493001931276355165e-01 9.116867482136477463e+00 7.092964094664574226e+00 8.481619280816200757e+00 8.152426290720260482e+00 3.723610681996385452e+00 4.093588279523086904e+00 1.156124767516402141e+00 6.071378824851914047e+00 1.253907668395122244e+00 7.799695378684495140e+00 4.437450475602895850e+00 3.065967839502997450e+00 1.685869739566522307e+00 1.004274313004086538e+00 6.208728679897229874e+00 2.591354322147446432e+00 9.034458625209651483e-01 2.741488013037201021e+00 9.466372903563499364e+00 2.890486300093576766e+00 4.521913195446329858e+00 8.232483366341032394e+00 5.396625085743002259e+00 2.800974092986230346e+00 5.064166806375838270e+00 1.438469607577668175e+00 5.643938366577562427e+00 3.150794037570991968e+00 1.229673659414919351e+00 7.049539909098970547e+00 6.398810137038784873e+00 1.441085204820462540e+00 8.577397235632819417e+00 2.675685314073601440e+00 7.438967406454222164e+00 7.862170170210572628e+00 3.636622255094164036e+00 5.955575662917866886e+00 7.085260772469749391e+00 3.694122362833919482e+00 5.596987651892502136e+00 1.888579170277087105e+00 7.360157313166226789e-01 8.122009526675105562e+00 2.904889627965245857e-01 2.601107516646055107e+00 2.560925666426290270e+00 7.610310682546968408e+00 9.799693260625513602e+00 6.576023196502622792e-01 7.525993138921980297e+00 3.543640737449094136e+00 6.580824117767597237e+00 6.479413034290063322e+00 5.514105435104652564e+00 1.563782864144911411e+00 8.401378198018337073e+00 8.322713063563210056e+00 6.105393736162492146e+00 4.768903649413879009e+00 4.211931787520488690e+00 6.482929154623953139e+00 4.200922153010029803e+00 8.052334985574029602e+00 2.736205850897588387e-01 8.447995565205227209e+00 3.731881118535342878e+00 9.414760547973417104e+00 1.279338466337449631e+00 2.933917648279233958e+00 8.717285354648295126e+00 4.552708456513840041e+00 1.502497559562733231e+00 6.866864379428891496e+00 4.352371035343632677e+00 7.434532752011970835e+00 8.187764391713844958e+00 6.960038726509004903e+00 9.941579464110640529e+00 2.358307788888838186e+00 8.242508745818271976e+00 3.303334543990696925e+00 4.483740314869189003e-01 1.888336822516482050e+00 7.757993779571822124e+00 5.675117136643496707e+00 9.667267404327862579e+00 9.994774490774865683e+00 3.236560862013414308e+00 9.100869300437706144e+00 9.483701415728049255e+00 2.589289663340730296e+00 5.004427441920494601e+00 6.976995401253810236e+00 3.005324378516431860e+00
4.495528842405188463e+00 6.316073918371934326e+00 6.979546924144544029e+00 8.268645505419736086e-01 8.614322304872782610e+00 2.300273903699043831e+00 4.437804781872813464e+00 3.829263097103536850e+00 1.936365875429809646e+00 9.445567457622379592e+00 9.911625401902032451e+00 4.255565285976439682e+00 4.434173594305745425e+00 6.280000292949661223e-01 9.469908224579738132e+00 1.722516165256039455e+00 1.067874334706059303e+00 8.452833861500419488e-01 7.324464301432406010e+00 4.663615769997937477e+00 5.537338707485686129e+00 1.499433883328742390e+00 6.640483809827632200e+00 2.710570625158215119e+00 2.207577783577430175e-01 8.455748235665653922e+00 9.583459463181247528e+00 4.711071264104472966e+00 7.948549060079495909e+00 1.131152291421088085e+00 5.014501741209020924e-01 9.626523429163599488e+00 2.502218453669978970e+00 6.403037211964948128e+00 2.311471985054457612e+00 4.006374730171103238e+00 1.590514577216736170e+00 7.005448577794792797e-01 5.134128262972643242e+00 8.734776600627663257e+00 6.756475932642576510e+00 7.774026075647704204e+00 4.223811628149945818e+00 2.873377831996476672e+00 4.087999874112059118e+00 1.285953211101449334e+00 5.732816927775630234e+00 9.099842836131227131e+00 2.396328353006162981e+00 8.412032689132466601e+00 4.611097781293636899e+00 1.480583743216509207e+00 1.266618462062805150e+00 7.461359841759540590e-01 1.634425721386350006e+00 1.093508491703671925e+00 5.310607400152434820e+00 5.146566999441796852e+00 1.822653543469792137e+00 6.149419513510364865e+00 1.223771408916917158e+00 1.187328563192504571e+00 5.814007207469515492e+00 5.490678198619547423e+00 7.478047042757809848e+00 2.656149151429389121e+00 4.008281313126459189e+00 1.166574311456937130e+00 6.002855535233439177e+00 4.431511393699403278e+00 8.587541294077916110e-01 8.073099980445299195e+00 4.905259967670662746e+00 9.611684251324849271e+00 5.513244124251809097e+00 9.147262062393512139e+00 2.987890445683720753e+00 7.560679564499352523e+00 8.842743150578781908e+00 5.801474253703849726e+00 6.630687206376531861e+00 2.408608687862099362e+00 8.449892955126914629e+00 2.212281364360118907e+00 6.967334219448761967e-01 4.771555490738537131e+00 7.229102141650911584e+00 3.098593078931799472e-01 4.480700220311808479e+00 3.601781606122052004e+00 1.314539097663730560e+00 1.106266128453153863e+00 4.241315554933611232e+00 2.817722244879329097e+00 6.675924978193386927e+00 2.921032802168173070e+00 5.410932750240521116e+00 7.361860969513836395e+00 5.100328891481392901e+00 5.718148052076706733e+00
2.614768271704319691e+00 3.975454299941652891e+00 9.570510074655425026e-01 7.712822111306825157e+00 8.700576333322132427e+00 6.182627295955165359e+00 7.684998603471969503e+00 2.833220817836582306e+00 7.724139259273997915e+00 3.594926124580495319e+00 4.201492457063416452e+00 7.883318199408885008e+00 4.463758246944966146e+00 5.287601498716546722e+00 9.364368802943529246e+00 8.221711609585533154e+00 1.222717164937571210e+00 4.219436422496912087e+00 8.268207573090469165e-01 5.938380026211543594e+00 8.718529468627135515e+00 9.835560035019430103e+00 6.347995494470426436e+00 1.523527704994198650e-02 9.304560025197211814e+00 5.330500290398317631e+00 9.974605679009583170e+00 5.991168417017838976e+00 7.200229547679212416e+00 2.193522218237418109e+00 2.623093903097140078e-01 2.077342277191509545e+00 9.416431820837585676e+00 9.100220360542216724e+00 7.753270999388165663e+00 7.127318508015728860e+00 7.118810043761775397e+00 3.937549270431881521e+00 3.914001577003273447e+00 7.970835702917393739e+00 2.267492570564596299e+00 4.162726978698727542e+00 6.086243823893555671e+00 3.044862109740740230e+00 7.193225419310570246e+00 9.174587669212458607e+00 7.194561754148239174e+00 6.727401057088686187e+00 5.828697221473700729e+00 5.309629391789671082e+00 3.194133551586035846e+00 9.578247033425078882e+00 7.692729774709595958e+00 5.599549615583302220e+00 3.015598848267329046e+00 3.250381596103969706e+00 7.680976845648381790e+00 7.654225299835148988e+00 4.752822153233809743e+00 8.565716257021698254e+00 5.092898275587448786e+00 2.600973731581370796e+00 9.419393559364046098e+00 1.265182101326289832e-01 3.160840322413627224e+00 1.841482733596364607e+00 1.481199168458211535e+00 2.318987172597175572e-01 1.454036399529209378e+00 7.634660476254851780e+00 4.012305456798205050e+00 2.038189863815531577e+00 3.597311432323522240e+00 8.260947310881638472e+00 8.317990311493558053e+00 6.843352446080128715e+00 2.569692689535463259e-01 6.205645604371334834e-01 8.121576105736389550e+00 5.178904184403933186e+00 1.278459662909783301e+00 7.598968543036642487e+00 2.709836765030865458e+00 6.408527615405019695e+00 8.206708689237224519e+00 5.231228248223668942e+00 2.610861416302574511e+00 4.727680790082875006e+00 1.659420192875796785e+00 6.130725552326158123e+00 6.942360856925312795e+00 6.405225858381077941e+00 4.240259301002424763e-01 5.007091245590356898e+00 3.031217091739969227e+00 4.277110514840054556e-01 8.330641492134258641e+00 4.025031896656232178e+00 9.473767260093719500e+00 6.002275362933606750e-01
5.103733108750311054e+00 4.783975428449736000e+00 4.674799814485552929e-01 7.394230536700472811e+00 5.205791343015874872e+00 7.907726261942414681e+00 6.519100142548200694e+00 8.088336438838613418e+00 2.638724294082073207e+00 9.471301291123586097e+00 8.565071055107782882e+00 5.689109942752263116e+00 1.847179194979722272e+00 9.273787156136634735e+00 4.244636938432735818e+00 4.035913818897820526e+00 5.803791705702103343e+00 2.312191568766998273e+00 9.493353569775162981e+00 4.478710961120480061e-01 2.295432504266904594e+00 9.325885922049206300e+00 4.814426248762885052e+00 4.758272958671428299e+00 7.584421549711906962e+00 6.085044149285350201e+00 1.920560203714457570e+00 4.724027081048021159e-01 9.908950542662465111e+00 8.949249028069594658e-03 8.430643662987776565e+00 4.275328184547833033e-01 2.142904592736865066e+00 4.632510040567563436e+00 6.919802954429377095e+00 1.242465708029252269e+00 8.104088113180940578e-01 4.165789992546153009e+00 1.595054619643470062e+00 2.756995050470743891e+00 4.315100677320192979e+00 8.598304606162946229e+00 8.630182202269816472e+00 8.720619302024704922e+00 6.033475305234743402e+00 3.887493056276598580e+00 1.988602396388358118e+00 1.288703869260939827e+00 3.532150886894692476e+00 9.863145400693728249e+00 2.071192590902548591e+00 9.958265905820379515e+00 2.781320557436574248e+00 6.525305674391139732e+00 2.497797421344947200e+00 3.498105970181021540e+00 8.017644198372234854e+00 1.030766987726214889e+00 4.529161839955996527e+00 6.299224292851945073e+00 7.983836809908648746e+00 3.857025883095683838e+00 1.348673324584654942e+00 2.046177794431370600e+00 8.010799963205675667e+00 7.078120566440372130e+00 6.972358457499407081e+00 7.924088771564981037e+00 8.107665980607484002e+00 6.633993339648571741e+00 2.504250699298519400e+00 6.084504351659736798e+00 8.843254641068384103e+00 2.136989252403687090e-01 5.613823903487392464e+00 4.964895532599790329e+00 7.182993288165251400e+00 1.746996061615282425e+00 4.570221711594016689e+00 2.303725097953481793e+00 9.989662611275845094e+00 2.112481972158465560e+00 9.956950287574755976e+00 5.138842204626038246e+00 1.726624883001194322e+00 8.729541696389956584e+00 8.977601600299765394e+00 5.445813475458367137e+00 5.076184578048898111e+00 6.712489506811847306e-01 6.944546310324168026e+00 1.265280181138929150e+00 9.982608678190468154e+00 8.972669131875388171e-01 7.648793562577399285e+00 8.308477201148322777e+00 9.610277657659402450e+00 1.020551427879071715e+00 1.454501268403293190e+00 4.823577499165110360e+00
3.679552058501711631e+00 8.856530376713093844e+00 8.989531585236598676e-01 4.031228320899804984e+00 9.863798859558045251e+00 8.727756356597915044e+00 5.633628198511750895e+00 3.607067112119115571e+00 5.048947820534664288e+00 9.607242424339128561e+00 7.117096338952909385e+00 7.756603264254875896e+00 5.513457513430600088e+00 7.135996120191138381e+00 8.631035083593275203e+00 2.078388068956059875e+00 6.079087855056503287e+00 1.455251059527121749e+00 6.449554369054348868e+00 7.962141642134755948e+00 1.192792182056033878e+00 6.645824236255685413e+00 9.923286036992882586e+00 4.924791954887386414e-01 7.643672343648883150e+00 3.137486964731318828e+00 7.049199809308161591e+00 1.620932719981839076e+00 2.141359648933902626e+00 1.262455330863556657e+00 3.308464164841640187e-01 9.706996575622529377e+00 2.694364608155300544e+00 3.790436762796689507e-01 1.344384789873257491e+00 8.960335272589713185e+00 8.154032406100100161e+00 9.780135256063465121e+00 5.615529658483503717e+00 6.357855638952464084e+00 6.821944573832522174e+00 4.864519097011147153e+00 6.540121064596025491e+00 4.607177641968536186e+00 5.684067980760360683e+00 8.095503456975537304e+00 6.889933080953355216e+00 5.584007728462593079e+00 8.064371640190721280e+00 2.338296589471384745e+00 5.475224288413990337e+00 7.289987856674851940e+00 4.752922107539760965e+00 2.717028814707483697e+00 9.483755318634232268e+00 2.841096661937336787e-01 4.559385555180894833e-01 6.663535030800473713e+00 4.393880879122551875e+00 8.469471774243064743e-01 6.463739347921428902e+00 4.495859421244274401e+00 3.491334341676256336e+00 1.200382210103905223e+00 6.635928938549580103e+00 5.492829714813074915e+00 7.673960971333146475e+00 1.211576354584384951e+00 4.006274290812141814e+00 2.475915620045507026e+00 6.781119887122612155e+00 2.273192489188503806e+00 8.978149070157639855e+00 5.512347938834403216e+00 9.301873664116559581e+00 5.080696068064668225e+00 6.993264971923127682e+00 2.859711981684929238e+00 3.656312064177820176e+00 5.997802018734788021e-01 2.610184024868327235e+00 1.415755054846131733e+00 2.811610620961491058e-01 8.445360491951761972e+00 2.933565706462515355e+00 7.372359864640023019e+00 3.207425116000213183e+00 4.250324326876343761e+00 7.150532867428061046e-01 6.357690093651585883e+00 5.799266557859102278e+00 4.220752759667284693e+00 9.820034124575995449e+00 9.546227342982106734e+00 1.965432965248856689e+00 6.253307516942442135e+00 9.702884831613380001e+00 6.513251858901690561e+00 2.680789310965914218e+00 4.834332798417912080e+00
1.050451961771904363e+00 6.569074304332040093e+00 3.931968400207414227e+00 4.381892359234994316e+00 2.475168062133691116e+00 4.051021785180420665e+00 9.750083584173545148e+00 6.828038843392008950e+00 4.102401406616133173e+00 9.569590861907800061e+00 1.728185735038666460e+00 6.482525512100917098e+00 3.901213185682919971e+00 7.606045568819412850e+00 6.041053334231406780e+00 6.692019989425515902e+00 5.735300224177820816e+00 9.852100437741706074e+00 2.997865021138079733e-01 3.672530270565431465e+00 4.945881217059556079e+00 2.454616140218701670e+00 3.691762805646801038e+00 3.710974403055481652e+00 2.446451677600390617e+00 2.325056421113580463e-01 1.997954299613102780e-01 7.107891174691199687e+00 4.621330328382113883e+00 2.857484253873276980e+00 7.589091676199798187e+00 7.520737736882661117e+00 9.656126300296802967e+00 4.791874420752291641e+00 2.131137923078228802e+00 5.508262362977727200e+00 9.983790115597649617e+00 4.711108763079182360e+00 4.809058910596027303e+00 8.047337846564968089e+00 9.534410636636271974e+00 3.428724446025025685e+00 6.985725474840110749e+00 3.381692258274624496e+00 8.657177213925326686e-01 5.361956774805070935e+00 4.306979698844285664e+00 7.102888802535777479e+00 1.307186897131313863e+00 1.328393968940707603e+00 5.833151945665537852e+00 9.121546251241607450e+00 5.747458306063521150e+00 9.255796942726618681e+00 6.637116359321368009e+00 2.960851660210250813e+00 1.263995527987463730e+00 2.990698189152784181e+00 5.114776267756232286e+00 8.355001052849209131e+00 2.117134024524376379e+00 7.028890762940070758e+00 7.837150955990088264e+00 7.975805509817368133e+00 1.402588543062317505e+00 2.028674844400924826e+00 3.238992181379838353e+00 4.395891662687652968e+00 7.127727645705494552e+00 3.453240758903108887e-01 7.136030063009313196e+00 9.596955644820319264e+00 5.158565149486985746e+00 9.427333288558196855e+00 5.165614946420832965e+00 5.675634963245890674e+00 8.384196587591087990e+00 3.504674755135175346e+00 4.701224637179740817e+00 5.217220539318384809e+00 3.541119722664559433e+00 8.859656179065552806e+00 3.600250093711938604e+00 3.997969669296801420e+00 8.367532045135103402e+00 6.284979234946913351e+00 5.181953260707244269e+00 5.511821825678780762e+00 7.876507053551743631e+00 6.099530682423532468e+00 8.196532209820210468e+00 2.674360471861571220e+00 3.749021459786513688e+00 8.677989720490113967e+00 8.247872674632922951e+00 1.127039854210095671e+00 4.653757318572484536e+00 1.195512337395739921e+00 2.092340577210045627e+00 5.316506265331528702e+00
8.840603206149875604e+00 6.862406932777338042e+00 2.213115627514300243e+00 3.825357824203938772e+00 5.893334683236761684e+00 3.700633610329884249e-01 9.315723947433372842e+00 4.589985942229429128e+00 1.595378795534985183e-01 6.791965118801536860e+00 9.784324368703668284e+00 6.424107765827051786e+00 8.723097049277994230e+00 8.698842000032540156e+00 4.610658670925406710e+00 8.990319336667930372e+00 4.887603259171911851e+00 6.966423886160207246e+00 3.168916812290545337e-01 8.260911171124289964e+00 9.758421423003145634e+00 2.553888657976632892e+00 9.493080821362620547e-01 4.105900568479546209e+00 3.878346759411901434e+00 5.910456282359751512e+00 9.630878917647624604e+00 1.960398133872796045e+00 7.469813977804972360e+00 2.851826401680317424e+00 5.353685495554519669e+00 3.377026161333472665e+00 3.758357528104302681e+00 5.530272970183420789e+00 3.873852465333245121e+00 4.290117506535867875e+00 9.232431665855642677e+00 8.920336085809370985e+00 6.456547679208575197e+00 2.182552275222231497e+00 9.838992025327090829e+00 6.910803532654830050e+00 8.811447543083058775e+00 1.970060961305259983e+00 7.288206589744937958e+00 3.962405545135760931e+00 4.961349902993402949e+00 4.742104398699686918e+00 7.396496202024805733e+00 6.696302972725590053e+00 4.721345594425567782e+00 9.381718078143624240e+00 7.065294890390113380e+00 9.148595803638727375e+00 5.905500521814891712e+00 4.016241717574212444e+00 1.085291344905495725e+00 1.268542768043903202e+00 9.689293934527260177e+00 9.911438132777095067e-01 8.854687843548532555e+00 6.103272816902011400e+00 2.409297941471720605e+00 3.231172994702741441e+00 3.248798683171903789e+00 6.302411982315004657e+00 8.231200668382175678e+00 6.847494432277681398e+00 7.294957820214856170e+00 8.324231865472826897e+00 3.473548263344258480e+00 2.076478256852164250e+00 9.135437878559727665e+00 2.898307109774470369e+00 4.380287315318552643e+00 4.350339711608967264e+00 9.874822608135676916e+00 2.487098852623214285e+00 9.368309483651641401e+00 7.501493517605783978e-01 9.255647618477291783e-01 9.952695867353719805e+00 2.022965506193175056e+00 2.464266332306807250e+00 1.485340614324844877e+00 6.676907592676906145e-01 5.951176833222827867e+00 2.190589794146011737e+00 5.869517737030872873e+00 2.066332657817870899e+00 2.523389690405074326e+00 9.315794483752082300e-01 2.318022182829666544e+00 2.626122407087375876e+00 4.021097198688845964e+00 7.224634922104122836e-02 9.277967467991643513e-01 6.820489254872748930e+00 1.338102124122957370e+00 8.610851043176735331e+00
8.081833447280196481e+00 8.853563255687427969e+00 1.829384961368319962e+00 8.792669467842816999e+00 2.535855880819322117e+00 7.500501021840988436e-01 2.034669725713837973e+00 8.546075949437248465e-01 3.091476519089698449e+00 2.600127720790673891e+00 8.123024217751600773e+00 1.494086160892659221e+00 4.304264907158712461e+00 5.349084107414803668e+00 2.836035435164455443e+00 4.341633543190503097e+00 1.180066164081444713e+00 3.549294423162861811e+00 4.962823766618185140e-01 9.772395383350978904e+00 7.865252346514689741e+00 9.744959784954458470e+00 4.083424127790599378e+00 8.670455319782684356e+00 2.505162507479166134e+00 6.114348127170767810e+00 8.265421454771534115e+00 9.436631030347584215e+00 8.646407443829950523e+00 8.236518524434790933e+00 7.083832954791855485e+00 6.720154571080963812e+00 5.451877676820839902e+00 5.455634695236385667e+00 2.210249917304335732e+00 9.059279176309900095e+00 4.514591802272769350e+00 8.453270762544830674e+00 8.976417947091961835e+00 1.085682017933574661e+00 3.425625946849194747e+00 1.475785707473198372e-02 1.642443144563522361e+00 7.567272857969370214e+00 1.493597004913405080e+00 1.359965364122340814e+00 9.171160900208036537e+00 4.547719517697252023e+00 9.706120388291548551e+00 6.234474498802766718e-01 3.016769990515228095e+00 7.446558186067411711e+00 5.078050621958634991e+00 7.892120362280329537e+00 6.299706816252279573e+00 5.699740342801850268e+00 3.635886034532761713e+00 8.707816369471299112e+00 9.884552856801933629e+00 4.134891054558639034e+00 2.151882430006263114e+00 5.787017639377211253e+00 2.670227894379821887e+00 5.958602719087265243e+00 5.659634682622448842e+00 5.979350711802933205e-01 5.962356684248845795e+00 6.387133769281869711e+00 7.388491067191509387e+00 3.328929812190684068e-02 6.835877966137560158e+00 5.402037252440194948e+00 5.247892851805834979e+00 5.689715996028366973e+00 8.680515340294048698e+00 5.206884620430892952e+00 4.014152862675677724e+00 6.716639154050103144e+00 6.872163384697045352e+00 3.215066029301026695e+00 8.936827179363191931e+00 8.346127427629024709e+00 3.876154917388157095e+00 4.482291174906285036e+00 5.779901446688197275e+00 5.503850430621673340e+00 4.277311175790786457e+00 5.029788516020135880e+00 3.884882941242759902e+00 4.174663073690203063e+00 4.613240074621104192e+00 4.390689558519857094e+00 7.693473095377388660e+00 5.879909223327199008e+00 5.063509946302959364e+00 6.151772253218798170e+00 9.637782165185297956e+00 2.391988514274961730e+00 3.382258781415445892e+00 1.737445040667638940e+00
