Matrix L:
2.847430165632313326e+00 0.000000000000000000e+00 0.000000000000000000e+00 0.000000000000000000e+00 0.000000000000000000e+00 0.000000000000000000e+00 0.000000000000000000e+00 0.000000000000000000e+00 0.000000000000000000e+00 0.000000000000000000e+00 0.000000000000000000e+00 0.000000000000000000e+00 0.000000000000000000e+00 0.000000000000000000e+00 0.000000000000000000e+00 0.000000000000000000e+00 0.000000000000000000e+00 0.000000000000000000e+00 0.000000000000000000e+00 0.000000000000000000e+00 0.000000000000000000e+00 0.000000000000000000e+00 0.000000000000000000e+00 0.000000000000000000e+00 0.000000000000000000e+00 0.000000000000000000e+00 0.000000000000000000e+00 0.000000000000000000e+00 0.000000000000000000e+00 0.000000000000000000e+00 0.000000000000000000e+00 0.000000000000000000e+00 0.000000000000000000e+00 0.000000000000000000e+00 0.000000000000000000e+00 0.000000000000000000e+00 0.000000000000000000e+00 0.000000000000000000e+00 0.000000000000000000e+00 0.000000000000000000e+00 0.000000000000000000e+00 0.000000000000000000e+00 0.000000000000000000e+00 0.000000000000000000e+00 0.000000000000000000e+00 0.000000000000000000e+00 0.000000000000000000e+00 0.000000000000000000e+00 0.000000000000000000e+00 0.000000000000000000e+00 0.000000000000000000e+00 0.000000000000000000e+00 0.000000000000000000e+00 0.000000000000000000e+00 0.000000000000000000e+00 0.000000000000000000e+00 0.000000000000000000e+00 0.000000000000000000e+00 0.000000000000000000e+00 0.000000000000000000e+00 0.000000000000000000e+00 0.000000000000000000e+00 0.000000000000000000e+00 0.000000000000000000e+00 0.000000000000000000e+00 0.000000000000000000e+00 0.000000000000000000e+00 0.000000000000000000e+00 0.000000000000000000e+00 0.000000000000000000e+00 0.000000000000000000e+00 0.000000000000000000e+00 0.000000000000000000e+00 0.000000000000000000e+00 0.000000000000000000e+00 0.000000000000000000e+00 0.000000000000000000e+00 0.000000000000000000e+00 0.000000000000000000e+00 0.000000000000000000e+00 0.000000000000000000e+00 0.000000000000000000e+00 0.000000000000000000e+00 0.000000000000000000e+00 0.000000000000000000e+00 0.000000000000000000e+00 0.000000000000000000e+00 0.000000000000000000e+00 0.000000000000000000e+00 0.000000000000000000e+00 0.000000000000000000e+00 0.000000000000000000e+00 0.000000000000000000e+00 0.000000000000000000e+00 0.000000000000000000e+00 0.000000000000000000e+00 0.000000000000000000e+00 0.000000000000000000e+00 0.000000000000000000e+00 0.000000000000000000e+00
9.240828381358019428e+00 -9.324457094767815590e+00 0.000000000000000000e+00 0.000000000000000000e+00 0.000000000000000000e+00 0.000000000000000000e+00 0.000000000000000000e+00 0.000000000000000000e+00 0.000000000000000000e+00 0.000000000000000000e+00 0.000000000000000000e+00 0.000000000000000000e+00 0.000000000000000000e+00 0.000000000000000000e+00 0.000000000000000000e+00 0.000000000000000000e+00 0.000000000000000000e+00 0.000000000000000000e+00 0.000000000000000000e+00 0.000000000000000000e+00 0.000000000000000000e+00 0.000000000000000000e+00 0.000000000000000000e+00 0.000000000000000000e+00 0.000000000000000000e+00 0.000000000000000000e+00 0.000000000000000000e+00 0.000000000000000000e+00 0.000000000000000000e+00 0.000000000000000000e+00 0.000000000000000000e+00 0.000000000000000000e+00 0.000000000000000000e+00 0.000000000000000000e+00 0.000000000000000000e+00 0.000000000000000000e+00 0.000000000000000000e+00 0.000000000000000000e+00 0.000000000000000000e+00 0.000000000000000000e+00 0.000000000000000000e+00 0.000000000000000000e+00 0.000000000000000000e+00 0.000000000000000000e+00 0.000000000000000000e+00 0.000000000000000000e+00 0.000000000000000000e+00 0.000000000000000000e+00 0.000000000000000000e+00 0.000000000000000000e+00 0.000000000000000000e+00 0.000000000000000000e+00 0.000000000000000000e+00 0.000000000000000000e+00 0.000000000000000000e+00 0.000000000000000000e+00 0.000000000000000000e+00 0.000000000000000000e+00 0.000000000000000000e+00 0.000000000000000000e+00 0.000000000000000000e+00 0.000000000000000000e+00 0.000000000000000000e+00 0.000000000000000000e+00 0.000000000000000000e+00 0.000000000000000000e+00 0.000000000000000000e+00 0.000000000000000000e+00 0.000000000000000000e+00 0.000000000000000000e+00 0.000000000000000000e+00 0.000000000000000000e+00 0.000000000000000000e+00 0.000000000000000000e+00 0.000000000000000000e+00 0.000000000000000000e+00 0.000000000000000000e+00 0.000000000000000000e+00 0.000000000000000000e+00 0.000000000000000000e+00 0.000000000000000000e+00 0.000000000000000000e+00 0.000000000000000000e+00 0.000000000000000000e+00 0.000000000000000000e+00 0.000000000000000000e+00 0.000000000000000000e+00 0.000000000000000000e+00 0.000000000000000000e+00 0.000000000000000000e+00 0.000000000000000000e+00 0.000000000000000000e+00 0.000000000000000000e+00 0.000000000000000000e+00 0.000000000000000000e+00 0.000000000000000000e+00 0.000000000000000000e+00 0.000000000000000000e+00 0.000000000000000000e+00 0.000000000000000000e+00
7.689003571647297974e+00 -5.222007143892212433e+00 -8.882029741519682275e+00 0.000000000000000000e+00 0.000000000000000000e+00 0.000000000000000000e+00 0.000000000000000000e+00 0.000000000000000000e+00 0.000000000000000000e+00 0.000000000000000000e+00 0.000000000000000000e+00 0.000000000000000000e+00 0.000000000000000000e+00 0.000000000000000000e+00 0.000000000000000000e+00 0.000000000000000000e+00 0.000000000000000000e+00 0.000000000000000000e+00 0.000000000000000000e+00 0.000000000000000000e+00 0.000000000000000000e+00 0.000000000000000000e+00 0.000000000000000000e+00 0.000000000000000000e+00 0.000000000000000000e+00 0.000000000000000000e+00 0.000000000000000000e+00 0.000000000000000000e+00 0.000000000000000000e+00 0.000000000000000000e+00 0.000000000000000000e+00 0.000000000000000000e+00 0.000000000000000000e+00 0.000000000000000000e+00 0.000000000000000000e+00 0.000000000000000000e+00 0.000000000000000000e+00 0.000000000000000000e+00 0.000000000000000000e+00 0.000000000000000000e+00 0.000000000000000000e+00 0.000000000000000000e+00 0.000000000000000000e+00 0.000000000000000000e+00 0.000000000000000000e+00 0.000000000000000000e+00 0.000000000000000000e+00 0.000000000000000000e+00 0.000000000000000000e+00 0.000000000000000000e+00 0.000000000000000000e+00 0.000000000000000000e+00 0.000000000000000000e+00 0.000000000000000000e+00 0.000000000000000000e+00 0.000000000000000000e+00 0.000000000000000000e+00 0.000000000000000000e+00 0.000000000000000000e+00 0.000000000000000000e+00 0.000000000000000000e+00 0.000000000000000000e+00 0.000000000000000000e+00 0.000000000000000000e+00 0.000000000000000000e+00 0.000000000000000000e+00 0.000000000000000000e+00 0.000000000000000000e+00 0.000000000000000000e+00 0.000000000000000000e+00 0.000000000000000000e+00 0.000000000000000000e+00 0.000000000000000000e+00 0.000000000000000000e+00 0.000000000000000000e+00 0.000000000000000000e+00 0.000000000000000000e+00 0.000000000000000000e+00 0.000000000000000000e+00 0.000000000000000000e+00 0.000000000000000000e+00 0.000000000000000000e+00 0.000000000000000000e+00 0.000000000000000000e+00 0.000000000000000000e+00 0.000000000000000000e+00 0.000000000000000000e+00 0.000000000000000000e+00 0.000000000000000000e+00 0.000000000000000000e+00 0.000000000000000000e+00 0.000000000000000000e+00 0.000000000000000000e+00 0.000000000000000000e+00 0.000000000000000000e+00 0.000000000000000000e+00 0.000000000000000000e+00 0.000000000000000000e+00 0.000000000000000000e+00 0.000000000000000000e+00
5.552362136901599854e+00 -6.933904890329996462e+00 5.110435903032787053e+00 -1.328544121350652141e-01 0.000000000000000000e+00 0.000000000000000000e+00 0.000000000000000000e+00 0.000000000000000000e+00 0.000000000000000000e+00 0.000000000000000000e+00 0.000000000000000000e+00 0.000000000000000000e+00 0.000000000000000000e+00 0.000000000000000000e+00 0.000000000000000000e+00 0.000000000000000000e+00 0.000000000000000000e+00 0.000000000000000000e+00 0.000000000000000000e+00 0.000000000000000000e+00 0.000000000000000000e+00 0.000000000000000000e+00 0.000000000000000000e+00 0.000000000000000000e+00 0.000000000000000000e+00 0.000000000000000000e+00 0.000000000000000000e+00 0.000000000000000000e+00 0.000000000000000000e+00 0.000000000000000000e+00 0.000000000000000000e+00 0.000000000000000000e+00 0.000000000000000000e+00 0.000000000000000000e+00 0.000000000000000000e+00 0.000000000000000000e+00 0.000000000000000000e+00 0.000000000000000000e+00 0.000000000000000000e+00 0.000000000000000000e+00 0.000000000000000000e+00 0.000000000000000000e+00 0.000000000000000000e+00 0.000000000000000000e+00 0.000000000000000000e+00 0.000000000000000000e+00 0.000000000000000000e+00 0.000000000000000000e+00 0.000000000000000000e+00 0.000000000000000000e+00 0.000000000000000000e+00 0.000000000000000000e+00 0.000000000000000000e+00 0.000000000000000000e+00 0.000000000000000000e+00 0.000000000000000000e+00 0.000000000000000000e+00 0.000000000000000000e+00 0.000000000000000000e+00 0.000000000000000000e+00 0.000000000000000000e+00 0.000000000000000000e+00 0.000000000000000000e+00 0.000000000000000000e+00 0.000000000000000000e+00 0.000000000000000000e+00 0.000000000000000000e+00 0.000000000000000000e+00 0.000000000000000000e+00 0.000000000000000000e+00 0.000000000000000000e+00 0.000000000000000000e+00 0.000000000000000000e+00 0.000000000000000000e+00 0.000000000000000000e+00 0.000000000000000000e+00 0.000000000000000000e+00 0.000000000000000000e+00 0.000000000000000000e+00 0.000000000000000000e+00 0.000000000000000000e+00 0.000000000000000000e+00 0.000000000000000000e+00 0.000000000000000000e+00 0.000000000000000000e+00 0.000000000000000000e+00 0.000000000000000000e+00 0.000000000000000000e+00 0.000000000000000000e+00 0.000000000000000000e+00 0.000000000000000000e+00 0.000000000000000000e+00 0.000000000000000000e+00 0.000000000000000000e+00 0.000000000000000000e+00 0.000000000000000000e+00 0.000000000000000000e+00 0.000000000000000000e+00 0.000000000000000000e+00 0.000000000000000000e+00
7.076837372292182238e+00 -2.474522560088565193e+00 -1.372693695297440897e+01 -1.866877578134145121e-01 -1.048753095283224468e+01 0.000000000000000000e+00 0.000000000000000000e+00 0.000000000000000000e+00 0.000000000000000000e+00 0.000000000000000000e+00 0.000000000000000000e+00 0.000000000000000000e+00 0.000000000000000000e+00 0.000000000000000000e+00 0.000000000000000000e+00 0.000000000000000000e+00 0.000000000000000000e+00 0.000000000000000000e+00 0.000000000000000000e+00 0.000000000000000000e+00 0.000000000000000000e+00 0.000000000000000000e+00 0.000000000000000000e+00 0.000000000000000000e+00 0.000000000000000000e+00 0.000000000000000000e+00 0.000000000000000000e+00 0.000000000000000000e+00 0.000000000000000000e+00 0.000000000000000000e+00 0.000000000000000000e+00 0.000000000000000000e+00 0.000000000000000000e+00 0.000000000000000000e+00 0.000000000000000000e+00 0.000000000000000000e+00 0.000000000000000000e+00 0.000000000000000000e+00 0.000000000000000000e+00 0.000000000000000000e+00 0.000000000000000000e+00 0.000000000000000000e+00 0.000000000000000000e+00 0.000000000000000000e+00 0.000000000000000000e+00 0.000000000000000000e+00 0.000000000000000000e+00 0.000000000000000000e+00 0.000000000000000000e+00 0.000000000000000000e+00 0.000000000000000000e+00 0.000000000000000000e+00 0.000000000000000000e+00 0.000000000000000000e+00 0.000000000000000000e+00 0.000000000000000000e+00 0.000000000000000000e+00 0.000000000000000000e+00 0.000000000000000000e+00 0.000000000000000000e+00 0.000000000000000000e+00 0.000000000000000000e+00 0.000000000000000000e+00 0.000000000000000000e+00 0.000000000000000000e+00 0.000000000000000000e+00 0.000000000000000000e+00 0.000000000000000000e+00 0.000000000000000000e+00 0.000000000000000000e+00 0.000000000000000000e+00 0.000000000000000000e+00 0.000000000000000000e+00 0.000000000000000000e+00 0.000000000000000000e+00 0.000000000000000000e+00 0.000000000000000000e+00 0.000000000000000000e+00 0.000000000000000000e+00 0.000000000000000000e+00 0.000000000000000000e+00 0.000000000000000000e+00 0.000000000000000000e+00 0.000000000000000000e+00 0.000000000000000000e+00 0.000000000000000000e+00 0.000000000000000000e+00 0.000000000000000000e+00 0.000000000000000000e+00 0.000000000000000000e+00 0.000000000000000000e+00 0.000000000000000000e+00 0.000000000000000000e+00 0.000000000000000000e+00 0.000000000000000000e+00 0.000000000000000000e+00 0.000000000000000000e+00 0.000000000000000000e+00 0.000000000000000000e+00 0.000000000000000000e+00
9.565789782058107704e+00 -6.846384943103609899e+00 -3.196237563150829075e+00 2.247537691530481219e+00 8.411235885367382537e+01 -3.502545014821855318e+01 0.000000000000000000e+00 0.000000000000000000e+00 0.000000000000000000e+00 0.000000000000000000e+00 0.000000000000000000e+00 0.000000000000000000e+00 0.000000000000000000e+00 0.000000000000000000e+00 0.000000000000000000e+00 0.000000000000000000e+00 0.000000000000000000e+00 0.000000000000000000e+00 0.000000000000000000e+00 0.000000000000000000e+00 0.000000000000000000e+00 0.000000000000000000e+00 0.000000000000000000e+00 0.000000000000000000e+00 0.000000000000000000e+00 0.000000000000000000e+00 0.000000000000000000e+00 0.000000000000000000e+00 0.000000000000000000e+00 0.000000000000000000e+00 0.000000000000000000e+00 0.000000000000000000e+00 0.000000000000000000e+00 0.000000000000000000e+00 0.000000000000000000e+00 0.000000000000000000e+00 0.000000000000000000e+00 0.000000000000000000e+00 0.000000000000000000e+00 0.000000000000000000e+00 0.000000000000000000e+00 0.000000000000000000e+00 0.000000000000000000e+00 0.000000000000000000e+00 0.000000000000000000e+00 0.000000000000000000e+00 0.000000000000000000e+00 0.000000000000000000e+00 0.000000000000000000e+00 0.000000000000000000e+00 0.000000000000000000e+00 0.000000000000000000e+00 0.000000000000000000e+00 0.000000000000000000e+00 0.000000000000000000e+00 0.000000000000000000e+00 0.000000000000000000e+00 0.000000000000000000e+00 0.000000000000000000e+00 0.000000000000000000e+00 0.000000000000000000e+00 0.000000000000000000e+00 0.000000000000000000e+00 0.000000000000000000e+00 0.000000000000000000e+00 0.000000000000000000e+00 0.000000000000000000e+00 0.000000000000000000e+00 0.000000000000000000e+00 0.000000000000000000e+00 0.000000000000000000e+00 0.000000000000000000e+00 0.000000000000000000e+00 0.000000000000000000e+00 0.000000000000000000e+00 0.000000000000000000e+00 0.000000000000000000e+00 0.000000000000000000e+00 0.000000000000000000e+00 0.000000000000000000e+00 0.000000000000000000e+00 0.000000000000000000e+00 0.000000000000000000e+00 0.000000000000000000e+00 0.000000000000000000e+00 0.000000000000000000e+00 0.000000000000000000e+00 0.000000000000000000e+00 0.000000000000000000e+00 0.000000000000000000e+00 0.000000000000000000e+00 0.000000000000000000e+00 0.000000000000000000e+00 0.000000000000000000e+00 0.000000000000000000e+00 0.000000000000000000e+00 0.000000000000000000e+00 0.000000000000000000e+00 0.000000000000000000e+00 0.000000000000000000e+00
9.430454175184264543e+00 -3.134736299239035517e+00 -1.194350350072538092e+01 1.467066293036290325e+00 4.318136313566169804e+01 -3.253876493017224902e+01 7.207517054729824402e+00 0.000000000000000000e+00 0.000000000000000000e+00 0.000000000000000000e+00 0.000000000000000000e+00 0.000000000000000000e+00 0.000000000000000000e+00 0.000000000000000000e+00 0.000000000000000000e+00 0.000000000000000000e+00 0.000000000000000000e+00 0.000000000000000000e+00 0.000000000000000000e+00 0.000000000000000000e+00 0.000000000000000000e+00 0.000000000000000000e+00 0.000000000000000000e+00 0.000000000000000000e+00 0.000000000000000000e+00 0.000000000000000000e+00 0.000000000000000000e+00 0.000000000000000000e+00 0.000000000000000000e+00 0.000000000000000000e+00 0.000000000000000000e+00 0.000000000000000000e+00 0.000000000000000000e+00 0.000000000000000000e+00 0.000000000000000000e+00 0.000000000000000000e+00 0.000000000000000000e+00 0.000000000000000000e+00 0.000000000000000000e+00 0.000000000000000000e+00 0.000000000000000000e+00 0.000000000000000000e+00 0.000000000000000000e+00 0.000000000000000000e+00 0.000000000000000000e+00 0.000000000000000000e+00 0.000000000000000000e+00 0.000000000000000000e+00 0.000000000000000000e+00 0.000000000000000000e+00 0.000000000000000000e+00 0.000000000000000000e+00 0.000000000000000000e+00 0.000000000000000000e+00 0.000000000000000000e+00 0.000000000000000000e+00 0.000000000000000000e+00 0.000000000000000000e+00 0.000000000000000000e+00 0.000000000000000000e+00 0.000000000000000000e+00 0.000000000000000000e+00 0.000000000000000000e+00 0.000000000000000000e+00 0.000000000000000000e+00 0.000000000000000000e+00 0.000000000000000000e+00 0.000000000000000000e+00 0.000000000000000000e+00 0.000000000000000000e+00 0.000000000000000000e+00 0.000000000000000000e+00 0.000000000000000000e+00 0.000000000000000000e+00 0.000000000000000000e+00 0.000000000000000000e+00 0.000000000000000000e+00 0.000000000000000000e+00 0.000000000000000000e+00 0.000000000000000000e+00 0.000000000000000000e+00 0.000000000000000000e+00 0.000000000000000000e+00 0.000000000000000000e+00 0.000000000000000000e+00 0.000000000000000000e+00 0.000000000000000000e+00 0.000000000000000000e+00 0.000000000000000000e+00 0.000000000000000000e+00 0.000000000000000000e+00 0.000000000000000000e+00 0.000000000000000000e+00 0.000000000000000000e+00 0.000000000000000000e+00 0.000000000000000000e+00 0.000000000000000000e+00 0.000000000000000000e+00 0.000000000000000000e+00 0.000000000000000000e+00
5.405832923570550008e+00 7.419620469398742202e-01 -1.139859310950308569e+01 5.337178813395639487e+00 1.906638111780918621e+02 -8.246254797948270721e+01 1.594502962803736423e+01 1.084881352208463845e+01 0.000000000000000000e+00 0.000000000000000000e+00 0.000000000000000000e+00 0.000000000000000000e+00 0.000000000000000000e+00 0.000000000000000000e+00 0.000000000000000000e+00 0.000000000000000000e+00 0.000000000000000000e+00 0.000000000000000000e+00 0.000000000000000000e+00 0.000000000000000000e+00 0.000000000000000000e+00 0.000000000000000000e+00 0.000000000000000000e+00 0.000000000000000000e+00 0.000000000000000000e+00 0.000000000000000000e+00 0.000000000000000000e+00 0.000000000000000000e+00 0.000000000000000000e+00 0.000000000000000000e+00 0.000000000000000000e+00 0.000000000000000000e+00 0.000000000000000000e+00 0.000000000000000000e+00 0.000000000000000000e+00 0.000000000000000000e+00 0.000000000000000000e+00 0.000000000000000000e+00 0.000000000000000000e+00 0.000000000000000000e+00 0.000000000000000000e+00 0.000000000000000000e+00 0.000000000000000000e+00 0.000000000000000000e+00 0.000000000000000000e+00 0.000000000000000000e+00 0.000000000000000000e+00 0.000000000000000000e+00 0.000000000000000000e+00 0.000000000000000000e+00 0.000000000000000000e+00 0.000000000000000000e+00 0.000000000000000000e+00 0.000000000000000000e+00 0.000000000000000000e+00 0.000000000000000000e+00 0.000000000000000000e+00 0.000000000000000000e+00 0.000000000000000000e+00 0.000000000000000000e+00 0.000000000000000000e+00 0.000000000000000000e+00 0.000000000000000000e+00 0.000000000000000000e+00 0.000000000000000000e+00 0.000000000000000000e+00 0.000000000000000000e+00 0.000000000000000000e+00 0.000000000000000000e+00 0.000000000000000000e+00 0.000000000000000000e+00 0.000000000000000000e+00 0.000000000000000000e+00 0.000000000000000000e+00 0.000000000000000000e+00 0.000000000000000000e+00 0.000000000000000000e+00 0.000000000000000000e+00 0.000000000000000000e+00 0.000000000000000000e+00 0.000000000000000000e+00 0.000000000000000000e+00 0.000000000000000000e+00 0.000000000000000000e+00 0.000000000000000000e+00 0.000000000000000000e+00 0.000000000000000000e+00 0.000000000000000000e+00 0.000000000000000000e+00 0.000000000000000000e+00 0.000000000000000000e+00 0.000000000000000000e+00 0.000000000000000000e+00 0.000000000000000000e+00 0.000000000000000000e+00 0.000000000000000000e+00 0.000000000000000000e+00 0.000000000000000000e+00 0.000000000000000000e+00 0.000000000000000000e+00
5.133379687549318504e+00 -5.089921172504539015e+00 -1.510440925252036548e+00 2.965962731871830016e+00 1.157216992883552109e+02 -4.362929423204795398e+01 9.031539952643232283e+00 1.281660607433519417e+01 -1.403825114094005144e+01 0.000000000000000000e+00 0.000000000000000000e+00 0.000000000000000000e+00 0.000000000000000000e+00 0.000000000000000000e+00 0.000000000000000000e+00 0.000000000000000000e+00 0.000000000000000000e+00 0.000000000000000000e+00 0.000000000000000000e+00 0.000000000000000000e+00 0.000000000000000000e+00 0.000000000000000000e+00 0.000000000000000000e+00 0.000000000000000000e+00 0.000000000000000000e+00 0.000000000000000000e+00 0.000000000000000000e+00 0.000000000000000000e+00 0.000000000000000000e+00 0.000000000000000000e+00 0.000000000000000000e+00 0.000000000000000000e+00 0.000000000000000000e+00 0.000000000000000000e+00 0.000000000000000000e+00 0.000000000000000000e+00 0.000000000000000000e+00 0.000000000000000000e+00 0.000000000000000000e+00 0.000000000000000000e+00 0.000000000000000000e+00 0.000000000000000000e+00 0.000000000000000000e+00 0.000000000000000000e+00 0.000000000000000000e+00 0.000000000000000000e+00 0.000000000000000000e+00 0.000000000000000000e+00 0.000000000000000000e+00 0.000000000000000000e+00 0.000000000000000000e+00 0.000000000000000000e+00 0.000000000000000000e+00 0.000000000000000000e+00 0.000000000000000000e+00 0.000000000000000000e+00 0.000000000000000000e+00 0.000000000000000000e+00 0.000000000000000000e+00 0.000000000000000000e+00 0.000000000000000000e+00 0.000000000000000000e+00 0.000000000000000000e+00 0.000000000000000000e+00 0.000000000000000000e+00 0.000000000000000000e+00 0.000000000000000000e+00 0.000000000000000000e+00 0.000000000000000000e+00 0.000000000000000000e+00 0.000000000000000000e+00 0.000000000000000000e+00 0.000000000000000000e+00 0.000000000000000000e+00 0.000000000000000000e+00 0.000000000000000000e+00 0.000000000000000000e+00 0.000000000000000000e+00 0.000000000000000000e+00 0.000000000000000000e+00 0.000000000000000000e+00 0.000000000000000000e+00 0.000000000000000000e+00 0.000000000000000000e+00 0.000000000000000000e+00 0.000000000000000000e+00 0.000000000000000000e+00 0.000000000000000000e+00 0.000000000000000000e+00 0.000000000000000000e+00 0.000000000000000000e+00 0.000000000000000000e+00 0.000000000000000000e+00 0.000000000000000000e+00 0.000000000000000000e+00 0.000000000000000000e+00 0.000000000000000000e+00 0.000000000000000000e+00 0.000000000000000000e+00 0.000000000000000000e+00
5.148297273798908336e+00 1.963924501124131083e+00 -1.251209232353974876e+01 2.656415744154148051e+00 9.712591756451296021e+01 -3.882543391753214479e+01 4.725932203299358925e-01 -1.546973146540780775e+00 1.375262477910180614e+01 -9.573441511184583419e+00 0.000000000000000000e+00 0.000000000000000000e+00 0.000000000000000000e+00 0.000000000000000000e+00 0.000000000000000000e+00 0.000000000000000000e+00 0.000000000000000000e+00 0.000000000000000000e+00 0.000000000000000000e+00 0.000000000000000000e+00 0.000000000000000000e+00 0.000000000000000000e+00 0.000000000000000000e+00 0.000000000000000000e+00 0.000000000000000000e+00 0.000000000000000000e+00 0.000000000000000000e+00 0.000000000000000000e+00 0.000000000000000000e+00 0.000000000000000000e+00 0.000000000000000000e+00 0.000000000000000000e+00 0.000000000000000000e+00 0.000000000000000000e+00 0.000000000000000000e+00 0.000000000000000000e+00 0.000000000000000000e+00 0.000000000000000000e+00 0.000000000000000000e+00 0.000000000000000000e+00 0.000000000000000000e+00 0.000000000000000000e+00 0.000000000000000000e+00 0.000000000000000000e+00 0.000000000000000000e+00 0.000000000000000000e+00 0.000000000000000000e+00 0.000000000000000000e+00 0.000000000000000000e+00 0.000000000000000000e+00 0.000000000000000000e+00 0.000000000000000000e+00 0.000000000000000000e+00 0.000000000000000000e+00 0.000000000000000000e+00 0.000000000000000000e+00 0.000000000000000000e+00 0.000000000000000000e+00 0.000000000000000000e+00 0.000000000000000000e+00 0.000000000000000000e+00 0.000000000000000000e+00 0.000000000000000000e+00 0.000000000000000000e+00 0.000000000000000000e+00 0.000000000000000000e+00 0.000000000000000000e+00 0.000000000000000000e+00 0.000000000000000000e+00 0.000000000000000000e+00 0.000000000000000000e+00 0.000000000000000000e+00 0.000000000000000000e+00 0.000000000000000000e+00 0.000000000000000000e+00 0.000000000000000000e+00 0.000000000000000000e+00 0.000000000000000000e+00 0.000000000000000000e+00 0.000000000000000000e+00 0.000000000000000000e+00 0.000000000000000000e+00 0.000000000000000000e+00 0.000000000000000000e+00 0.000000000000000000e+00 0.000000000000000000e+00 0.000000000000000000e+00 0.000000000000000000e+00 0.000000000000000000e+00 0.000000000000000000e+00 0.000000000000000000e+00 0.000000000000000000e+00 0.000000000000000000e+00 0.000000000000000000e+00 0.000000000000000000e+00 0.000000000000000000e+00 0.000000000000000000e+00 0.000000000000000000e+00 0.000000000000000000e+00 0.000000000000000000e+00
8.016655225705855869e+00 -6.662204477140555525e+00 -2.202625517107795083e+00 6.177274506448183544e+00 2.328086631414648480e+02 -1.009001251967806638e+02 8.427874979572152370e+00 5.677872293732822762e+00 6.305426005288540026e+00 -3.114344844592924488e-01 9.789247019552114182e-01 0.000000000000000000e+00 0.000000000000000000e+00 0.000000000000000000e+00 0.000000000000000000e+00 0.000000000000000000e+00 0.000000000000000000e+00 0.000000000000000000e+00 0.000000000000000000e+00 0.000000000000000000e+00 0.000000000000000000e+00 0.000000000000000000e+00 0.000000000000000000e+00 0.000000000000000000e+00 0.000000000000000000e+00 0.000000000000000000e+00 0.000000000000000000e+00 0.000000000000000000e+00 0.000000000000000000e+00 0.000000000000000000e+00 0.000000000000000000e+00 0.000000000000000000e+00 0.000000000000000000e+00 0.000000000000000000e+00 0.000000000000000000e+00 0.000000000000000000e+00 0.000000000000000000e+00 0.000000000000000000e+00 0.000000000000000000e+00 0.000000000000000000e+00 0.000000000000000000e+00 0.000000000000000000e+00 0.000000000000000000e+00 0.000000000000000000e+00 0.000000000000000000e+00 0.000000000000000000e+00 0.000000000000000000e+00 0.000000000000000000e+00 0.000000000000000000e+00 0.000000000000000000e+00 0.000000000000000000e+00 0.000000000000000000e+00 0.000000000000000000e+00 0.000000000000000000e+00 0.000000000000000000e+00 0.000000000000000000e+00 0.000000000000000000e+00 0.000000000000000000e+00 0.000000000000000000e+00 0.000000000000000000e+00 0.000000000000000000e+00 0.000000000000000000e+00 0.000000000000000000e+00 0.000000000000000000e+00 0.000000000000000000e+00 0.000000000000000000e+00 0.000000000000000000e+00 0.000000000000000000e+00 0.000000000000000000e+00 0.000000000000000000e+00 0.000000000000000000e+00 0.000000000000000000e+00 0.000000000000000000e+00 0.000000000000000000e+00 0.000000000000000000e+00 0.000000000000000000e+00 0.000000000000000000e+00 0.000000000000000000e+00 0.000000000000000000e+00 0.000000000000000000e+00 0.000000000000000000e+00 0.000000000000000000e+00 0.000000000000000000e+00 0.000000000000000000e+00 0.000000000000000000e+00 0.000000000000000000e+00 0.000000000000000000e+00 0.000000000000000000e+00 0.000000000000000000e+00 0.000000000000000000e+00 0.000000000000000000e+00 0.000000000000000000e+00 0.000000000000000000e+00 0.000000000000000000e+00 0.000000000000000000e+00 0.000000000000000000e+00 0.000000000000000000e+00 0.000000000000000000e+00 0.000000000000000000e+00 0.000000000000000000e+00
1.681439067076261340e+00 5.948939043484699596e+00 -1.337941893215398714e+01 9.426604187549889602e-01 2.927343562207045125e+01 -1.661490488590078840e+01 7.076132032131861038e-01 5.068107507205908746e+00 -1.211206733442700845e+01 8.778289236974146093e+00 -5.972445756383767623e+00 1.002848703659064284e+02 0.000000000000000000e+00 0.000000000000000000e+00 0.000000000000000000e+00 0.000000000000000000e+00 0.000000000000000000e+00 0.000000000000000000e+00 0.000000000000000000e+00 0.000000000000000000e+00 0.000000000000000000e+00 0.000000000000000000e+00 0.000000000000000000e+00 0.000000000000000000e+00 0.000000000000000000e+00 0.000000000000000000e+00 0.000000000000000000e+00 0.000000000000000000e+00 0.000000000000000000e+00 0.000000000000000000e+00 0.000000000000000000e+00 0.000000000000000000e+00 0.000000000000000000e+00 0.000000000000000000e+00 0.000000000000000000e+00 0.000000000000000000e+00 0.000000000000000000e+00 0.000000000000000000e+00 0.000000000000000000e+00 0.000000000000000000e+00 0.000000000000000000e+00 0.000000000000000000e+00 0.000000000000000000e+00 0.000000000000000000e+00 0.000000000000000000e+00 0.000000000000000000e+00 0.000000000000000000e+00 0.000000000000000000e+00 0.000000000000000000e+00 0.000000000000000000e+00 0.000000000000000000e+00 0.000000000000000000e+00 0.000000000000000000e+00 0.000000000000000000e+00 0.000000000000000000e+00 0.000000000000000000e+00 0.000000000000000000e+00 0.000000000000000000e+00 0.000000000000000000e+00 0.000000000000000000e+00 0.000000000000000000e+00 0.000000000000000000e+00 0.000000000000000000e+00 0.000000000000000000e+00 0.000000000000000000e+00 0.000000000000000000e+00 0.000000000000000000e+00 0.000000000000000000e+00 0.000000000000000000e+00 0.000000000000000000e+00 0.000000000000000000e+00 0.000000000000000000e+00 0.000000000000000000e+00 0.000000000000000000e+00 0.000000000000000000e+00 0.000000000000000000e+00 0.000000000000000000e+00 0.000000000000000000e+00 0.000000000000000000e+00 0.000000000000000000e+00 0.000000000000000000e+00 0.000000000000000000e+00 0.000000000000000000e+00 0.000000000000000000e+00 0.000000000000000000e+00 0.000000000000000000e+00 0.000000000000000000e+00 0.000000000000000000e+00 0.000000000000000000e+00 0.000000000000000000e+00 0.000000000000000000e+00 0.000000000000000000e+00 0.000000000000000000e+00 0.000000000000000000e+00 0.000000000000000000e+00 0.000000000000000000e+00 0.000000000000000000e+00 0.000000000000000000e+00 0.000000000000000000e+00 0.000000000000000000e+00
4.232004102129039325e+00 -4.781682508167133250e-01 -8.097581027480378779e+00 5.008083553495543683e+00 1.851523264395521551e+02 -7.357093956149337544e+01 1.290102576510671817e+01 1.212877463845406112e+01 -3.063349566044699657e-01 3.075245933073316174e-01 -1.431461042219508872e+00 2.186800962729695641e+01 6.677264331912855511e+00 0.000000000000000000e+00 0.000000000000000000e+00 0.000000000000000000e+00 0.000000000000000000e+00 0.000000000000000000e+00 0.000000000000000000e+00 0.000000000000000000e+00 0.000000000000000000e+00 0.000000000000000000e+00 0.000000000000000000e+00 0.000000000000000000e+00 0.000000000000000000e+00 0.000000000000000000e+00 0.000000000000000000e+00 0.000000000000000000e+00 0.000000000000000000e+00 0.000000000000000000e+00 0.000000000000000000e+00 0.000000000000000000e+00 0.000000000000000000e+00 0.000000000000000000e+00 0.000000000000000000e+00 0.000000000000000000e+00 0.000000000000000000e+00 0.000000000000000000e+00 0.000000000000000000e+00 0.000000000000000000e+00 0.000000000000000000e+00 0.000000000000000000e+00 0.000000000000000000e+00 0.000000000000000000e+00 0.000000000000000000e+00 0.000000000000000000e+00 0.000000000000000000e+00 0.000000000000000000e+00 0.000000000000000000e+00 0.000000000000000000e+00 0.000000000000000000e+00 0.000000000000000000e+00 0.000000000000000000e+00 0.000000000000000000e+00 0.000000000000000000e+00 0.000000000000000000e+00 0.000000000000000000e+00 0.000000000000000000e+00 0.000000000000000000e+00 0.000000000000000000e+00 0.000000000000000000e+00 0.000000000000000000e+00 0.000000000000000000e+00 0.000000000000000000e+00 0.000000000000000000e+00 0.000000000000000000e+00 0.000000000000000000e+00 0.000000000000000000e+00 0.000000000000000000e+00 0.000000000000000000e+00 0.000000000000000000e+00 0.000000000000000000e+00 0.000000000000000000e+00 0.000000000000000000e+00 0.000000000000000000e+00 0.000000000000000000e+00 0.000000000000000000e+00 0.000000000000000000e+00 0.000000000000000000e+00 0.000000000000000000e+00 0.000000000000000000e+00 0.000000000000000000e+00 0.000000000000000000e+00 0.000000000000000000e+00 0.000000000000000000e+00 0.000000000000000000e+00 0.000000000000000000e+00 0.000000000000000000e+00 0.000000000000000000e+00 0.000000000000000000e+00 0.000000000000000000e+00 0.000000000000000000e+00 0.000000000000000000e+00 0.000000000000000000e+00 0.000000000000000000e+00 0.000000000000000000e+00 0.000000000000000000e+00 0.000000000000000000e+00 0.000000000000000000e+00 0.000000000000000000e+00
2.015756036710153687e+00 4.563611513248265084e+00 -9.702670877814226102e+00 7.546658050632741421e+00 2.759876536964583806e+02 -1.216979157727966907e+02 2.121285574711752275e+01 2.309700601267920561e+01 -3.779022893908862812e+01 2.739228152509364023e+01 -2.004222204123111339e+01 3.025888312524880916e+02 -2.220112266145936886e+01 1.516468794535877507e+01 0.000000000000000000e+00 0.000000000000000000e+00 0.000000000000000000e+00 0.000000000000000000e+00 0.000000000000000000e+00 0.000000000000000000e+00 0.000000000000000000e+00 0.000000000000000000e+00 0.000000000000000000e+00 0.000000000000000000e+00 0.000000000000000000e+00 0.000000000000000000e+00 0.000000000000000000e+00 0.000000000000000000e+00 0.000000000000000000e+00 0.000000000000000000e+00 0.000000000000000000e+00 0.000000000000000000e+00 0.000000000000000000e+00 0.000000000000000000e+00 0.000000000000000000e+00 0.000000000000000000e+00 0.000000000000000000e+00 0.000000000000000000e+00 0.000000000000000000e+00 0.000000000000000000e+00 0.000000000000000000e+00 0.000000000000000000e+00 0.000000000000000000e+00 0.000000000000000000e+00 0.000000000000000000e+00 0.000000000000000000e+00 0.000000000000000000e+00 0.000000000000000000e+00 0.000000000000000000e+00 0.000000000000000000e+00 0.000000000000000000e+00 0.000000000000000000e+00 0.000000000000000000e+00 0.000000000000000000e+00 0.000000000000000000e+00 0.000000000000000000e+00 0.000000000000000000e+00 0.000000000000000000e+00 0.000000000000000000e+00 0.000000000000000000e+00 0.000000000000000000e+00 0.000000000000000000e+00 0.000000000000000000e+00 0.000000000000000000e+00 0.000000000000000000e+00 0.000000000000000000e+00 0.000000000000000000e+00 0.000000000000000000e+00 0.000000000000000000e+00 0.000000000000000000e+00 0.000000000000000000e+00 0.000000000000000000e+00 0.000000000000000000e+00 0.000000000000000000e+00 0.000000000000000000e+00 0.000000000000000000e+00 0.000000000000000000e+00 0.000000000000000000e+00 0.000000000000000000e+00 0.000000000000000000e+00 0.000000000000000000e+00 0.000000000000000000e+00 0.000000000000000000e+00 0.000000000000000000e+00 0.000000000000000000e+00 0.000000000000000000e+00 0.000000000000000000e+00 0.000000000000000000e+00 0.000000000000000000e+00 0.000000000000000000e+00 0.000000000000000000e+00 0.000000000000000000e+00 0.000000000000000000e+00 0.000000000000000000e+00 0.000000000000000000e+00 0.000000000000000000e+00 0.000000000000000000e+00 0.000000000000000000e+00 0.000000000000000000e+00 0.000000000000000000e+00
7.755222143265504187e+00 -8.966287861633523093e+00 1.919801289739986316e-02 7.548832542288515413e+00 2.931203005158839687e+02 -1.134117277784585838e+02 1.282733762792489252e+01 4.904139251633806040e+00 3.309835316034707375e+01 -2.552941326337980499e+01 1.943893362276147485e+01 -2.773146018728506874e+02 1.476120905078135692e+01 -7.598148192728033656e+00 -4.622694491310515019e-01 0.000000000000000000e+00 0.000000000000000000e+00 0.000000000000000000e+00 0.000000000000000000e+00 0.000000000000000000e+00 0.000000000000000000e+00 0.000000000000000000e+00 0.000000000000000000e+00 0.000000000000000000e+00 0.000000000000000000e+00 0.000000000000000000e+00 0.000000000000000000e+00 0.000000000000000000e+00 0.000000000000000000e+00 0.000000000000000000e+00 0.000000000000000000e+00 0.000000000000000000e+00 0.000000000000000000e+00 0.000000000000000000e+00 0.000000000000000000e+00 0.000000000000000000e+00 0.000000000000000000e+00 0.000000000000000000e+00 0.000000000000000000e+00 0.000000000000000000e+00 0.000000000000000000e+00 0.000000000000000000e+00 0.000000000000000000e+00 0.000000000000000000e+00 0.000000000000000000e+00 0.000000000000000000e+00 0.000000000000000000e+00 0.000000000000000000e+00 0.000000000000000000e+00 0.000000000000000000e+00 0.000000000000000000e+00 0.000000000000000000e+00 0.000000000000000000e+00 0.000000000000000000e+00 0.000000000000000000e+00 0.000000000000000000e+00 0.000000000000000000e+00 0.000000000000000000e+00 0.000000000000000000e+00 0.000000000000000000e+00 0.000000000000000000e+00 0.000000000000000000e+00 0.000000000000000000e+00 0.000000000000000000e+00 0.000000000000000000e+00 0.000000000000000000e+00 0.000000000000000000e+00 0.000000000000000000e+00 0.000000000000000000e+00 0.000000000000000000e+00 0.000000000000000000e+00 0.000000000000000000e+00 0.000000000000000000e+00 0.000000000000000000e+00 0.000000000000000000e+00 0.000000000000000000e+00 0.000000000000000000e+00 0.000000000000000000e+00 0.000000000000000000e+00 0.000000000000000000e+00 0.000000000000000000e+00 0.000000000000000000e+00 0.000000000000000000e+00 0.000000000000000000e+00 0.000000000000000000e+00 0.000000000000000000e+00 0.000000000000000000e+00 0.000000000000000000e+00 0.000000000000000000e+00 0.000000000000000000e+00 0.000000000000000000e+00 0.000000000000000000e+00 0.000000000000000000e+00 0.000000000000000000e+00 0.000000000000000000e+00 0.000000000000000000e+00 0.000000000000000000e+00 0.000000000000000000e+00 0.000000000000000000e+00 0.000000000000000000e+00
4.461924201909153176e+00 -5.374168671311869261e+00 6.035314812772885062e+00 -2.668671870178902505e+00 -9.882822510343518729e+01 4.100777284771045572e+01 -3.245809157693080316e+00 1.880119213758986163e+00 -1.971404067197052257e+01 1.518520487142976627e+01 -6.503246669966252114e+00 9.611899009265276561e+01 -5.686440323861674528e-02 -4.883145583490284380e+00 -1.411341273528418938e+01 3.754787481653979739e+02 0.000000000000000000e+00 0.000000000000000000e+00 0.000000000000000000e+00 0.000000000000000000e+00 0.000000000000000000e+00 0.000000000000000000e+00 0.000000000000000000e+00 0.000000000000000000e+00 0.000000000000000000e+00 0.000000000000000000e+00 0.000000000000000000e+00 0.000000000000000000e+00 0.000000000000000000e+00 0.000000000000000000e+00 0.000000000000000000e+00 0.000000000000000000e+00 0.000000000000000000e+00 0.000000000000000000e+00 0.000000000000000000e+00 0.000000000000000000e+00 0.000000000000000000e+00 0.000000000000000000e+00 0.000000000000000000e+00 0.000000000000000000e+00 0.000000000000000000e+00 0.000000000000000000e+00 0.000000000000000000e+00 0.000000000000000000e+00 0.000000000000000000e+00 0.000000000000000000e+00 0.000000000000000000e+00 0.000000000000000000e+00 0.000000000000000000e+00 0.000000000000000000e+00 0.000000000000000000e+00 0.000000000000000000e+00 0.000000000000000000e+00 0.000000000000000000e+00 0.000000000000000000e+00 0.000000000000000000e+00 0.000000000000000000e+00 0.000000000000000000e+00 0.000000000000000000e+00 0.000000000000000000e+00 0.000000000000000000e+00 0.000000000000000000e+00 0.000000000000000000e+00 0.000000000000000000e+00 0.000000000000000000e+00 0.000000000000000000e+00 0.000000000000000000e+00 0.000000000000000000e+00 0.000000000000000000e+00 0.000000000000000000e+00 0.000000000000000000e+00 0.000000000000000000e+00 0.000000000000000000e+00 0.000000000000000000e+00 0.000000000000000000e+00 0.000000000000000000e+00 0.000000000000000000e+00 0.000000000000000000e+00 0.000000000000000000e+00 0.000000000000000000e+00 0.000000000000000000e+00 0.000000000000000000e+00 0.000000000000000000e+00 0.000000000000000000e+00 0.000000000000000000e+00 0.000000000000000000e+00 0.000000000000000000e+00 0.000000000000000000e+00 0.000000000000000000e+00 0.000000000000000000e+00 0.000000000000000000e+00 0.000000000000000000e+00 0.000000000000000000e+00 0.000000000000000000e+00 0.000000000000000000e+00 0.000000000000000000e+00 0.000000000000000000e+00 0.000000000000000000e+00 0.000000000000000000e+00 0.000000000000000000e+00
1.887538398089398939e+00 6.922629132209454639e-01 1.457293927372497855e+00 2.543588439124389922e+00 8.988419228165992081e+01 -3.628253390286444358e+01 1.259780389037041815e+01 1.654222083328363269e+01 -2.790723673905680258e+01 2.404854272730615961e+01 -1.820012277242992482e+01 2.681785138458470783e+02 -2.680478171836888635e-01 3.934464314561118670e+00 -1.188504341172074596e+01 3.171102052937010853e+02 2.821252503564494418e+00 0.000000000000000000e+00 0.000000000000000000e+00 0.000000000000000000e+00 0.000000000000000000e+00 0.000000000000000000e+00 0.000000000000000000e+00 0.000000000000000000e+00 0.000000000000000000e+00 0.000000000000000000e+00 0.000000000000000000e+00 0.000000000000000000e+00 0.000000000000000000e+00 0.000000000000000000e+00 0.000000000000000000e+00 0.000000000000000000e+00 0.000000000000000000e+00 0.000000000000000000e+00 0.000000000000000000e+00 0.000000000000000000e+00 0.000000000000000000e+00 0.000000000000000000e+00 0.000000000000000000e+00 0.000000000000000000e+00 0.000000000000000000e+00 0.000000000000000000e+00 0.000000000000000000e+00 0.000000000000000000e+00 0.000000000000000000e+00 0.000000000000000000e+00 0.000000000000000000e+00 0.000000000000000000e+00 0.000000000000000000e+00 0.000000000000000000e+00 0.000000000000000000e+00 0.000000000000000000e+00 0.000000000000000000e+00 0.000000000000000000e+00 0.000000000000000000e+00 0.000000000000000000e+00 0.000000000000000000e+00 0.000000000000000000e+00 0.000000000000000000e+00 0.000000000000000000e+00 0.000000000000000000e+00 0.000000000000000000e+00 0.000000000000000000e+00 0.000000000000000000e+00 0.000000000000000000e+00 0.000000000000000000e+00 0.000000000000000000e+00 0.000000000000000000e+00 0.000000000000000000e+00 0.000000000000000000e+00 0.000000000000000000e+00 0.000000000000000000e+00 0.000000000000000000e+00 0.000000000000000000e+00 0.000000000000000000e+00 0.000000000000000000e+00 0.000000000000000000e+00 0.000000000000000000e+00 0.000000000000000000e+00 0.000000000000000000e+00 0.000000000000000000e+00 0.000000000000000000e+00 0.000000000000000000e+00 0.000000000000000000e+00 0.000000000000000000e+00 0.000000000000000000e+00 0.000000000000000000e+00 0.000000000000000000e+00 0.000000000000000000e+00 0.000000000000000000e+00 0.000000000000000000e+00 0.000000000000000000e+00 0.000000000000000000e+00 0.000000000000000000e+00 0.000000000000000000e+00 0.000000000000000000e+00 0.000000000000000000e+00 0.000000000000000000e+00 0.000000000000000000e+00 0.000000000000000000e+00
4.453957506759973484e+00 6.734943672816120497e-01 -9.502732593563992580e+00 -6.521552640121601740e-01 -2.606214622113875024e+01 1.287233349221636480e+01 6.701933963031327934e-01 1.097656607999824452e+00 1.491501539422710465e-01 -1.224358463838681566e+01 8.323780635662691552e+00 -1.280309381730265272e+02 6.956390773668418959e+00 -2.794411932649493835e+00 3.305912898530863231e+00 -7.368932271487244634e+01 2.977704025901910967e+01 3.671819453835017555e+01 0.000000000000000000e+00 0.000000000000000000e+00 0.000000000000000000e+00 0.000000000000000000e+00 0.000000000000000000e+00 0.000000000000000000e+00 0.000000000000000000e+00 0.000000000000000000e+00 0.000000000000000000e+00 0.000000000000000000e+00 0.000000000000000000e+00 0.000000000000000000e+00 0.000000000000000000e+00 0.000000000000000000e+00 0.000000000000000000e+00 0.000000000000000000e+00 0.000000000000000000e+00 0.000000000000000000e+00 0.000000000000000000e+00 0.000000000000000000e+00 0.000000000000000000e+00 0.000000000000000000e+00 0.000000000000000000e+00 0.000000000000000000e+00 0.000000000000000000e+00 0.000000000000000000e+00 0.000000000000000000e+00 0.000000000000000000e+00 0.000000000000000000e+00 0.000000000000000000e+00 0.000000000000000000e+00 0.000000000000000000e+00 0.000000000000000000e+00 0.000000000000000000e+00 0.000000000000000000e+00 0.000000000000000000e+00 0.000000000000000000e+00 0.000000000000000000e+00 0.000000000000000000e+00 0.000000000000000000e+00 0.000000000000000000e+00 0.000000000000000000e+00 0.000000000000000000e+00 0.000000000000000000e+00 0.000000000000000000e+00 0.000000000000000000e+00 0.000000000000000000e+00 0.000000000000000000e+00 0.000000000000000000e+00 0.000000000000000000e+00 0.000000000000000000e+00 0.000000000000000000e+00 0.000000000000000000e+00 0.000000000000000000e+00 0.000000000000000000e+00 0.000000000000000000e+00 0.000000000000000000e+00 0.000000000000000000e+00 0.000000000000000000e+00 0.000000000000000000e+00 0.000000000000000000e+00 0.000000000000000000e+00 0.000000000000000000e+00 0.000000000000000000e+00 0.000000000000000000e+00 0.000000000000000000e+00 0.000000000000000000e+00 0.000000000000000000e+00 0.000000000000000000e+00 0.000000000000000000e+00 0.000000000000000000e+00 0.000000000000000000e+00 0.000000000000000000e+00 0.000000000000000000e+00 0.000000000000000000e+00 0.000000000000000000e+00 0.000000000000000000e+00 0.000000000000000000e+00 0.000000000000000000e+00 0.000000000000000000e+00 0.000000000000000000e+00 0.000000000000000000e+00
8.406325471546734818e+00 -6.286938433505747881e+00 -5.721212311917325266e+00 5.580278807138062014e+00 2.082077183468676083e+02 -8.560766770805879844e+01 1.700672901824593453e+01 1.115767452688246308e+01 -1.501997607376351018e+00 -3.300460303885750069e+00 4.328605489951961260e+00 -7.060668445520791181e+01 -9.882288595251607077e+00 1.565634222203637238e+00 -4.591174386738256175e+00 1.146100051272628804e+02 3.812466039853569022e+00 7.637940703331848269e+00 1.284395720203112212e+00 0.000000000000000000e+00 0.000000000000000000e+00 0.000000000000000000e+00 0.000000000000000000e+00 0.000000000000000000e+00 0.000000000000000000e+00 0.000000000000000000e+00 0.000000000000000000e+00 0.000000000000000000e+00 0.000000000000000000e+00 0.000000000000000000e+00 0.000000000000000000e+00 0.000000000000000000e+00 0.000000000000000000e+00 0.000000000000000000e+00 0.000000000000000000e+00 0.000000000000000000e+00 0.000000000000000000e+00 0.000000000000000000e+00 0.000000000000000000e+00 0.000000000000000000e+00 0.000000000000000000e+00 0.000000000000000000e+00 0.000000000000000000e+00 0.000000000000000000e+00 0.000000000000000000e+00 0.000000000000000000e+00 0.000000000000000000e+00 0.000000000000000000e+00 0.000000000000000000e+00 0.000000000000000000e+00 0.000000000000000000e+00 0.000000000000000000e+00 0.000000000000000000e+00 0.000000000000000000e+00 0.000000000000000000e+00 0.000000000000000000e+00 0.000000000000000000e+00 0.000000000000000000e+00 0.000000000000000000e+00 0.000000000000000000e+00 0.000000000000000000e+00 0.000000000000000000e+00 0.000000000000000000e+00 0.000000000000000000e+00 0.000000000000000000e+00 0.000000000000000000e+00 0.000000000000000000e+00 0.000000000000000000e+00 0.000000000000000000e+00 0.000000000000000000e+00 0.000000000000000000e+00 0.000000000000000000e+00 0.000000000000000000e+00 0.000000000000000000e+00 0.000000000000000000e+00 0.000000000000000000e+00 0.000000000000000000e+00 0.000000000000000000e+00 0.000000000000000000e+00 0.000000000000000000e+00 0.000000000000000000e+00 0.000000000000000000e+00 0.000000000000000000e+00 0.000000000000000000e+00 0.000000000000000000e+00 0.000000000000000000e+00 0.000000000000000000e+00 0.000000000000000000e+00 0.000000000000000000e+00 0.000000000000000000e+00 0.000000000000000000e+00 0.000000000000000000e+00 0.000000000000000000e+00 0.000000000000000000e+00 0.000000000000000000e+00 0.000000000000000000e+00 0.000000000000000000e+00 0.000000000000000000e+00 0.000000000000000000e+00 0.000000000000000000e+00
1.408670238767354421e+00 2.863417922315414366e-01 4.224619866677898017e+00 4.411394011800128467e+00 1.692535124062194711e+02 -7.175046973215002311e+01 5.859487519063057981e+00 1.494338641132701762e+00 1.038787517167287966e+01 -5.399670858374709503e+00 -1.237618241532536523e+00 3.178083885430263678e+01 5.125312429791549107e+00 2.353660250574485246e+00 -6.942696578782905803e+00 1.993368653684692617e+02 3.417583470655917210e+01 5.712686194215608992e+01 5.985673317666040560e+01 1.781352083794321572e+02 0.000000000000000000e+00 0.000000000000000000e+00 0.000000000000000000e+00 0.000000000000000000e+00 0.000000000000000000e+00 0.000000000000000000e+00 0.000000000000000000e+00 0.000000000000000000e+00 0.000000000000000000e+00 0.000000000000000000e+00 0.000000000000000000e+00 0.000000000000000000e+00 0.000000000000000000e+00 0.000000000000000000e+00 0.000000000000000000e+00 0.000000000000000000e+00 0.000000000000000000e+00 0.000000000000000000e+00 0.000000000000000000e+00 0.000000000000000000e+00 0.000000000000000000e+00 0.000000000000000000e+00 0.000000000000000000e+00 0.000000000000000000e+00 0.000000000000000000e+00 0.000000000000000000e+00 0.000000000000000000e+00 0.000000000000000000e+00 0.000000000000000000e+00 0.000000000000000000e+00 0.000000000000000000e+00 0.000000000000000000e+00 0.000000000000000000e+00 0.000000000000000000e+00 0.000000000000000000e+00 0.000000000000000000e+00 0.000000000000000000e+00 0.000000000000000000e+00 0.000000000000000000e+00 0.000000000000000000e+00 0.000000000000000000e+00 0.000000000000000000e+00 0.000000000000000000e+00 0.000000000000000000e+00 0.000000000000000000e+00 0.000000000000000000e+00 0.000000000000000000e+00 0.000000000000000000e+00 0.000000000000000000e+00 0.000000000000000000e+00 0.000000000000000000e+00 0.000000000000000000e+00 0.000000000000000000e+00 0.000000000000000000e+00 0.000000000000000000e+00 0.000000000000000000e+00 0.000000000000000000e+00 0.000000000000000000e+00 0.000000000000000000e+00 0.000000000000000000e+00 0.000000000000000000e+00 0.000000000000000000e+00 0.000000000000000000e+00 0.000000000000000000e+00 0.000000000000000000e+00 0.000000000000000000e+00 0.000000000000000000e+00 0.000000000000000000e+00 0.000000000000000000e+00 0.000000000000000000e+00 0.000000000000000000e+00 0.000000000000000000e+00 0.000000000000000000e+00 0.000000000000000000e+00 0.000000000000000000e+00 0.000000000000000000e+00 0.000000000000000000e+00 0.000000000000000000e+00 0.000000000000000000e+00 0.000000000000000000e+00
5.151016820467713586e+00 -3.809196875854713671e+00 1.159371644254791001e+00 3.671779168864663934e+00 1.336549612746435969e+02 -6.199565041111299024e+01 1.709653662660034001e+01 1.217100443533685450e+01 -1.576792296875019872e+01 9.545461696218493941e+00 -3.611085094890840175e+00 5.910554361825624170e+01 -1.669306472226219640e+00 -8.400768239127014425e-01 -1.491196389654600019e+01 3.927509556170724636e+02 8.378750578349265510e+00 2.071879891828002229e+01 3.914504219634502391e+01 1.226201373061739162e+02 -4.236480596014187583e+00 0.000000000000000000e+00 0.000000000000000000e+00 0.000000000000000000e+00 0.000000000000000000e+00 0.000000000000000000e+00 0.000000000000000000e+00 0.000000000000000000e+00 0.000000000000000000e+00 0.000000000000000000e+00 0.000000000000000000e+00 0.000000000000000000e+00 0.000000000000000000e+00 0.000000000000000000e+00 0.000000000000000000e+00 0.000000000000000000e+00 0.000000000000000000e+00 0.000000000000000000e+00 0.000000000000000000e+00 0.000000000000000000e+00 0.000000000000000000e+00 0.000000000000000000e+00 0.000000000000000000e+00 0.000000000000000000e+00 0.000000000000000000e+00 0.000000000000000000e+00 0.000000000000000000e+00 0.000000000000000000e+00 0.000000000000000000e+00 0.000000000000000000e+00 0.000000000000000000e+00 0.000000000000000000e+00 0.000000000000000000e+00 0.000000000000000000e+00 0.000000000000000000e+00 0.000000000000000000e+00 0.000000000000000000e+00 0.000000000000000000e+00 0.000000000000000000e+00 0.000000000000000000e+00 0.000000000000000000e+00 0.000000000000000000e+00 0.000000000000000000e+00 0.000000000000000000e+00 0.000000000000000000e+00 0.000000000000000000e+00 0.000000000000000000e+00 0.000000000000000000e+00 0.000000000000000000e+00 0.000000000000000000e+00 0.000000000000000000e+00 0.000000000000000000e+00 0.000000000000000000e+00 0.000000000000000000e+00 0.000000000000000000e+00 0.000000000000000000e+00 0.000000000000000000e+00 0.000000000000000000e+00 0.000000000000000000e+00 0.000000000000000000e+00 0.000000000000000000e+00 0.000000000000000000e+00 0.000000000000000000e+00 0.000000000000000000e+00 0.000000000000000000e+00 0.000000000000000000e+00 0.000000000000000000e+00 0.000000000000000000e+00 0.000000000000000000e+00 0.000000000000000000e+00 0.000000000000000000e+00 0.000000000000000000e+00 0.000000000000000000e+00 0.000000000000000000e+00 0.000000000000000000e+00 0.000000000000000000e+00 0.000000000000000000e+00 0.000000000000000000e+00 0.000000000000000000e+00 0.000000000000000000e+00
9.986780742709168379e+00 -6.011054094796932645e+00 -1.253240387939214173e+01 -9.408251164163705660e-02 -1.671176047093522854e+00 1.543823465837882658e+00 -8.093234751002079008e+00 -1.124854241159272483e+01 2.483793626104722563e+01 -1.875798371374703066e+01 9.426740019203272425e+00 -1.410267589297444033e+02 9.335445818622293501e+00 8.540208442231198571e-01 7.146102661817774759e+00 -1.815839864614188741e+02 2.900098830423776164e+01 4.499768753620722350e+01 3.613612003315137144e+01 1.025617841222499891e+02 1.135465133774447111e+01 5.827341724220120511e+01 0.000000000000000000e+00 0.000000000000000000e+00 0.000000000000000000e+00 0.000000000000000000e+00 0.000000000000000000e+00 0.000000000000000000e+00 0.000000000000000000e+00 0.000000000000000000e+00 0.000000000000000000e+00 0.000000000000000000e+00 0.000000000000000000e+00 0.000000000000000000e+00 0.000000000000000000e+00 0.000000000000000000e+00 0.000000000000000000e+00 0.000000000000000000e+00 0.000000000000000000e+00 0.000000000000000000e+00 0.000000000000000000e+00 0.000000000000000000e+00 0.000000000000000000e+00 0.000000000000000000e+00 0.000000000000000000e+00 0.000000000000000000e+00 0.000000000000000000e+00 0.000000000000000000e+00 0.000000000000000000e+00 0.000000000000000000e+00 0.000000000000000000e+00 0.000000000000000000e+00 0.000000000000000000e+00 0.000000000000000000e+00 0.000000000000000000e+00 0.000000000000000000e+00 0.000000000000000000e+00 0.000000000000000000e+00 0.000000000000000000e+00 0.000000000000000000e+00 0.000000000000000000e+00 0.000000000000000000e+00 0.000000000000000000e+00 0.000000000000000000e+00 0.000000000000000000e+00 0.000000000000000000e+00 0.000000000000000000e+00 0.000000000000000000e+00 0.000000000000000000e+00 0.000000000000000000e+00 0.000000000000000000e+00 0.000000000000000000e+00 0.000000000000000000e+00 0.000000000000000000e+00 0.000000000000000000e+00 0.000000000000000000e+00 0.000000000000000000e+00 0.000000000000000000e+00 0.000000000000000000e+00 0.000000000000000000e+00 0.000000000000000000e+00 0.000000000000000000e+00 0.000000000000000000e+00 0.000000000000000000e+00 0.000000000000000000e+00 0.000000000000000000e+00 0.000000000000000000e+00 0.000000000000000000e+00 0.000000000000000000e+00 0.000000000000000000e+00 0.000000000000000000e+00 0.000000000000000000e+00 0.000000000000000000e+00 0.000000000000000000e+00 0.000000000000000000e+00 0.000000000000000000e+00 0.000000000000000000e+00 0.000000000000000000e+00 0.000000000000000000e+00 0.000000000000000000e+00
7.905434688893847373e+00 -1.004853626786668919e+01 8.966237495425595228e+00 3.942653239035795565e+00 1.488237680831793170e+02 -5.950278849369461653e+01 1.628321628877939986e+01 1.511791213883166840e+01 -2.461646055905904262e+01 1.792215033928196988e+01 -9.926265086851076447e+00 1.412634563836867869e+02 -9.171959580789623701e+00 4.834521358996078710e+00 -1.740738144103379881e+01 4.628566720254339657e+02 1.501200203241784514e+01 2.748978007266124024e+01 3.136611867986520608e+01 8.810512982594680409e+01 1.123870406656973842e+01 5.400689209549527448e+01 -6.354345736669744227e+00 0.000000000000000000e+00 0.000000000000000000e+00 0.000000000000000000e+00 0.000000000000000000e+00 0.000000000000000000e+00 0.000000000000000000e+00 0.000000000000000000e+00 0.000000000000000000e+00 0.000000000000000000e+00 0.000000000000000000e+00 0.000000000000000000e+00 0.000000000000000000e+00 0.000000000000000000e+00 0.000000000000000000e+00 0.000000000000000000e+00 0.000000000000000000e+00 0.000000000000000000e+00 0.000000000000000000e+00 0.000000000000000000e+00 0.000000000000000000e+00 0.000000000000000000e+00 0.000000000000000000e+00 0.000000000000000000e+00 0.000000000000000000e+00 0.000000000000000000e+00 0.000000000000000000e+00 0.000000000000000000e+00 0.000000000000000000e+00 0.000000000000000000e+00 0.000000000000000000e+00 0.000000000000000000e+00 0.000000000000000000e+00 0.000000000000000000e+00 0.000000000000000000e+00 0.000000000000000000e+00 0.000000000000000000e+00 0.000000000000000000e+00 0.000000000000000000e+00 0.000000000000000000e+00 0.000000000000000000e+00 0.000000000000000000e+00 0.000000000000000000e+00 0.000000000000000000e+00 0.000000000000000000e+00 0.000000000000000000e+00 0.000000000000000000e+00 0.000000000000000000e+00 0.000000000000000000e+00 0.000000000000000000e+00 0.000000000000000000e+00 0.000000000000000000e+00 0.000000000000000000e+00 0.000000000000000000e+00 0.000000000000000000e+00 0.000000000000000000e+00 0.000000000000000000e+00 0.000000000000000000e+00 0.000000000000000000e+00 0.000000000000000000e+00 0.000000000000000000e+00 0.000000000000000000e+00 0.000000000000000000e+00 0.000000000000000000e+00 0.000000000000000000e+00 0.000000000000000000e+00 0.000000000000000000e+00 0.000000000000000000e+00 0.000000000000000000e+00 0.000000000000000000e+00 0.000000000000000000e+00 0.000000000000000000e+00 0.000000000000000000e+00 0.000000000000000000e+00 0.000000000000000000e+00 0.000000000000000000e+00 0.000000000000000000e+00 0.000000000000000000e+00
5.668597206214220030e+00 -6.690542273671883144e+00 8.868214485902468525e+00 1.490094517638260285e+00 6.239903377703846132e+01 -1.942555634310546964e+01 5.615833116639988631e+00 -5.565550290481704465e-01 1.598147972981793075e+01 -1.318183203761777378e+01 2.005170821488135857e+00 -4.417471212049124318e+01 8.069588379408253687e+00 5.909250312999507315e+00 8.609734952484489057e+00 -2.272035071045648920e+02 1.108081684616225893e+01 2.408435934935994283e+01 6.037517009619600117e+01 1.726442005699923072e+02 1.668695959057022193e+01 7.425331965893153097e+01 -7.317307734372093364e+00 2.287301895057345291e+01 0.000000000000000000e+00 0.000000000000000000e+00 0.000000000000000000e+00 0.000000000000000000e+00 0.000000000000000000e+00 0.000000000000000000e+00 0.000000000000000000e+00 0.000000000000000000e+00 0.000000000000000000e+00 0.000000000000000000e+00 0.000000000000000000e+00 0.000000000000000000e+00 0.000000000000000000e+00 0.000000000000000000e+00 0.000000000000000000e+00 0.000000000000000000e+00 0.000000000000000000e+00 0.000000000000000000e+00 0.000000000000000000e+00 0.000000000000000000e+00 0.000000000000000000e+00 0.000000000000000000e+00 0.000000000000000000e+00 0.000000000000000000e+00 0.000000000000000000e+00 0.000000000000000000e+00 0.000000000000000000e+00 0.000000000000000000e+00 0.000000000000000000e+00 0.000000000000000000e+00 0.000000000000000000e+00 0.000000000000000000e+00 0.000000000000000000e+00 0.000000000000000000e+00 0.000000000000000000e+00 0.000000000000000000e+00 0.000000000000000000e+00 0.000000000000000000e+00 0.000000000000000000e+00 0.000000000000000000e+00 0.000000000000000000e+00 0.000000000000000000e+00 0.000000000000000000e+00 0.000000000000000000e+00 0.000000000000000000e+00 0.000000000000000000e+00 0.000000000000000000e+00 0.000000000000000000e+00 0.000000000000000000e+00 0.000000000000000000e+00 0.000000000000000000e+00 0.000000000000000000e+00 0.000000000000000000e+00 0.000000000000000000e+00 0.000000000000000000e+00 0.000000000000000000e+00 0.000000000000000000e+00 0.000000000000000000e+00 0.000000000000000000e+00 0.000000000000000000e+00 0.000000000000000000e+00 0.000000000000000000e+00 0.000000000000000000e+00 0.000000000000000000e+00 0.000000000000000000e+00 0.000000000000000000e+00 0.000000000000000000e+00 0.000000000000000000e+00 0.000000000000000000e+00 0.000000000000000000e+00 0.000000000000000000e+00 0.000000000000000000e+00 0.000000000000000000e+00 0.000000000000000000e+00 0.000000000000000000e+00 0.000000000000000000e+00
6.022758786220051341e+00 1.947382680423963563e-01 -1.050100120508668944e+01 1.692303877876136120e+00 5.864150613089955755e+01 -2.658397419627813463e+01 8.532277850385478146e+00 4.908802563098226379e+00 -2.153756391071043552e+00 -7.856602449147257694e+00 3.433533823746950375e+00 -6.178987138315918060e+01 -1.862286380458345825e+00 2.800287375646546728e+00 4.699419583011398061e+00 -1.237460288837498723e+02 1.024594882385249406e+01 1.723686022635418880e+01 1.387826669791234835e+01 3.121808084316724319e+01 5.499968044629564901e+00 1.337545081666881241e+00 -3.511607168226428932e+00 2.010237045063422912e+01 -2.524100349222657869e+01 0.000000000000000000e+00 0.000000000000000000e+00 0.000000000000000000e+00 0.000000000000000000e+00 0.000000000000000000e+00 0.000000000000000000e+00 0.000000000000000000e+00 0.000000000000000000e+00 0.000000000000000000e+00 0.000000000000000000e+00 0.000000000000000000e+00 0.000000000000000000e+00 0.000000000000000000e+00 0.000000000000000000e+00 0.000000000000000000e+00 0.000000000000000000e+00 0.000000000000000000e+00 0.000000000000000000e+00 0.000000000000000000e+00 0.000000000000000000e+00 0.000000000000000000e+00 0.000000000000000000e+00 0.000000000000000000e+00 0.000000000000000000e+00 0.000000000000000000e+00 0.000000000000000000e+00 0.000000000000000000e+00 0.000000000000000000e+00 0.000000000000000000e+00 0.000000000000000000e+00 0.000000000000000000e+00 0.000000000000000000e+00 0.000000000000000000e+00 0.000000000000000000e+00 0.000000000000000000e+00 0.000000000000000000e+00 0.000000000000000000e+00 0.000000000000000000e+00 0.000000000000000000e+00 0.000000000000000000e+00 0.000000000000000000e+00 0.000000000000000000e+00 0.000000000000000000e+00 0.000000000000000000e+00 0.000000000000000000e+00 0.000000000000000000e+00 0.000000000000000000e+00 0.000000000000000000e+00 0.000000000000000000e+00 0.000000000000000000e+00 0.000000000000000000e+00 0.000000000000000000e+00 0.000000000000000000e+00 0.000000000000000000e+00 0.000000000000000000e+00 0.000000000000000000e+00 0.000000000000000000e+00 0.000000000000000000e+00 0.000000000000000000e+00 0.000000000000000000e+00 0.000000000000000000e+00 0.000000000000000000e+00 0.000000000000000000e+00 0.000000000000000000e+00 0.000000000000000000e+00 0.000000000000000000e+00 0.000000000000000000e+00 0.000000000000000000e+00 0.000000000000000000e+00 0.000000000000000000e+00 0.000000000000000000e+00 0.000000000000000000e+00 0.000000000000000000e+00 0.000000000000000000e+00 0.000000000000000000e+00
1.132333101459994662e+00 6.971989649115493570e+00 -1.854933695316269393e+01 9.345518021726945790e+00 3.491236250809754438e+02 -1.436285324562746837e+02 1.986291339928968824e+01 2.282973869445326898e+01 -1.543371805445105949e+01 5.179704293491968592e+00 -3.904217435144962778e+00 7.386063203250360232e+01 -5.512354258746565705e-01 7.723264690536561616e+00 6.470027635651348419e+00 -1.620060557456662593e+02 1.944183172571427320e+01 2.343855701503539279e+01 -5.125776250759676245e+00 -2.449516733375758193e+01 5.023264512826957073e+00 -1.852268900055262435e+01 1.075239234041107217e+01 -3.292721503220178647e+01 -9.420513367485730427e+00 9.943995087898969132e-01 0.000000000000000000e+00 0.000000000000000000e+00 0.000000000000000000e+00 0.000000000000000000e+00 0.000000000000000000e+00 0.000000000000000000e+00 0.000000000000000000e+00 0.000000000000000000e+00 0.000000000000000000e+00 0.000000000000000000e+00 0.000000000000000000e+00 0.000000000000000000e+00 0.000000000000000000e+00 0.000000000000000000e+00 0.000000000000000000e+00 0.000000000000000000e+00 0.000000000000000000e+00 0.000000000000000000e+00 0.000000000000000000e+00 0.000000000000000000e+00 0.000000000000000000e+00 0.000000000000000000e+00 0.000000000000000000e+00 0.000000000000000000e+00 0.000000000000000000e+00 0.000000000000000000e+00 0.000000000000000000e+00 0.000000000000000000e+00 0.000000000000000000e+00 0.000000000000000000e+00 0.000000000000000000e+00 0.000000000000000000e+00 0.000000000000000000e+00 0.000000000000000000e+00 0.000000000000000000e+00 0.000000000000000000e+00 0.000000000000000000e+00 0.000000000000000000e+00 0.000000000000000000e+00 0.000000000000000000e+00 0.000000000000000000e+00 0.000000000000000000e+00 0.000000000000000000e+00 0.000000000000000000e+00 0.000000000000000000e+00 0.000000000000000000e+00 0.000000000000000000e+00 0.000000000000000000e+00 0.000000000000000000e+00 0.000000000000000000e+00 0.000000000000000000e+00 0.000000000000000000e+00 0.000000000000000000e+00 0.000000000000000000e+00 0.000000000000000000e+00 0.000000000000000000e+00 0.000000000000000000e+00 0.000000000000000000e+00 0.000000000000000000e+00 0.000000000000000000e+00 0.000000000000000000e+00 0.000000000000000000e+00 0.000000000000000000e+00 0.000000000000000000e+00 0.000000000000000000e+00 0.000000000000000000e+00 0.000000000000000000e+00 0.000000000000000000e+00 0.000000000000000000e+00 0.000000000000000000e+00 0.000000000000000000e+00 0.000000000000000000e+00 0.000000000000000000e+00 0.000000000000000000e+00
9.672827961018260368e+00 -6.190670395932477810e+00 -5.293561498084892847e+00 4.056597078687447677e+00 1.500448121816445735e+02 -6.538020154684558349e+01 1.065623844115565966e+01 3.783650262211049942e+00 6.286113447789755782e+00 -1.889631977463217538e+00 -2.646736192450490854e+00 2.755980924180462921e+01 -7.970172572447703274e+00 1.195500377815011461e+01 1.304711119418840326e+01 -3.553282848371222258e+02 -9.271816585279420764e+00 -8.272070313144563869e+00 1.392954179577971985e+01 3.011207861228729854e+01 9.768827443309128000e+00 2.500870125196702176e+01 -6.766713919096282837e+00 3.021124444536862086e+01 -2.779530814973803388e+01 -1.127143437066835929e+01 7.265739417303509526e+02 0.000000000000000000e+00 0.000000000000000000e+00 0.000000000000000000e+00 0.000000000000000000e+00 0.000000000000000000e+00 0.000000000000000000e+00 0.000000000000000000e+00 0.000000000000000000e+00 0.000000000000000000e+00 0.000000000000000000e+00 0.000000000000000000e+00 0.000000000000000000e+00 0.000000000000000000e+00 0.000000000000000000e+00 0.000000000000000000e+00 0.000000000000000000e+00 0.000000000000000000e+00 0.000000000000000000e+00 0.000000000000000000e+00 0.000000000000000000e+00 0.000000000000000000e+00 0.000000000000000000e+00 0.000000000000000000e+00 0.000000000000000000e+00 0.000000000000000000e+00 0.000000000000000000e+00 0.000000000000000000e+00 0.000000000000000000e+00 0.000000000000000000e+00 0.000000000000000000e+00 0.000000000000000000e+00 0.000000000000000000e+00 0.000000000000000000e+00 0.000000000000000000e+00 0.000000000000000000e+00 0.000000000000000000e+00 0.000000000000000000e+00 0.000000000000000000e+00 0.000000000000000000e+00 0.000000000000000000e+00 0.000000000000000000e+00 0.000000000000000000e+00 0.000000000000000000e+00 0.000000000000000000e+00 0.000000000000000000e+00 0.000000000000000000e+00 0.000000000000000000e+00 0.000000000000000000e+00 0.000000000000000000e+00 0.000000000000000000e+00 0.000000000000000000e+00 0.000000000000000000e+00 0.000000000000000000e+00 0.000000000000000000e+00 0.000000000000000000e+00 0.000000000000000000e+00 0.000000000000000000e+00 0.000000000000000000e+00 0.000000000000000000e+00 0.000000000000000000e+00 0.000000000000000000e+00 0.000000000000000000e+00 0.000000000000000000e+00 0.000000000000000000e+00 0.000000000000000000e+00 0.000000000000000000e+00 0.000000000000000000e+00 0.000000000000000000e+00 0.000000000000000000e+00 0.000000000000000000e+00 0.000000000000000000e+00 0.000000000000000000e+00 0.000000000000000000e+00
2.495271909106733244e-01 6.509224389842953151e+00 -7.124193494520643100e+00 6.831563468463350830e+00 2.541707290190714730e+02 -1.024676268162162245e+02 1.228981034741515721e+01 7.940301206891359875e+00 1.581302547612194687e+01 -3.711490955891497023e+00 -6.959312365292626978e+00 9.988051087122033778e+01 6.672838337474395587e+00 1.169400512156563643e+01 2.453245891167193804e+01 -6.507348859562654297e+02 -1.890643329852830234e+01 -3.877344674636569977e+01 -2.699596194658343506e+01 -7.153114481212914200e+01 -1.263768609826985134e+00 1.398041060898796673e+01 -2.479942858846193587e+00 2.174241022610733154e+01 1.781841939109854422e+01 7.157310667812854632e+00 -4.956463826673256108e+02 2.506046512761079370e+01 0.000000000000000000e+00 0.000000000000000000e+00 0.000000000000000000e+00 0.000000000000000000e+00 0.000000000000000000e+00 0.000000000000000000e+00 0.000000000000000000e+00 0.000000000000000000e+00 0.000000000000000000e+00 0.000000000000000000e+00 0.000000000000000000e+00 0.000000000000000000e+00 0.000000000000000000e+00 0.000000000000000000e+00 0.000000000000000000e+00 0.000000000000000000e+00 0.000000000000000000e+00 0.000000000000000000e+00 0.000000000000000000e+00 0.000000000000000000e+00 0.000000000000000000e+00 0.000000000000000000e+00 0.000000000000000000e+00 0.000000000000000000e+00 0.000000000000000000e+00 0.000000000000000000e+00 0.000000000000000000e+00 0.000000000000000000e+00 0.000000000000000000e+00 0.000000000000000000e+00 0.000000000000000000e+00 0.000000000000000000e+00 0.000000000000000000e+00 0.000000000000000000e+00 0.000000000000000000e+00 0.000000000000000000e+00 0.000000000000000000e+00 0.000000000000000000e+00 0.000000000000000000e+00 0.000000000000000000e+00 0.000000000000000000e+00 0.000000000000000000e+00 0.000000000000000000e+00 0.000000000000000000e+00 0.000000000000000000e+00 0.000000000000000000e+00 0.000000000000000000e+00 0.000000000000000000e+00 0.000000000000000000e+00 0.000000000000000000e+00 0.000000000000000000e+00 0.000000000000000000e+00 0.000000000000000000e+00 0.000000000000000000e+00 0.000000000000000000e+00 0.000000000000000000e+00 0.000000000000000000e+00 0.000000000000000000e+00 0.000000000000000000e+00 0.000000000000000000e+00 0.000000000000000000e+00 0.000000000000000000e+00 0.000000000000000000e+00 0.000000000000000000e+00 0.000000000000000000e+00 0.000000000000000000e+00 0.000000000000000000e+00 0.000000000000000000e+00 0.000000000000000000e+00 0.000000000000000000e+00 0.000000000000000000e+00 0.000000000000000000e+00
4.008934047987011695e+00 2.422727683444002800e+00 -9.667779110384149277e+00 3.584368221650062303e+00 1.247294843298603126e+02 -5.449787625217828690e+01 1.800174757433106620e+01 1.570050623159898429e+01 -2.124585410701291721e+01 7.471238566511630097e+00 -5.902803264491979007e+00 8.090812219769509284e+01 -4.788273360833803061e+00 9.447873043758203693e-01 -1.375818865128807467e+01 3.734914076051799157e+02 2.668221579512328390e+01 4.441570454405979262e+01 4.309260102918194946e+01 1.288057200802709872e+02 8.221387561843629399e+00 5.670946641210755956e+01 -1.137868376132447956e+01 2.815531424073593669e+01 3.243103407923780601e+00 1.804378679351663095e+01 -1.224040855529318378e+03 -1.487314831372314128e+00 3.475078644248937643e+00 0.000000000000000000e+00 0.000000000000000000e+00 0.000000000000000000e+00 0.000000000000000000e+00 0.000000000000000000e+00 0.000000000000000000e+00 0.000000000000000000e+00 0.000000000000000000e+00 0.000000000000000000e+00 0.000000000000000000e+00 0.000000000000000000e+00 0.000000000000000000e+00 0.000000000000000000e+00 0.000000000000000000e+00 0.000000000000000000e+00 0.000000000000000000e+00 0.000000000000000000e+00 0.000000000000000000e+00 0.000000000000000000e+00 0.000000000000000000e+00 0.000000000000000000e+00 0.000000000000000000e+00 0.000000000000000000e+00 0.000000000000000000e+00 0.000000000000000000e+00 0.000000000000000000e+00 0.000000000000000000e+00 0.000000000000000000e+00 0.000000000000000000e+00 0.000000000000000000e+00 0.000000000000000000e+00 0.000000000000000000e+00 0.000000000000000000e+00 0.000000000000000000e+00 0.000000000000000000e+00 0.000000000000000000e+00 0.000000000000000000e+00 0.000000000000000000e+00 0.000000000000000000e+00 0.000000000000000000e+00 0.000000000000000000e+00 0.000000000000000000e+00 0.000000000000000000e+00 0.000000000000000000e+00 0.000000000000000000e+00 0.000000000000000000e+00 0.000000000000000000e+00 0.000000000000000000e+00 0.000000000000000000e+00 0.000000000000000000e+00 0.000000000000000000e+00 0.000000000000000000e+00 0.000000000000000000e+00 0.000000000000000000e+00 0.000000000000000000e+00 0.000000000000000000e+00 0.000000000000000000e+00 0.000000000000000000e+00 0.000000000000000000e+00 0.000000000000000000e+00 0.000000000000000000e+00 0.000000000000000000e+00 0.000000000000000000e+00 0.000000000000000000e+00 0.000000000000000000e+00 0.000000000000000000e+00 0.000000000000000000e+00 0.000000000000000000e+00 0.000000000000000000e+00 0.000000000000000000e+00 0.000000000000000000e+00
8.020130253309613266e+00 -8.461358698608506756e+00 1.205127757166565061e+00 -5.083454574984096475e-01 -1.848468369325614802e+01 5.279844887924762808e+00 2.274793195085405451e+00 8.446388668216204820e-01 -1.659784913815126828e+00 -5.714180086952837634e+00 2.243841006599958110e+00 -3.974134026198783687e+01 7.531798818121154149e+00 -4.746201776354606494e+00 -1.097637169574925053e+01 3.070678555886362346e+02 3.718825280469815198e+01 5.116956107098950213e+01 1.700993507544308514e+01 4.856255521454754387e+01 2.204418614565279100e+00 9.593510166348476531e+00 1.456598990850607622e+00 -3.752623358418185617e-01 -6.722597292894409549e+00 1.032271477096328027e+01 -6.757225289103647583e+02 2.952264938479711276e+00 -8.586030218510158463e+00 8.616661109774527461e+01 0.000000000000000000e+00 0.000000000000000000e+00 0.000000000000000000e+00 0.000000000000000000e+00 0.000000000000000000e+00 0.000000000000000000e+00 0.000000000000000000e+00 0.000000000000000000e+00 0.000000000000000000e+00 0.000000000000000000e+00 0.000000000000000000e+00 0.000000000000000000e+00 0.000000000000000000e+00 0.000000000000000000e+00 0.000000000000000000e+00 0.000000000000000000e+00 0.000000000000000000e+00 0.000000000000000000e+00 0.000000000000000000e+00 0.000000000000000000e+00 0.000000000000000000e+00 0.000000000000000000e+00 0.000000000000000000e+00 0.000000000000000000e+00 0.000000000000000000e+00 0.000000000000000000e+00 0.000000000000000000e+00 0.000000000000000000e+00 0.000000000000000000e+00 0.000000000000000000e+00 0.000000000000000000e+00 0.000000000000000000e+00 0.000000000000000000e+00 0.000000000000000000e+00 0.000000000000000000e+00 0.000000000000000000e+00 0.000000000000000000e+00 0.000000000000000000e+00 0.000000000000000000e+00 0.000000000000000000e+00 0.000000000000000000e+00 0.000000000000000000e+00 0.000000000000000000e+00 0.000000000000000000e+00 0.000000000000000000e+00 0.000000000000000000e+00 0.000000000000000000e+00 0.000000000000000000e+00 0.000000000000000000e+00 0.000000000000000000e+00 0.000000000000000000e+00 0.000000000000000000e+00 0.000000000000000000e+00 0.000000000000000000e+00 0.000000000000000000e+00 0.000000000000000000e+00 0.000000000000000000e+00 0.000000000000000000e+00 0.000000000000000000e+00 0.000000000000000000e+00 0.000000000000000000e+00 0.000000000000000000e+00 0.000000000000000000e+00 0.000000000000000000e+00 0.000000000000000000e+00 0.000000000000000000e+00 0.000000000000000000e+00 0.000000000000000000e+00 0.000000000000000000e+00 0.000000000000000000e+00
4.658703505104671905e+00 1.848077663324064979e+00 -1.704475726003281366e+01 1.009958150228184692e+01 3.773380255698721157e+02 -1.529658697556651532e+02 1.940592126522330929e+01 1.712001793349373102e+01 8.532030651494569184e+00 -6.786739184427301730e+00 9.390669955326051976e+00 -1.144785054698725162e+02 2.516871031233519851e+00 -1.133995366761948453e+01 -1.992928144642570487e+01 5.145101223268792410e+02 -2.545685399855523556e+00 -1.091639878048730949e+01 -4.220848209218388547e+01 -1.096597473090528752e+02 -2.187546061504792050e+01 -6.993110257205847802e+01 1.400570215458221490e+01 -5.300444381100224689e+01 3.647258110391477715e+01 7.674518497485161461e+00 -4.764832793842402907e+02 7.389090849405343775e+00 -5.384438958488246385e+00 2.509587648415215355e+01 -2.014425457063050118e+01 0.000000000000000000e+00 0.000000000000000000e+00 0.000000000000000000e+00 0.000000000000000000e+00 0.000000000000000000e+00 0.000000000000000000e+00 0.000000000000000000e+00 0.000000000000000000e+00 0.000000000000000000e+00 0.000000000000000000e+00 0.000000000000000000e+00 0.000000000000000000e+00 0.000000000000000000e+00 0.000000000000000000e+00 0.000000000000000000e+00 0.000000000000000000e+00 0.000000000000000000e+00 0.000000000000000000e+00 0.000000000000000000e+00 0.000000000000000000e+00 0.000000000000000000e+00 0.000000000000000000e+00 0.000000000000000000e+00 0.000000000000000000e+00 0.000000000000000000e+00 0.000000000000000000e+00 0.000000000000000000e+00 0.000000000000000000e+00 0.000000000000000000e+00 0.000000000000000000e+00 0.000000000000000000e+00 0.000000000000000000e+00 0.000000000000000000e+00 0.000000000000000000e+00 0.000000000000000000e+00 0.000000000000000000e+00 0.000000000000000000e+00 0.000000000000000000e+00 0.000000000000000000e+00 0.000000000000000000e+00 0.000000000000000000e+00 0.000000000000000000e+00 0.000000000000000000e+00 0.000000000000000000e+00 0.000000000000000000e+00 0.000000000000000000e+00 0.000000000000000000e+00 0.000000000000000000e+00 0.000000000000000000e+00 0.000000000000000000e+00 0.000000000000000000e+00 0.000000000000000000e+00 0.000000000000000000e+00 0.000000000000000000e+00 0.000000000000000000e+00 0.000000000000000000e+00 0.000000000000000000e+00 0.000000000000000000e+00 0.000000000000000000e+00 0.000000000000000000e+00 0.000000000000000000e+00 0.000000000000000000e+00 0.000000000000000000e+00 0.000000000000000000e+00 0.000000000000000000e+00 0.000000000000000000e+00 0.000000000000000000e+00 0.000000000000000000e+00 0.000000000000000000e+00
4.275727257721317898e-01 4.068019157623616877e+00 -8.942624766906396516e+00 1.412976500879336017e+00 4.985054040893171390e+01 -1.493651046552502493e+01 6.286073333581650324e+00 1.435698079488090073e+01 -3.036809757001525512e+01 1.601025464052145963e+01 -1.150847103125137849e+01 1.664716362085002856e+02 -8.986429636381219055e+00 4.409868595188109808e+00 -1.000698581776229545e+01 2.788984852301873616e+02 3.157062357482791981e+01 4.634423677350316950e+01 1.409851794312709927e+01 2.755719691305539598e+01 1.298193999829214107e+01 3.147250464060716268e+01 5.283146952100702620e+00 -2.475325217889670526e+01 -1.694251417904698798e+01 -1.622287108727519467e+00 1.600262399726654792e+02 -9.419942478237263828e+00 2.146206157364928480e+00 -1.916155587723225295e+01 -1.262075404725101535e+01 2.278774566599607976e+00 0.000000000000000000e+00 0.000000000000000000e+00 0.000000000000000000e+00 0.000000000000000000e+00 0.000000000000000000e+00 0.000000000000000000e+00 0.000000000000000000e+00 0.000000000000000000e+00 0.000000000000000000e+00 0.000000000000000000e+00 0.000000000000000000e+00 0.000000000000000000e+00 0.000000000000000000e+00 0.000000000000000000e+00 0.000000000000000000e+00 0.000000000000000000e+00 0.000000000000000000e+00 0.000000000000000000e+00 0.000000000000000000e+00 0.000000000000000000e+00 0.000000000000000000e+00 0.000000000000000000e+00 0.000000000000000000e+00 0.000000000000000000e+00 0.000000000000000000e+00 0.000000000000000000e+00 0.000000000000000000e+00 0.000000000000000000e+00 0.000000000000000000e+00 0.000000000000000000e+00 0.000000000000000000e+00 0.000000000000000000e+00 0.000000000000000000e+00 0.000000000000000000e+00 0.000000000000000000e+00 0.000000000000000000e+00 0.000000000000000000e+00 0.000000000000000000e+00 0.000000000000000000e+00 0.000000000000000000e+00 0.000000000000000000e+00 0.000000000000000000e+00 0.000000000000000000e+00 0.000000000000000000e+00 0.000000000000000000e+00 0.000000000000000000e+00 0.000000000000000000e+00 0.000000000000000000e+00 0.000000000000000000e+00 0.000000000000000000e+00 0.000000000000000000e+00 0.000000000000000000e+00 0.000000000000000000e+00 0.000000000000000000e+00 0.000000000000000000e+00 0.000000000000000000e+00 0.000000000000000000e+00 0.000000000000000000e+00 0.000000000000000000e+00 0.000000000000000000e+00 0.000000000000000000e+00 0.000000000000000000e+00 0.000000000000000000e+00 0.000000000000000000e+00 0.000000000000000000e+00 0.000000000000000000e+00 0.000000000000000000e+00 0.000000000000000000e+00
3.177627664653526196e-01 6.629171790559313493e+00 -1.277889992619603987e+01 2.078189656729713342e+00 7.399236013506774157e+01 -3.183149231006411384e+01 8.122655659384300009e+00 1.330246128968967412e+01 -2.175726312527842410e+01 1.224123293896042064e+01 -1.506655735233864135e+01 2.124520281767813970e+02 -3.640157542839727256e+00 1.315095183327801287e+01 2.474303843461225583e+01 -6.520696173817711951e+02 -2.686089790695804069e+01 -4.721300870222612645e+01 -3.371201088042414540e+01 -9.097594326628355077e+01 -8.588566534820753162e+00 -3.019572059474432990e+01 -1.238786473126624044e+00 1.076159595052518725e+01 1.538121089683258980e+01 -7.147049417804466565e+00 4.490663454972774389e+02 2.159115720888296952e+00 5.012535018045738866e+00 -5.057850995520951187e+01 1.377716885947917724e+01 7.149999267879064924e+00 -3.576437572630061368e+01 0.000000000000000000e+00 0.000000000000000000e+00 0.000000000000000000e+00 0.000000000000000000e+00 0.000000000000000000e+00 0.000000000000000000e+00 0.000000000000000000e+00 0.000000000000000000e+00 0.000000000000000000e+00 0.000000000000000000e+00 0.000000000000000000e+00 0.000000000000000000e+00 0.000000000000000000e+00 0.000000000000000000e+00 0.000000000000000000e+00 0.000000000000000000e+00 0.000000000000000000e+00 0.000000000000000000e+00 0.000000000000000000e+00 0.000000000000000000e+00 0.000000000000000000e+00 0.000000000000000000e+00 0.000000000000000000e+00 0.000000000000000000e+00 0.000000000000000000e+00 0.000000000000000000e+00 0.000000000000000000e+00 0.000000000000000000e+00 0.000000000000000000e+00 0.000000000000000000e+00 0.000000000000000000e+00 0.000000000000000000e+00 0.000000000000000000e+00 0.000000000000000000e+00 0.000000000000000000e+00 0.000000000000000000e+00 0.000000000000000000e+00 0.000000000000000000e+00 0.000000000000000000e+00 0.000000000000000000e+00 0.000000000000000000e+00 0.000000000000000000e+00 0.000000000000000000e+00 0.000000000000000000e+00 0.000000000000000000e+00 0.000000000000000000e+00 0.000000000000000000e+00 0.000000000000000000e+00 0.000000000000000000e+00 0.000000000000000000e+00 0.000000000000000000e+00 0.000000000000000000e+00 0.000000000000000000e+00 0.000000000000000000e+00 0.000000000000000000e+00 0.000000000000000000e+00 0.000000000000000000e+00 0.000000000000000000e+00 0.000000000000000000e+00 0.000000000000000000e+00 0.000000000000000000e+00 0.000000000000000000e+00 0.000000000000000000e+00 0.000000000000000000e+00 0.000000000000000000e+00 0.000000000000000000e+00 0.000000000000000000e+00
2.478878293371789887e+00 2.848519287620227658e+00 -1.361639483419222962e+01 5.951418477607055557e+00 2.183109587073868454e+02 -8.978672371676995567e+01 1.797956732728692941e+01 1.976795943304500724e+01 -2.164181396509314226e+01 1.375124948982250572e+01 -5.205319769907157834e+00 8.715665689079676781e+01 -8.370067639773470347e+00 -1.294556291060346531e+00 -1.312782895920278037e+01 3.365346881006393573e+02 -8.494508722786342503e+00 -1.483610523606124509e+01 -1.433249035250304182e+01 -2.726901972818862774e+01 -3.545932860835826261e+00 3.544213662002401577e+01 -5.300369430866691545e-02 -1.949546092332648328e+01 5.084475286835502317e+01 1.674971252759241480e+01 -1.107298352842347185e+03 1.778204397017410798e+01 -6.033539520426492331e+00 5.544942438356196135e+01 5.125725457894400705e+00 -5.796699284451655387e+00 1.687439930255069243e+01 1.182885023988828443e+01 0.000000000000000000e+00 0.000000000000000000e+00 0.000000000000000000e+00 0.000000000000000000e+00 0.000000000000000000e+00 0.000000000000000000e+00 0.000000000000000000e+00 0.000000000000000000e+00 0.000000000000000000e+00 0.000000000000000000e+00 0.000000000000000000e+00 0.000000000000000000e+00 0.000000000000000000e+00 0.000000000000000000e+00 0.000000000000000000e+00 0.000000000000000000e+00 0.000000000000000000e+00 0.000000000000000000e+00 0.000000000000000000e+00 0.000000000000000000e+00 0.000000000000000000e+00 0.000000000000000000e+00 0.000000000000000000e+00 0.000000000000000000e+00 0.000000000000000000e+00 0.000000000000000000e+00 0.000000000000000000e+00 0.000000000000000000e+00 0.000000000000000000e+00 0.000000000000000000e+00 0.000000000000000000e+00 0.000000000000000000e+00 0.000000000000000000e+00 0.000000000000000000e+00 0.000000000000000000e+00 0.000000000000000000e+00 0.000000000000000000e+00 0.000000000000000000e+00 0.000000000000000000e+00 0.000000000000000000e+00 0.000000000000000000e+00 0.000000000000000000e+00 0.000000000000000000e+00 0.000000000000000000e+00 0.000000000000000000e+00 0.000000000000000000e+00 0.000000000000000000e+00 0.000000000000000000e+00 0.000000000000000000e+00 0.000000000000000000e+00 0.000000000000000000e+00 0.000000000000000000e+00 0.000000000000000000e+00 0.000000000000000000e+00 0.000000000000000000e+00 0.000000000000000000e+00 0.000000000000000000e+00 0.000000000000000000e+00 0.000000000000000000e+00 0.000000000000000000e+00 0.000000000000000000e+00 0.000000000000000000e+00 0.000000000000000000e+00 0.000000000000000000e+00 0.000000000000000000e+00 0.000000000000000000e+00
5.341100659584816057e+00 -2.015437709313668613e+00 -9.071862058448122212e+00 7.370150432810327779e+00 2.806664820208778224e+02 -1.135103039476927194e+02 1.244052117689746950e+01 7.624774148999296841e+00 2.296040869234127157e+01 -2.045919018691069269e+01 1.162420012804724578e+01 -1.566244531048009492e+02 1.796116232675846192e+01 -7.538200509817238881e+00 2.064161804688957602e-02 2.597746036772594636e+00 2.268790257958886336e+00 -4.059021245903691621e+00 -1.049907937801111935e+01 -8.719206036865534415e+00 -8.740842993892606216e+00 1.083802178171982256e+01 2.936304688216643477e+00 -2.358549011729632738e+01 7.187165913623839231e+01 3.211088892255655480e+01 -2.122822152290181293e+03 2.489552298616447601e+01 -1.064696882980552850e+01 1.003163254950207630e+02 -1.336774340315555420e+00 -4.894183008953117309e+00 1.211837848044252297e+01 1.672317838090575037e+01 -1.305173468448099783e+00 0.000000000000000000e+00 0.000000000000000000e+00 0.000000000000000000e+00 0.000000000000000000e+00 0.000000000000000000e+00 0.000000000000000000e+00 0.000000000000000000e+00 0.000000000000000000e+00 0.000000000000000000e+00 0.000000000000000000e+00 0.000000000000000000e+00 0.000000000000000000e+00 0.000000000000000000e+00 0.000000000000000000e+00 0.000000000000000000e+00 0.000000000000000000e+00 0.000000000000000000e+00 0.000000000000000000e+00 0.000000000000000000e+00 0.000000000000000000e+00 0.000000000000000000e+00 0.000000000000000000e+00 0.000000000000000000e+00 0.000000000000000000e+00 0.000000000000000000e+00 0.000000000000000000e+00 0.000000000000000000e+00 0.000000000000000000e+00 0.000000000000000000e+00 0.000000000000000000e+00 0.000000000000000000e+00 0.000000000000000000e+00 0.000000000000000000e+00 0.000000000000000000e+00 0.000000000000000000e+00 0.000000000000000000e+00 0.000000000000000000e+00 0.000000000000000000e+00 0.000000000000000000e+00 0.000000000000000000e+00 0.000000000000000000e+00 0.000000000000000000e+00 0.000000000000000000e+00 0.000000000000000000e+00 0.000000000000000000e+00 0.000000000000000000e+00 0.000000000000000000e+00 0.000000000000000000e+00 0.000000000000000000e+00 0.000000000000000000e+00 0.000000000000000000e+00 0.000000000000000000e+00 0.000000000000000000e+00 0.000000000000000000e+00 0.000000000000000000e+00 0.000000000000000000e+00 0.000000000000000000e+00 0.000000000000000000e+00 0.000000000000000000e+00 0.000000000000000000e+00 0.000000000000000000e+00 0.000000000000000000e+00 0.000000000000000000e+00 0.000000000000000000e+00 0.000000000000000000e+00
7.525670664690444767e+00 -5.084948081875802828e+00 9.046362641680616434e-02 -2.311991138963778170e+00 -8.817965100672749656e+01 3.577915604640128322e+01 -5.245815500316535207e+00 -5.471821772164688902e+00 -4.568435650812290305e+00 4.288297436630456261e+00 -4.620415980629443808e+00 5.879165322361056667e+01 -5.776408531290194048e+00 6.050002165657518916e+00 1.126556704183155233e+00 -2.425429593131243422e+01 1.128262860217461139e+01 2.195979049682029682e+01 2.342718564835714190e+01 4.987796928373211358e+01 1.093230858049143350e+01 -1.485802190707721238e-01 -7.606289149426481266e+00 3.507521942780586244e+01 -5.726276997010892700e+01 -1.359759995188570869e+01 8.889802460668328195e+02 -2.777677968041517786e+00 9.079299100492672636e-01 -1.209745071704814734e+01 -4.333721758733505069e+00 2.815278285143909542e+00 -6.840225299599222097e+00 -6.967598827130578876e+00 -4.686862076896630036e+00 -1.940665835541922490e+01 0.000000000000000000e+00 0.000000000000000000e+00 0.000000000000000000e+00 0.000000000000000000e+00 0.000000000000000000e+00 0.000000000000000000e+00 0.000000000000000000e+00 0.000000000000000000e+00 0.000000000000000000e+00 0.000000000000000000e+00 0.000000000000000000e+00 0.000000000000000000e+00 0.000000000000000000e+00 0.000000000000000000e+00 0.000000000000000000e+00 0.000000000000000000e+00 0.000000000000000000e+00 0.000000000000000000e+00 0.000000000000000000e+00 0.000000000000000000e+00 0.000000000000000000e+00 0.000000000000000000e+00 0.000000000000000000e+00 0.000000000000000000e+00 0.000000000000000000e+00 0.000000000000000000e+00 0.000000000000000000e+00 0.000000000000000000e+00 0.000000000000000000e+00 0.000000000000000000e+00 0.000000000000000000e+00 0.000000000000000000e+00 0.000000000000000000e+00 0.000000000000000000e+00 0.000000000000000000e+00 0.000000000000000000e+00 0.000000000000000000e+00 0.000000000000000000e+00 0.000000000000000000e+00 0.000000000000000000e+00 0.000000000000000000e+00 0.000000000000000000e+00 0.000000000000000000e+00 0.000000000000000000e+00 0.000000000000000000e+00 0.000000000000000000e+00 0.000000000000000000e+00 0.000000000000000000e+00 0.000000000000000000e+00 0.000000000000000000e+00 0.000000000000000000e+00 0.000000000000000000e+00 0.000000000000000000e+00 0.000000000000000000e+00 0.000000000000000000e+00 0.000000000000000000e+00 0.000000000000000000e+00 0.000000000000000000e+00 0.000000000000000000e+00 0.000000000000000000e+00 0.000000000000000000e+00 0.000000000000000000e+00 0.000000000000000000e+00 0.000000000000000000e+00
4.890428822151743127e+00 1.336984026434287820e+00 -1.370154650881800329e+01 -3.986009149499503135e-01 -1.636169728246299826e+01 1.296661039468073540e+01 4.672125187812268265e-01 1.998285881454155088e+00 -1.705697519233817516e-01 -9.882213507231952576e+00 3.885732034950231117e+00 -6.998144651558938278e+01 6.821596685362084855e+00 -5.291621404387951699e-01 3.984113807237017468e+00 -9.574793103750586454e+01 2.075345491092929961e+01 2.535827663624114336e+01 7.730772064613004702e+00 2.077105106991343675e+01 6.868514123681316974e+00 3.301505155541831726e+01 -2.789027348317969057e+00 3.200278954396403641e+00 1.608179824577884887e+01 4.431617306780548660e+00 -3.072384715646668951e+02 -5.506402831549902288e+00 7.232634386186267861e+00 -4.401176043643010871e+01 1.711444226247922273e+01 -1.857488113857618917e+00 1.182056608593113012e+01 1.493077348614104238e+00 5.933302073579859837e+00 4.567097216150239802e+01 1.850785323255156101e+01 0.000000000000000000e+00 0.000000000000000000e+00 0.000000000000000000e+00 0.000000000000000000e+00 0.000000000000000000e+00 0.000000000000000000e+00 0.000000000000000000e+00 0.000000000000000000e+00 0.000000000000000000e+00 0.000000000000000000e+00 0.000000000000000000e+00 0.000000000000000000e+00 0.000000000000000000e+00 0.000000000000000000e+00 0.000000000000000000e+00 0.000000000000000000e+00 0.000000000000000000e+00 0.000000000000000000e+00 0.000000000000000000e+00 0.000000000000000000e+00 0.000000000000000000e+00 0.000000000000000000e+00 0.000000000000000000e+00 0.000000000000000000e+00 0.000000000000000000e+00 0.000000000000000000e+00 0.000000000000000000e+00 0.000000000000000000e+00 0.000000000000000000e+00 0.000000000000000000e+00 0.000000000000000000e+00 0.000000000000000000e+00 0.000000000000000000e+00 0.000000000000000000e+00 0.000000000000000000e+00 0.000000000000000000e+00 0.000000000000000000e+00 0.000000000000000000e+00 0.000000000000000000e+00 0.000000000000000000e+00 0.000000000000000000e+00 0.000000000000000000e+00 0.000000000000000000e+00 0.000000000000000000e+00 0.000000000000000000e+00 0.000000000000000000e+00 0.000000000000000000e+00 0.000000000000000000e+00 0.000000000000000000e+00 0.000000000000000000e+00 0.000000000000000000e+00 0.000000000000000000e+00 0.000000000000000000e+00 0.000000000000000000e+00 0.000000000000000000e+00 0.000000000000000000e+00 0.000000000000000000e+00 0.000000000000000000e+00 0.000000000000000000e+00 0.000000000000000000e+00 0.000000000000000000e+00 0.000000000000000000e+00 0.000000000000000000e+00
8.819253332003594181e+00 -9.075551584110151282e+00 4.002554643909798315e+00 -3.269924511798083522e+00 -1.258364711287472346e+02 4.579751203485226085e+01 -7.513179314782290064e+00 -1.275859781949718830e+01 1.117446472184274064e+01 2.144722910937491456e+00 4.982707886754479176e+00 -6.770837987701678173e+01 -1.273202722827959654e+00 -8.328826891384554898e+00 -1.864448274076487166e+01 4.845491572347237934e+02 1.614888335843113421e+00 1.027517913596752308e+01 2.505608103266751385e+01 7.806596339466908319e+01 1.201218204163899905e+00 3.302397583339263321e+01 -1.664337265524605591e+00 -7.020317740157904218e+00 1.679812889739213233e+01 1.260084955674383167e+00 -9.028744601221828248e+01 5.549810978963805042e+00 -4.917675293011800619e+00 3.206027176958802727e+01 -6.206822850835832739e+00 -1.146342753170364404e+01 5.091228784513153727e+01 2.287287904532743887e+00 -3.015360612746798896e+00 -1.811643807303756404e+01 -1.253487981838079079e+00 2.539181066464614389e+01 0.000000000000000000e+00 0.000000000000000000e+00 0.000000000000000000e+00 0.000000000000000000e+00 0.000000000000000000e+00 0.000000000000000000e+00 0.000000000000000000e+00 0.000000000000000000e+00 0.000000000000000000e+00 0.000000000000000000e+00 0.000000000000000000e+00 0.000000000000000000e+00 0.000000000000000000e+00 0.000000000000000000e+00 0.000000000000000000e+00 0.000000000000000000e+00 0.000000000000000000e+00 0.000000000000000000e+00 0.000000000000000000e+00 0.000000000000000000e+00 0.000000000000000000e+00 0.000000000000000000e+00 0.000000000000000000e+00 0.000000000000000000e+00 0.000000000000000000e+00 0.000000000000000000e+00 0.000000000000000000e+00 0.000000000000000000e+00 0.000000000000000000e+00 0.000000000000000000e+00 0.000000000000000000e+00 0.000000000000000000e+00 0.000000000000000000e+00 0.000000000000000000e+00 0.000000000000000000e+00 0.000000000000000000e+00 0.000000000000000000e+00 0.000000000000000000e+00 0.000000000000000000e+00 0.000000000000000000e+00 0.000000000000000000e+00 0.000000000000000000e+00 0.000000000000000000e+00 0.000000000000000000e+00 0.000000000000000000e+00 0.000000000000000000e+00 0.000000000000000000e+00 0.000000000000000000e+00 0.000000000000000000e+00 0.000000000000000000e+00 0.000000000000000000e+00 0.000000000000000000e+00 0.000000000000000000e+00 0.000000000000000000e+00 0.000000000000000000e+00 0.000000000000000000e+00 0.000000000000000000e+00 0.000000000000000000e+00 0.000000000000000000e+00 0.000000000000000000e+00 0.000000000000000000e+00 0.000000000000000000e+00
6.783428073881744069e+00 5.836668826843460778e-01 -2.060032087769076981e+01 8.292579808948723041e+00 3.029443587175422294e+02 -1.321918856027678828e+02 2.109414919805610111e+01 1.873022761672005387e+01 -1.162890235742558787e+01 5.968222315211363593e+00 5.436079539163339192e+00 -5.511474943530243564e+01 -3.706452745892699241e+00 -3.015768439029367087e+00 -4.022981212700393883e+00 8.685355252787960012e+01 -1.797840759997253457e+01 -2.628701392197461573e+01 -1.409724972889410921e+01 -2.249230316122184803e+01 -2.771027439481756005e+00 3.992460864818713162e+01 3.931577724225961745e+00 -2.976681381106237723e+01 5.535528224680015796e+01 2.876204351990947927e+01 -1.879560879852622293e+03 1.760651575934330992e+01 -1.061455567097545227e+01 9.331538194286235921e+01 1.075007031040087213e-02 -3.219858100456904459e+00 3.743106756700806059e+00 2.179446947603364038e+01 -2.302811835310956567e+01 -1.238987522994513029e+02 2.579220780534106083e+00 1.208211646827053869e+02 6.338638852817364011e+01 0.000000000000000000e+00 0.000000000000000000e+00 0.000000000000000000e+00 0.000000000000000000e+00 0.000000000000000000e+00 0.000000000000000000e+00 0.000000000000000000e+00 0.000000000000000000e+00 0.000000000000000000e+00 0.000000000000000000e+00 0.000000000000000000e+00 0.000000000000000000e+00 0.000000000000000000e+00 0.000000000000000000e+00 0.000000000000000000e+00 0.000000000000000000e+00 0.000000000000000000e+00 0.000000000000000000e+00 0.000000000000000000e+00 0.000000000000000000e+00 0.000000000000000000e+00 0.000000000000000000e+00 0.000000000000000000e+00 0.000000000000000000e+00 0.000000000000000000e+00 0.000000000000000000e+00 0.000000000000000000e+00 0.000000000000000000e+00 0.000000000000000000e+00 0.000000000000000000e+00 0.000000000000000000e+00 0.000000000000000000e+00 0.000000000000000000e+00 0.000000000000000000e+00 0.000000000000000000e+00 0.000000000000000000e+00 0.000000000000000000e+00 0.000000000000000000e+00 0.000000000000000000e+00 0.000000000000000000e+00 0.000000000000000000e+00 0.000000000000000000e+00 0.000000000000000000e+00 0.000000000000000000e+00 0.000000000000000000e+00 0.000000000000000000e+00 0.000000000000000000e+00 0.000000000000000000e+00 0.000000000000000000e+00 0.000000000000000000e+00 0.000000000000000000e+00 0.000000000000000000e+00 0.000000000000000000e+00 0.000000000000000000e+00 0.000000000000000000e+00 0.000000000000000000e+00 0.000000000000000000e+00 0.000000000000000000e+00 0.000000000000000000e+00 0.000000000000000000e+00 0.000000000000000000e+00
6.186348589034109224e+00 1.343322394653364782e+00 -1.541803927665709040e+01 5.911457713400813496e+00 2.149529299740759711e+02 -9.266990976653737278e+01 1.076477409344910541e+01 1.047364255345731721e+01 -4.695564845442383728e+00 4.776892950595280851e+00 3.952892957766291460e+00 -4.050196275407859758e+01 -1.162397815011909863e+01 -6.763396584006540202e+00 -1.056293077116782442e+01 2.575537450881834047e+02 -2.660539711771541249e+01 -3.579519747505282368e+01 -2.663233041224604847e+01 -7.776077802723693821e+01 -1.275522312294543070e+01 -6.558207326095649137e+01 5.435898191206600671e+00 -1.383091928161423567e+01 -7.090892218752209430e+00 -9.137199701082964864e+00 6.139203870539040508e+02 -9.286905628154110914e+00 -6.510098849821902789e+00 2.336981148818485465e+01 -1.022417082078098183e+01 7.251426833589547982e+00 -3.982522645075540169e+01 1.358458706702619168e+01 -2.589503622084515300e+01 -1.415199702445067373e+02 -1.015846651651141030e+01 9.200790609503545170e+01 7.205457444102714248e+01 -2.837096278131630456e+01 0.000000000000000000e+00 0.000000000000000000e+00 0.000000000000000000e+00 0.000000000000000000e+00 0.000000000000000000e+00 0.000000000000000000e+00 0.000000000000000000e+00 0.000000000000000000e+00 0.000000000000000000e+00 0.000000000000000000e+00 0.000000000000000000e+00 0.000000000000000000e+00 0.000000000000000000e+00 0.000000000000000000e+00 0.000000000000000000e+00 0.000000000000000000e+00 0.000000000000000000e+00 0.000000000000000000e+00 0.000000000000000000e+00 0.000000000000000000e+00 0.000000000000000000e+00 0.000000000000000000e+00 0.000000000000000000e+00 0.000000000000000000e+00 0.000000000000000000e+00 0.000000000000000000e+00 0.000000000000000000e+00 0.000000000000000000e+00 0.000000000000000000e+00 0.000000000000000000e+00 0.000000000000000000e+00 0.000000000000000000e+00 0.000000000000000000e+00 0.000000000000000000e+00 0.000000000000000000e+00 0.000000000000000000e+00 0.000000000000000000e+00 0.000000000000000000e+00 0.000000000000000000e+00 0.000000000000000000e+00 0.000000000000000000e+00 0.000000000000000000e+00 0.000000000000000000e+00 0.000000000000000000e+00 0.000000000000000000e+00 0.000000000000000000e+00 0.000000000000000000e+00 0.000000000000000000e+00 0.000000000000000000e+00 0.000000000000000000e+00 0.000000000000000000e+00 0.000000000000000000e+00 0.000000000000000000e+00 0.000000000000000000e+00 0.000000000000000000e+00 0.000000000000000000e+00 0.000000000000000000e+00 0.000000000000000000e+00 0.000000000000000000e+00 0.000000000000000000e+00
3.035576596825628748e-02 6.002143290724561986e+00 -1.263324451369376433e+01 6.313646152628424879e+00 2.334868509028733001e+02 -9.899863667691737135e+01 1.025602282264369336e+01 1.512982654786291548e+01 -1.887589639923035634e+01 2.096329538994478980e+01 -1.653079018682409185e+01 2.534165877586800946e+02 -9.036024839687673449e+00 1.644349132606168595e+01 2.727067752779471732e+01 -7.261370317467105906e+02 -3.384180468304137435e+01 -6.168673099990186870e+01 -5.916294892584431864e+01 -1.695077924441604864e+02 1.619148564531842638e-01 7.371374840405275464e+00 3.219907920689798253e+00 -6.302920337043331322e+00 1.921109136727857347e+01 -2.040664621865276196e+00 1.387852815148956438e+02 1.834056364907082681e+01 5.385462009051007470e+00 -3.883865591302409825e+01 2.409622908374444350e+01 -1.000834378946016123e+01 2.738483539828614965e+01 8.337531445582182954e+00 2.633262709339604157e+01 1.408236875885519908e+02 -2.921536720395153353e+01 -1.975451908979251243e+02 -1.123152279620833269e+02 -1.674087700093511089e+01 4.974429328881989854e+00 0.000000000000000000e+00 0.000000000000000000e+00 0.000000000000000000e+00 0.000000000000000000e+00 0.000000000000000000e+00 0.000000000000000000e+00 0.000000000000000000e+00 0.000000000000000000e+00 0.000000000000000000e+00 0.000000000000000000e+00 0.000000000000000000e+00 0.000000000000000000e+00 0.000000000000000000e+00 0.000000000000000000e+00 0.000000000000000000e+00 0.000000000000000000e+00 0.000000000000000000e+00 0.000000000000000000e+00 0.000000000000000000e+00 0.000000000000000000e+00 0.000000000000000000e+00 0.000000000000000000e+00 0.000000000000000000e+00 0.000000000000000000e+00 0.000000000000000000e+00 0.000000000000000000e+00 0.000000000000000000e+00 0.000000000000000000e+00 0.000000000000000000e+00 0.000000000000000000e+00 0.000000000000000000e+00 0.000000000000000000e+00 0.000000000000000000e+00 0.000000000000000000e+00 0.000000000000000000e+00 0.000000000000000000e+00 0.000000000000000000e+00 0.000000000000000000e+00 0.000000000000000000e+00 0.000000000000000000e+00 0.000000000000000000e+00 0.000000000000000000e+00 0.000000000000000000e+00 0.000000000000000000e+00 0.000000000000000000e+00 0.000000000000000000e+00 0.000000000000000000e+00 0.000000000000000000e+00 0.000000000000000000e+00 0.000000000000000000e+00 0.000000000000000000e+00 0.000000000000000000e+00 0.000000000000000000e+00 0.000000000000000000e+00 0.000000000000000000e+00 0.000000000000000000e+00 0.000000000000000000e+00 0.000000000000000000e+00 0.000000000000000000e+00
7.420840939012951054e+00 -6.144670440956868873e+00 -2.142991538454674938e+00 -5.376083887612055356e-01 -1.929194014491456244e+01 3.684720485127109590e+00 -8.259033606540917560e-01 -1.511632913336036665e+00 1.312817968602733032e+00 -3.330582130669253793e+00 7.227746036976196109e+00 -9.655334789770479631e+01 4.227991811358537078e+00 -7.957659898735578885e+00 -1.115283971859466661e+01 2.920525981648648326e+02 8.712287997755828073e+00 1.826289349201402246e+01 2.000633687920466741e+01 6.101438150418072581e+01 -1.125591191072334851e+00 6.877357282089080037e+00 8.451390918623335580e+00 -4.105700807621345660e+01 1.719193089801077790e+01 -1.359224923743814095e+01 9.375827108260162959e+02 -7.744950912597076353e+00 -5.209372434828844156e+00 1.404028374768355469e+01 -1.152909257405343624e+01 1.464876695152827146e+00 -1.770098361506134310e+00 -1.013758402854596508e-01 -5.519018962448688725e+00 -2.669521852556468744e+01 3.807521848509982654e+00 2.277958333612884090e+01 1.027126553611274673e+01 1.385128445856481072e+01 1.253290515791690485e+00 -3.045080598043482922e+01 0.000000000000000000e+00 0.000000000000000000e+00 0.000000000000000000e+00 0.000000000000000000e+00 0.000000000000000000e+00 0.000000000000000000e+00 0.000000000000000000e+00 0.000000000000000000e+00 0.000000000000000000e+00 0.000000000000000000e+00 0.000000000000000000e+00 0.000000000000000000e+00 0.000000000000000000e+00 0.000000000000000000e+00 0.000000000000000000e+00 0.000000000000000000e+00 0.000000000000000000e+00 0.000000000000000000e+00 0.000000000000000000e+00 0.000000000000000000e+00 0.000000000000000000e+00 0.000000000000000000e+00 0.000000000000000000e+00 0.000000000000000000e+00 0.000000000000000000e+00 0.000000000000000000e+00 0.000000000000000000e+00 0.000000000000000000e+00 0.000000000000000000e+00 0.000000000000000000e+00 0.000000000000000000e+00 0.000000000000000000e+00 0.000000000000000000e+00 0.000000000000000000e+00 0.000000000000000000e+00 0.000000000000000000e+00 0.000000000000000000e+00 0.000000000000000000e+00 0.000000000000000000e+00 0.000000000000000000e+00 0.000000000000000000e+00 0.000000000000000000e+00 0.000000000000000000e+00 0.000000000000000000e+00 0.000000000000000000e+00 0.000000000000000000e+00 0.000000000000000000e+00 0.000000000000000000e+00 0.000000000000000000e+00 0.000000000000000000e+00 0.000000000000000000e+00 0.000000000000000000e+00 0.000000000000000000e+00 0.000000000000000000e+00 0.000000000000000000e+00 0.000000000000000000e+00 0.000000000000000000e+00 0.000000000000000000e+00
1.153909895152862575e+00 2.512202473770025257e+00 -4.530012105097328323e+00 9.143872568257243039e-01 3.531289992319202042e+01 -1.540655943622744850e+01 -3.403263701834875476e-01 4.784681644192120942e+00 -1.426629941400613788e+01 7.459293822645131300e+00 -5.290365127199349260e+00 9.052245884649656205e+01 5.599227952561079746e+00 3.329061342583693239e+00 -5.014489090198967602e+00 1.474123134190133726e+02 3.426258852301369728e+01 5.675160050610023177e+01 5.298126333740051308e+01 1.464403964740544950e+02 9.172203981344448920e+00 1.324914535898368761e+01 1.608801311968210079e+00 -8.629379930069124072e+00 -2.338605736034190130e+01 -7.593410543094632814e+00 5.381804794017369886e+02 -5.232322824434538333e+00 -6.151180818440415976e+00 3.136844603634857975e+01 -1.710751605419586596e+01 7.950243547057119109e+00 -2.801550409388060814e+01 1.875669426159769726e+00 -9.669599259860550688e+00 -4.601836356911233850e+01 8.336912988390448476e+00 4.347373037743752633e+01 2.598829114625146630e+01 1.145783302055997410e+01 6.779898370375465610e+00 -5.987233058305315581e+01 5.103174686501039758e+01 0.000000000000000000e+00 0.000000000000000000e+00 0.000000000000000000e+00 0.000000000000000000e+00 0.000000000000000000e+00 0.000000000000000000e+00 0.000000000000000000e+00 0.000000000000000000e+00 0.000000000000000000e+00 0.000000000000000000e+00 0.000000000000000000e+00 0.000000000000000000e+00 0.000000000000000000e+00 0.000000000000000000e+00 0.000000000000000000e+00 0.000000000000000000e+00 0.000000000000000000e+00 0.000000000000000000e+00 0.000000000000000000e+00 0.000000000000000000e+00 0.000000000000000000e+00 0.000000000000000000e+00 0.000000000000000000e+00 0.000000000000000000e+00 0.000000000000000000e+00 0.000000000000000000e+00 0.000000000000000000e+00 0.000000000000000000e+00 0.000000000000000000e+00 0.000000000000000000e+00 0.000000000000000000e+00 0.000000000000000000e+00 0.000000000000000000e+00 0.000000000000000000e+00 0.000000000000000000e+00 0.000000000000000000e+00 0.000000000000000000e+00 0.000000000000000000e+00 0.000000000000000000e+00 0.000000000000000000e+00 0.000000000000000000e+00 0.000000000000000000e+00 0.000000000000000000e+00 0.000000000000000000e+00 0.000000000000000000e+00 0.000000000000000000e+00 0.000000000000000000e+00 0.000000000000000000e+00 0.000000000000000000e+00 0.000000000000000000e+00 0.000000000000000000e+00 0.000000000000000000e+00 0.000000000000000000e+00 0.000000000000000000e+00 0.000000000000000000e+00 0.000000000000000000e+00 0.000000000000000000e+00
7.538811518189270977e+00 -9.251395453059259921e+00 7.504687096678789082e+00 4.741348435652353643e+00 1.825983723593782599e+02 -7.058106479067252792e+01 1.766782396935241195e+01 1.303173511505240612e+01 2.613340037651035175e-02 -6.188077488877190113e+00 4.355635378598742946e+00 -7.014475842593328991e+01 9.475891390951090898e+00 4.976822965397715848e-01 -3.322771294931635033e+00 9.427297305264006866e+01 2.441215881097544482e+01 3.843433461587630973e+01 3.478616804784367389e+01 9.845817682873315846e+01 7.305211055976816859e+00 3.277277257769944896e+01 -7.102546242992114678e+00 1.930002058737102999e+01 -7.119653803001775749e+00 3.270670288639784928e+00 -2.251358707215798631e+02 5.397310065625450903e+00 -2.785489178105187147e+00 1.472941910737698379e+01 -2.118568115681130593e+01 1.868892609581864761e+00 1.280783578305333847e+00 -1.423591405863523462e+01 3.964132520826114447e+00 3.105867872120231965e+01 2.721754946737181768e+00 -4.269713530542640001e+01 -2.844184886605865969e+01 1.430583080117809658e+01 9.559458431603093942e+00 -8.462559002807573449e+01 7.269440057607292260e+01 -1.333593722869290943e+01 0.000000000000000000e+00 0.000000000000000000e+00 0.000000000000000000e+00 0.000000000000000000e+00 0.000000000000000000e+00 0.000000000000000000e+00 0.000000000000000000e+00 0.000000000000000000e+00 0.000000000000000000e+00 0.000000000000000000e+00 0.000000000000000000e+00 0.000000000000000000e+00 0.000000000000000000e+00 0.000000000000000000e+00 0.000000000000000000e+00 0.000000000000000000e+00 0.000000000000000000e+00 0.000000000000000000e+00 0.000000000000000000e+00 0.000000000000000000e+00 0.000000000000000000e+00 0.000000000000000000e+00 0.000000000000000000e+00 0.000000000000000000e+00 0.000000000000000000e+00 0.000000000000000000e+00 0.000000000000000000e+00 0.000000000000000000e+00 0.000000000000000000e+00 0.000000000000000000e+00 0.000000000000000000e+00 0.000000000000000000e+00 0.000000000000000000e+00 0.000000000000000000e+00 0.000000000000000000e+00 0.000000000000000000e+00 0.000000000000000000e+00 0.000000000000000000e+00 0.000000000000000000e+00 0.000000000000000000e+00 0.000000000000000000e+00 0.000000000000000000e+00 0.000000000000000000e+00 0.000000000000000000e+00 0.000000000000000000e+00 0.000000000000000000e+00 0.000000000000000000e+00 0.000000000000000000e+00 0.000000000000000000e+00 0.000000000000000000e+00 0.000000000000000000e+00 0.000000000000000000e+00 0.000000000000000000e+00 0.000000000000000000e+00 0.000000000000000000e+00 0.000000000000000000e+00
3.395738448183238667e-01 4.037033765880586600e+00 -8.286408155736369352e+00 1.838505086353940943e-01 7.553503134029986299e-01 1.435215078572301017e+00 4.221530225341630249e+00 1.312510235551322957e+01 -2.962926604095293470e+01 2.391364672235892641e+01 -1.317371362188703898e+01 1.992678833195965638e+02 -5.598070217261639669e+00 -7.353962988707199777e+00 -2.283851803275985759e+01 6.091897709897597224e+02 3.582655847047151454e+00 -1.007434839804888149e+01 -5.631683437178889307e+01 -1.627082787209042181e+02 -6.626095448977160629e+00 -2.784341497218766648e+01 9.221329363935062418e+00 -2.705330416674263461e+01 1.753433605768076831e+01 2.653644637618985058e+01 -1.707915576304317483e+03 1.922024394946638637e+01 -1.356424980516507262e+01 1.251176347368907500e+02 -1.629984933981056372e+01 -2.484323398007774131e+00 1.548605006105787396e+01 1.636900748926883420e+00 -3.886062660358701848e+00 -1.517753471775544583e+01 2.470618777929087351e+00 1.371931796248691171e+01 4.144591802083512633e+00 1.544898227488508091e+01 -2.190745932925984185e+00 8.307254257688862609e+00 7.512591877512664773e+00 -1.187469326057332175e+01 -4.487460678515029500e+00 0.000000000000000000e+00 0.000000000000000000e+00 0.000000000000000000e+00 0.000000000000000000e+00 0.000000000000000000e+00 0.000000000000000000e+00 0.000000000000000000e+00 0.000000000000000000e+00 0.000000000000000000e+00 0.000000000000000000e+00 0.000000000000000000e+00 0.000000000000000000e+00 0.000000000000000000e+00 0.000000000000000000e+00 0.000000000000000000e+00 0.000000000000000000e+00 0.000000000000000000e+00 0.000000000000000000e+00 0.000000000000000000e+00 0.000000000000000000e+00 0.000000000000000000e+00 0.000000000000000000e+00 0.000000000000000000e+00 0.000000000000000000e+00 0.000000000000000000e+00 0.000000000000000000e+00 0.000000000000000000e+00 0.000000000000000000e+00 0.000000000000000000e+00 0.000000000000000000e+00 0.000000000000000000e+00 0.000000000000000000e+00 0.000000000000000000e+00 0.000000000000000000e+00 0.000000000000000000e+00 0.000000000000000000e+00 0.000000000000000000e+00 0.000000000000000000e+00 0.000000000000000000e+00 0.000000000000000000e+00 0.000000000000000000e+00 0.000000000000000000e+00 0.000000000000000000e+00 0.000000000000000000e+00 0.000000000000000000e+00 0.000000000000000000e+00 0.000000000000000000e+00 0.000000000000000000e+00 0.000000000000000000e+00 0.000000000000000000e+00 0.000000000000000000e+00 0.000000000000000000e+00 0.000000000000000000e+00 0.000000000000000000e+00 0.000000000000000000e+00
8.342088703274939121e+00 -9.049425287418618069e+00 5.929566251851925429e+00 -1.555284039764094572e+00 -6.103543288722118376e+01 1.626949118309019582e+01 2.161955160598028058e-01 -2.304920433064744145e+00 -8.960733742638375077e+00 1.212298813496317962e+01 -7.044973236771340908e+00 1.028640577805364416e+02 -5.203232561807228151e+00 -5.334128365455916843e-01 -1.177293785335846721e+01 3.083271535209020726e+02 -1.107993710048186919e+00 2.123344762950416076e+00 1.135698814900246845e+01 2.767390865697965552e+01 1.910162076075883064e-01 -1.128664124107952205e+01 -5.262504904481671630e+00 3.121009667006217114e+01 -3.638492621493637813e+01 -4.505399011386884034e+00 2.745157876373191357e+02 5.088944119520814269e+00 -1.536315401172593020e+01 1.106856857621091308e+02 -1.447582269484906448e+01 5.187782165206895613e+00 -2.138383526562692083e+01 3.802195531354142233e+00 -2.454421527571741990e+01 -1.207692314198957035e+02 2.182730479082224839e+00 9.486328412059033610e+01 5.881567089603048970e+01 -4.164592842802045780e+00 1.117882112741514433e+01 -9.609926528313714300e+01 1.125721482951552446e+02 -2.874872529577004698e+01 -7.761560175651361249e+00 1.567232529043709199e+01 0.000000000000000000e+00 0.000000000000000000e+00 0.000000000000000000e+00 0.000000000000000000e+00 0.000000000000000000e+00 0.000000000000000000e+00 0.000000000000000000e+00 0.000000000000000000e+00 0.000000000000000000e+00 0.000000000000000000e+00 0.000000000000000000e+00 0.000000000000000000e+00 0.000000000000000000e+00 0.000000000000000000e+00 0.000000000000000000e+00 0.000000000000000000e+00 0.000000000000000000e+00 0.000000000000000000e+00 0.000000000000000000e+00 0.000000000000000000e+00 0.000000000000000000e+00 0.000000000000000000e+00 0.000000000000000000e+00 0.000000000000000000e+00 0.000000000000000000e+00 0.000000000000000000e+00 0.000000000000000000e+00 0.000000000000000000e+00 0.000000000000000000e+00 0.000000000000000000e+00 0.000000000000000000e+00 0.000000000000000000e+00 0.000000000000000000e+00 0.000000000000000000e+00 0.000000000000000000e+00 0.000000000000000000e+00 0.000000000000000000e+00 0.000000000000000000e+00 0.000000000000000000e+00 0.000000000000000000e+00 0.000000000000000000e+00 0.000000000000000000e+00 0.000000000000000000e+00 0.000000000000000000e+00 0.000000000000000000e+00 0.000000000000000000e+00 0.000000000000000000e+00 0.000000000000000000e+00 0.000000000000000000e+00 0.000000000000000000e+00 0.000000000000000000e+00 0.000000000000000000e+00 0.000000000000000000e+00 0.000000000000000000e+00
5.571665312756048927e+00 -6.673623011102215230e+00 1.760944996110344718e+00 1.452250175126260423e+00 6.174111190553039563e+01 -1.563039814746251110e+01 3.438507381774178029e+00 3.509977799155662215e+00 9.082164009175599517e+00 -1.366479702611797542e+01 5.221356974604340451e+00 -8.354220823418543773e+01 1.425795168999746387e+01 2.683306889666685180e+00 1.129784144059900264e+01 -2.921123174142368271e+02 2.089743622292673919e+01 3.380845723781364143e+01 3.740216522827296330e+01 1.027927995494506206e+02 1.648795080760820753e+01 7.147710970415521103e+01 -5.056025684815018018e+00 1.802587535885946579e+01 -1.516167980483121980e+01 -9.647887821420660259e+00 6.301310640643126817e+02 -3.569317164831050881e+00 4.574906443350759133e+00 -4.451607451417821437e+01 -2.550165504959603258e+00 2.086777688798258534e+00 -1.108277118780216597e+01 -6.553801444940630105e+00 -1.001465697955342904e+00 -9.248623699325678515e+00 -4.787019355984704738e+00 -7.616278564026790932e+00 -2.390366247350883988e+00 2.307823263976839456e+00 -8.343485338928342543e-01 -1.372153839985584378e+00 6.468631959252881813e-01 -1.108070388576672283e+00 1.097151308357732624e+01 -1.528292744254104640e+01 -4.564960704659899449e+01 0.000000000000000000e+00 0.000000000000000000e+00 0.000000000000000000e+00 0.000000000000000000e+00 0.000000000000000000e+00 0.000000000000000000e+00 0.000000000000000000e+00 0.000000000000000000e+00 0.000000000000000000e+00 0.000000000000000000e+00 0.000000000000000000e+00 0.000000000000000000e+00 0.000000000000000000e+00 0.000000000000000000e+00 0.000000000000000000e+00 0.000000000000000000e+00 0.000000000000000000e+00 0.000000000000000000e+00 0.000000000000000000e+00 0.000000000000000000e+00 0.000000000000000000e+00 0.000000000000000000e+00 0.000000000000000000e+00 0.000000000000000000e+00 0.000000000000000000e+00 0.000000000000000000e+00 0.000000000000000000e+00 0.000000000000000000e+00 0.000000000000000000e+00 0.000000000000000000e+00 0.000000000000000000e+00 0.000000000000000000e+00 0.000000000000000000e+00 0.000000000000000000e+00 0.000000000000000000e+00 0.000000000000000000e+00 0.000000000000000000e+00 0.000000000000000000e+00 0.000000000000000000e+00 0.000000000000000000e+00 0.000000000000000000e+00 0.000000000000000000e+00 0.000000000000000000e+00 0.000000000000000000e+00 0.000000000000000000e+00 0.000000000000000000e+00 0.000000000000000000e+00 0.000000000000000000e+00 0.000000000000000000e+00 0.000000000000000000e+00 0.000000000000000000e+00 0.000000000000000000e+00 0.000000000000000000e+00
1.649221762920635159e+00 6.508698096156830815e+00 -1.142920149539057917e+01 3.216757153159550242e+00 1.137916738584245024e+02 -5.123169448347459820e+01 9.078771502465613707e+00 1.112809366376080611e+01 -2.012319352804763284e+01 1.647396774490643878e+01 -1.719926944239023925e+01 2.499763339855055904e+02 -1.597915865001016833e+01 1.014790174057774230e+01 3.990391445339675158e+00 -1.093463562393028354e+02 -2.372507446525258956e+01 -2.843443502077403195e+01 4.796670278499776785e+00 1.173772623442804530e+01 -1.245016728282642582e+01 -8.346676780861471912e+01 4.289589559377562367e+00 -1.343709472963194429e+00 -1.992163921504547019e+01 -1.607965248577773565e+01 1.080722497291603531e+03 -1.503613428952548503e+01 9.739086925496931002e+00 -9.639256934553974077e+01 -3.580566722419687764e+00 6.964857126085266081e+00 -2.518172564609875508e+01 -1.511625346816124349e+01 8.662500646058166609e+00 3.404230579098220488e+01 -9.902598810736584767e+00 -3.806929770130509638e+01 -3.360083064543486842e+01 1.292293727510551804e+01 -6.350873152617069195e+00 5.731154972670724135e+01 -4.523715860968646041e+01 1.236610196260954986e+01 -8.705249518623697114e+00 4.739573072396385811e+00 3.964319434027997602e+01 1.886475358220703669e+01 0.000000000000000000e+00 0.000000000000000000e+00 0.000000000000000000e+00 0.000000000000000000e+00 0.000000000000000000e+00 0.000000000000000000e+00 0.000000000000000000e+00 0.000000000000000000e+00 0.000000000000000000e+00 0.000000000000000000e+00 0.000000000000000000e+00 0.000000000000000000e+00 0.000000000000000000e+00 0.000000000000000000e+00 0.000000000000000000e+00 0.000000000000000000e+00 0.000000000000000000e+00 0.000000000000000000e+00 0.000000000000000000e+00 0.000000000000000000e+00 0.000000000000000000e+00 0.000000000000000000e+00 0.000000000000000000e+00 0.000000000000000000e+00 0.000000000000000000e+00 0.000000000000000000e+00 0.000000000000000000e+00 0.000000000000000000e+00 0.000000000000000000e+00 0.000000000000000000e+00 0.000000000000000000e+00 0.000000000000000000e+00 0.000000000000000000e+00 0.000000000000000000e+00 0.000000000000000000e+00 0.000000000000000000e+00 0.000000000000000000e+00 0.000000000000000000e+00 0.000000000000000000e+00 0.000000000000000000e+00 0.000000000000000000e+00 0.000000000000000000e+00 0.000000000000000000e+00 0.000000000000000000e+00 0.000000000000000000e+00 0.000000000000000000e+00 0.000000000000000000e+00 0.000000000000000000e+00 0.000000000000000000e+00 0.000000000000000000e+00 0.000000000000000000e+00 0.000000000000000000e+00
2.754583619982789777e+00 -2.299847199844520240e-01 2.562256548498709208e-02 4.639237475141902323e+00 1.748785178572054519e+02 -7.201983098405742112e+01 1.248267224541118203e+01 1.398945561856062980e+01 -1.224943920253503471e+01 2.136221216536788425e+00 -7.940313152694271182e+00 1.206825829263337653e+02 1.183307704378147562e+01 4.395668651148192829e+00 3.236295035782488227e+00 -6.956930073017690574e+01 2.714911752472554696e+01 3.475562211321998518e+01 2.267657536973124266e+01 7.148282671131246957e+01 8.932123329200143402e-01 1.612866364564401067e+01 4.707721244217646372e-01 1.911266011218903937e+00 3.866871251802092679e+00 5.128595443002552656e-01 -3.019410171838532975e+01 8.378401134050227128e+00 -1.036769926101610295e+01 6.676297537695036510e+01 -1.001365146685157015e+01 8.200468522630234958e+00 -4.911132184688369051e+01 1.028735980338778333e+01 -4.711153359423142284e+00 -3.079354736724341279e+01 -2.474586042014482246e+01 -4.419705826847005881e+01 1.644686302081507900e+00 -3.332172400827529657e+01 8.663989384103931712e+00 -5.682492807709048321e+01 4.981806598440653033e+01 -6.293653885165923612e+00 1.305981634433866390e+01 6.620519251829330543e+00 -7.279743931414530778e+01 -4.604399571498751698e+01 4.194025664027467570e+00 0.000000000000000000e+00 0.000000000000000000e+00 0.000000000000000000e+00 0.000000000000000000e+00 0.000000000000000000e+00 0.000000000000000000e+00 0.000000000000000000e+00 0.000000000000000000e+00 0.000000000000000000e+00 0.000000000000000000e+00 0.000000000000000000e+00 0.000000000000000000e+00 0.000000000000000000e+00 0.000000000000000000e+00 0.000000000000000000e+00 0.000000000000000000e+00 0.000000000000000000e+00 0.000000000000000000e+00 0.000000000000000000e+00 0.000000000000000000e+00 0.000000000000000000e+00 0.000000000000000000e+00 0.000000000000000000e+00 0.000000000000000000e+00 0.000000000000000000e+00 0.000000000000000000e+00 0.000000000000000000e+00 0.000000000000000000e+00 0.000000000000000000e+00 0.000000000000000000e+00 0.000000000000000000e+00 0.000000000000000000e+00 0.000000000000000000e+00 0.000000000000000000e+00 0.000000000000000000e+00 0.000000000000000000e+00 0.000000000000000000e+00 0.000000000000000000e+00 0.000000000000000000e+00 0.000000000000000000e+00 0.000000000000000000e+00 0.000000000000000000e+00 0.000000000000000000e+00 0.000000000000000000e+00 0.000000000000000000e+00 0.000000000000000000e+00 0.000000000000000000e+00 0.000000000000000000e+00 0.000000000000000000e+00 0.000000000000000000e+00 0.000000000000000000e+00
7.626750523971743689e+00 -1.051414858546765174e+01 1.151983047631088475e+01 4.132593949675772649e+00 1.567642768823985477e+02 -6.278748318798527350e+01 1.567751141392312064e+01 8.093307266904924191e+00 -9.774296142463219095e-01 5.810811553467690516e+00 -3.783770581262512422e+00 5.139408945595722855e+01 -1.193001939102160236e+00 5.523796664073652884e+00 -9.331956793780861403e+00 2.450739478468117909e+02 1.708871693699060046e+01 3.621757261300156472e+01 6.190797700769896750e+01 1.764956709723094548e+02 2.011230728438504656e+01 1.009395592555270014e+02 -1.151182288250045538e+01 2.338331577042763598e+01 -1.999280105729415169e+00 1.133156043444242833e+01 -7.584793044483817539e+02 1.023868557232836096e+01 1.842726944390076227e-01 1.595355542163014917e+01 -4.363513219438071467e+00 -8.923921370001650644e+00 4.869317258404742432e+01 -9.924441542313932274e+00 1.033157025002152274e+01 6.480018235663604287e+01 -7.033502571694949523e-01 -6.624749026183711464e+01 -5.045318034028605325e+01 1.650658874604592086e+01 -1.547523164419585484e+00 6.374277172213389520e-01 8.698272685058121567e+00 -1.010060281919142966e+01 1.230161554910072041e+01 -8.650166817883659931e+00 -6.984035785776889327e+01 -3.412298190387954833e+01 2.747628766532832501e-01 -3.742085827716507396e+01 0.000000000000000000e+00 0.000000000000000000e+00 0.000000000000000000e+00 0.000000000000000000e+00 0.000000000000000000e+00 0.000000000000000000e+00 0.000000000000000000e+00 0.000000000000000000e+00 0.000000000000000000e+00 0.000000000000000000e+00 0.000000000000000000e+00 0.000000000000000000e+00 0.000000000000000000e+00 0.000000000000000000e+00 0.000000000000000000e+00 0.000000000000000000e+00 0.000000000000000000e+00 0.000000000000000000e+00 0.000000000000000000e+00 0.000000000000000000e+00 0.000000000000000000e+00 0.000000000000000000e+00 0.000000000000000000e+00 0.000000000000000000e+00 0.000000000000000000e+00 0.000000000000000000e+00 0.000000000000000000e+00 0.000000000000000000e+00 0.000000000000000000e+00 0.000000000000000000e+00 0.000000000000000000e+00 0.000000000000000000e+00 0.000000000000000000e+00 0.000000000000000000e+00 0.000000000000000000e+00 0.000000000000000000e+00 0.000000000000000000e+00 0.000000000000000000e+00 0.000000000000000000e+00 0.000000000000000000e+00 0.000000000000000000e+00 0.000000000000000000e+00 0.000000000000000000e+00 0.000000000000000000e+00 0.000000000000000000e+00 0.000000000000000000e+00 0.000000000000000000e+00 0.000000000000000000e+00 0.000000000000000000e+00 0.000000000000000000e+00
3.931507000870943180e+00 -5.131935060997395937e+00 9.486658775254371179e+00 5.041146744671600288e+00 1.953744474523726353e+02 -7.757607499925246941e+01 1.008795688201085028e+01 1.256825032679802767e+01 -1.800157652220583060e+01 1.104190275778973884e+01 -1.258955100657039239e+01 1.876235159333377283e+02 -4.298536492855898672e+00 7.536205331403118990e+00 -1.314825076372686574e+01 3.676170724064813271e+02 3.833001789912096768e+01 5.949286653987540063e+01 3.682073203133141703e+01 9.421446089143127267e+01 8.625767639368142170e+00 -7.426154776997364593e-01 4.027281502397787705e+00 -2.286989351857163655e+01 -2.878682157779503470e+01 -1.218921426486314452e+01 8.478396394012033852e+02 -8.619385118127327772e+00 -4.561264472265016856e+00 2.469294915116668676e+01 -8.935618949470878647e+00 1.186631805642498039e+00 6.238557264651522161e+00 -6.651731463153032209e+00 6.164518774274197810e+00 4.327972963547685481e+01 -3.515887102248367313e-01 -4.152748617933372799e+01 -3.713198766484261881e+01 3.883671892743294052e+00 5.318186886367980648e+00 -3.063455890297457174e+01 3.582917956598812026e+01 -1.515445952603118407e+01 -3.693256191825019741e+00 1.983855413410208968e+01 -7.105650514209710167e+00 -1.826763016431004516e+01 -4.451106520543856249e+00 -5.532231262094994406e+01 3.580362092866647572e+01 0.000000000000000000e+00 0.000000000000000000e+00 0.000000000000000000e+00 0.000000000000000000e+00 0.000000000000000000e+00 0.000000000000000000e+00 0.000000000000000000e+00 0.000000000000000000e+00 0.000000000000000000e+00 0.000000000000000000e+00 0.000000000000000000e+00 0.000000000000000000e+00 0.000000000000000000e+00 0.000000000000000000e+00 0.000000000000000000e+00 0.000000000000000000e+00 0.000000000000000000e+00 0.000000000000000000e+00 0.000000000000000000e+00 0.000000000000000000e+00 0.000000000000000000e+00 0.000000000000000000e+00 0.000000000000000000e+00 0.000000000000000000e+00 0.000000000000000000e+00 0.000000000000000000e+00 0.000000000000000000e+00 0.000000000000000000e+00 0.000000000000000000e+00 0.000000000000000000e+00 0.000000000000000000e+00 0.000000000000000000e+00 0.000000000000000000e+00 0.000000000000000000e+00 0.000000000000000000e+00 0.000000000000000000e+00 0.000000000000000000e+00 0.000000000000000000e+00 0.000000000000000000e+00 0.000000000000000000e+00 0.000000000000000000e+00 0.000000000000000000e+00 0.000000000000000000e+00 0.000000000000000000e+00 0.000000000000000000e+00 0.000000000000000000e+00 0.000000000000000000e+00 0.000000000000000000e+00 0.000000000000000000e+00
1.785780810517604289e+00 -5.067543301644716891e-02 5.030065032863184626e-02 4.172835544050464307e+00 1.573175151749327085e+02 -6.395184178301914102e+01 7.515216789899445970e+00 9.630046541776675184e+00 -1.009695079904372861e+01 1.184356132842657416e+01 -7.808991669942701108e+00 1.219151302935192973e+02 -6.136063301946463433e+00 3.457591749926792080e+00 -1.437208631285057159e+00 3.111303535691302358e+01 -1.884791466960633599e+01 -2.669120340480402831e+01 -9.045407388459182130e+00 -1.939763527005604615e+01 -9.050200428038781553e-01 2.211617888089669748e+01 2.119789117273494838e+00 -2.531397295559739646e+01 3.799314074728520296e+01 -8.161063784511567221e+00 5.401186599030273783e+02 4.358862578146829314e+00 5.864875441783460985e+00 -4.496590838463635009e+01 2.144662105287146048e+01 -1.850762337545640435e+01 7.215710664176307887e+01 1.034689627440905646e+00 1.889345425147958579e+01 8.480385226825643485e+01 -2.221402027921354971e+01 -9.290284958894105216e+01 -6.662096778240956496e+01 -1.483214800486337026e+00 -4.002071642122450257e+00 3.029371031784847901e+01 -2.916232424015107938e+01 -3.581786091785898130e+00 1.027722130801882905e+01 1.579351168708331876e+01 -5.357786669746432295e+01 -6.049614212878882569e+01 3.868495619380153983e+01 1.867018371425309056e+02 -2.541691826501772482e+02 -1.316530776195933754e+02 0.000000000000000000e+00 0.000000000000000000e+00 0.000000000000000000e+00 0.000000000000000000e+00 0.000000000000000000e+00 0.000000000000000000e+00 0.000000000000000000e+00 0.000000000000000000e+00 0.000000000000000000e+00 0.000000000000000000e+00 0.000000000000000000e+00 0.000000000000000000e+00 0.000000000000000000e+00 0.000000000000000000e+00 0.000000000000000000e+00 0.000000000000000000e+00 0.000000000000000000e+00 0.000000000000000000e+00 0.000000000000000000e+00 0.000000000000000000e+00 0.000000000000000000e+00 0.000000000000000000e+00 0.000000000000000000e+00 0.000000000000000000e+00 0.000000000000000000e+00 0.000000000000000000e+00 0.000000000000000000e+00 0.000000000000000000e+00 0.000000000000000000e+00 0.000000000000000000e+00 0.000000000000000000e+00 0.000000000000000000e+00 0.000000000000000000e+00 0.000000000000000000e+00 0.000000000000000000e+00 0.000000000000000000e+00 0.000000000000000000e+00 0.000000000000000000e+00 0.000000000000000000e+00 0.000000000000000000e+00 0.000000000000000000e+00 0.000000000000000000e+00 0.000000000000000000e+00 0.000000000000000000e+00 0.000000000000000000e+00 0.000000000000000000e+00 0.000000000000000000e+00 0.000000000000000000e+00
6.356538316391213694e-01 3.113623436054183680e-01 3.866733944864538142e+00 1.816306242141489058e+00 7.358792708257928439e+01 -2.193886476303254796e+01 3.503767438514914900e+00 8.141633719757635390e+00 -7.003600194958480074e+00 -1.903450611637186984e+00 -6.586529328150481533e+00 8.681941772951331870e+01 1.293318614789609988e+01 1.718186246506630432e+00 4.216154332693760054e+00 -8.829751492273845770e+01 1.994175509398828083e+01 2.042378326966997548e+01 1.374655729998773168e+00 6.533553175311370254e+00 -4.043772825839635487e-01 -2.362759153429383474e+00 1.766236883657081869e+00 -2.169794215748211741e+00 1.280291976085779027e+01 1.395361279175323155e+00 -9.398311910046493267e+01 6.288800923867121639e+00 -1.803584846170427802e+00 1.584454548710477084e+01 1.204913694746691277e+01 4.873422825521828372e+00 -2.323138438648951265e+01 1.358491423673459764e+00 2.309632997378728625e+00 2.086340009817173424e+01 6.194601809304471018e+00 -1.825129558280219655e+01 3.218679111453008446e+00 -1.259889295192235004e+01 -6.230941277693817781e-01 1.245965150083673123e+01 -1.301758584515904893e+01 -1.320531811719287241e+00 -3.885694154318324323e-01 -2.472890151160813232e+00 -3.094735006835546365e+00 7.579721425878982899e+00 -2.698177057074806484e+00 -4.516636885447912420e+00 2.515929169988909564e+01 -1.991610207833321766e+00 -1.378354359560420050e+01 0.000000000000000000e+00 0.000000000000000000e+00 0.000000000000000000e+00 0.000000000000000000e+00 0.000000000000000000e+00 0.000000000000000000e+00 0.000000000000000000e+00 0.000000000000000000e+00 0.000000000000000000e+00 0.000000000000000000e+00 0.000000000000000000e+00 0.000000000000000000e+00 0.000000000000000000e+00 0.000000000000000000e+00 0.000000000000000000e+00 0.000000000000000000e+00 0.000000000000000000e+00 0.000000000000000000e+00 0.000000000000000000e+00 0.000000000000000000e+00 0.000000000000000000e+00 0.000000000000000000e+00 0.000000000000000000e+00 0.000000000000000000e+00 0.000000000000000000e+00 0.000000000000000000e+00 0.000000000000000000e+00 0.000000000000000000e+00 0.000000000000000000e+00 0.000000000000000000e+00 0.000000000000000000e+00 0.000000000000000000e+00 0.000000000000000000e+00 0.000000000000000000e+00 0.000000000000000000e+00 0.000000000000000000e+00 0.000000000000000000e+00 0.000000000000000000e+00 0.000000000000000000e+00 0.000000000000000000e+00 0.000000000000000000e+00 0.000000000000000000e+00 0.000000000000000000e+00 0.000000000000000000e+00 0.000000000000000000e+00 0.000000000000000000e+00 0.000000000000000000e+00
8.435111521163699777e+00 -9.578918891380832079e+00 4.201065091563664922e+00 2.001198114083399204e+00 7.776877502830932087e+01 -2.843413396192359244e+01 1.072581810219434395e+01 9.865636899276619687e+00 -1.700445298678759443e+01 8.421489597536767846e+00 -1.063920244996016962e+01 1.386979525323248481e+02 -1.034285049727714423e+01 1.147531371040568438e+01 -4.101232099767895711e+00 1.179279611100526211e+02 2.489113485410326732e+01 4.218722843372792397e+01 3.623186032881996965e+01 8.611285067487114020e+01 1.182181760987170094e+01 3.398475731541734213e+00 -8.215305718775217869e+00 3.080431310789509070e+01 -5.406293516871173210e+01 -1.579840446436974233e+01 1.024460808348395176e+03 -1.651056956917737040e+01 9.875424783050883448e+00 -6.720130466758133991e+01 1.503673445282565702e+01 1.087357539966980369e+00 2.471043598302862243e+00 -1.421280162110359946e+01 1.620032920858507453e+01 1.009939794116151859e+02 5.302957987162711717e+00 -8.743582760215868177e+01 -5.719008598112679209e+01 9.194238756785651390e+00 7.359571476303108817e+00 -5.142358296185884114e+01 6.337007056725081355e+01 -1.728099129308157700e+01 -1.251547054774288270e+01 4.898862017081377473e+00 4.195525373871998909e+01 2.292998761197925361e+01 -9.906618820670480829e-01 1.064206868552100005e+00 -1.997988333652118342e+01 1.035420027995522219e+01 -2.051553867752647875e+01 6.346854449654552255e+00 0.000000000000000000e+00 0.000000000000000000e+00 0.000000000000000000e+00 0.000000000000000000e+00 0.000000000000000000e+00 0.000000000000000000e+00 0.000000000000000000e+00 0.000000000000000000e+00 0.000000000000000000e+00 0.000000000000000000e+00 0.000000000000000000e+00 0.000000000000000000e+00 0.000000000000000000e+00 0.000000000000000000e+00 0.000000000000000000e+00 0.000000000000000000e+00 0.000000000000000000e+00 0.000000000000000000e+00 0.000000000000000000e+00 0.000000000000000000e+00 0.000000000000000000e+00 0.000000000000000000e+00 0.000000000000000000e+00 0.000000000000000000e+00 0.000000000000000000e+00 0.000000000000000000e+00 0.000000000000000000e+00 0.000000000000000000e+00 0.000000000000000000e+00 0.000000000000000000e+00 0.000000000000000000e+00 0.000000000000000000e+00 0.000000000000000000e+00 0.000000000000000000e+00 0.000000000000000000e+00 0.000000000000000000e+00 0.000000000000000000e+00 0.000000000000000000e+00 0.000000000000000000e+00 0.000000000000000000e+00 0.000000000000000000e+00 0.000000000000000000e+00 0.000000000000000000e+00 0.000000000000000000e+00 0.000000000000000000e+00 0.000000000000000000e+00
5.611594767692729135e-01 1.917370355204339738e-02 4.299685412850340782e+00 5.045914497627469686e+00 1.883911546112421433e+02 -7.809126374348117849e+01 1.610262472816016199e+01 1.353128857678613706e+01 -5.483822570778494665e+00 1.307689319208165113e+00 -4.477842654597292693e+00 6.491031814384136567e+01 4.279212289869800401e+00 5.554364662859697432e+00 9.921659885397307477e+00 -2.564781916045079697e+02 4.128470557461451307e+00 -6.764975035424736216e-01 -9.004771650117405102e+00 -2.262217116405818729e+01 4.139097148425578965e+00 2.975839854279829311e+01 2.322618917741612776e+00 -3.560992784708640446e+00 1.101133599252829143e+01 8.717207000776078019e+00 -5.543813664367681895e+02 2.219699265495169627e+01 -2.458411604673228723e+00 2.879984604286972427e+01 4.547330537896612235e+00 -1.062011697090335005e+01 3.699557029822476295e+01 -2.632346054270707114e+00 1.349379433854258181e+01 6.380369203384726973e+01 -2.760822362010079090e+01 -1.099534019967787088e+02 -6.532925368549071266e+01 -1.637751973125545391e+01 5.753800619244775483e+00 -3.138218226543062528e+01 3.745444250497525474e+01 -2.339753390190094251e+01 1.460411069708763776e+01 1.858765734647326084e+01 -9.462579071503257921e+01 -7.982836180021617167e+01 1.582334484971761590e+01 4.425052343312482606e+01 -6.718005904851187893e+01 -4.222289581842628081e+01 1.768461595657496588e+01 -6.922518935410942653e+00 3.562006173153205424e+01 0.000000000000000000e+00 0.000000000000000000e+00 0.000000000000000000e+00 0.000000000000000000e+00 0.000000000000000000e+00 0.000000000000000000e+00 0.000000000000000000e+00 0.000000000000000000e+00 0.000000000000000000e+00 0.000000000000000000e+00 0.000000000000000000e+00 0.000000000000000000e+00 0.000000000000000000e+00 0.000000000000000000e+00 0.000000000000000000e+00 0.000000000000000000e+00 0.000000000000000000e+00 0.000000000000000000e+00 0.000000000000000000e+00 0.000000000000000000e+00 0.000000000000000000e+00 0.000000000000000000e+00 0.000000000000000000e+00 0.000000000000000000e+00 0.000000000000000000e+00 0.000000000000000000e+00 0.000000000000000000e+00 0.000000000000000000e+00 0.000000000000000000e+00 0.000000000000000000e+00 0.000000000000000000e+00 0.000000000000000000e+00 0.000000000000000000e+00 0.000000000000000000e+00 0.000000000000000000e+00 0.000000000000000000e+00 0.000000000000000000e+00 0.000000000000000000e+00 0.000000000000000000e+00 0.000000000000000000e+00 0.000000000000000000e+00 0.000000000000000000e+00 0.000000000000000000e+00 0.000000000000000000e+00 0.000000000000000000e+00
4.738369730350438402e+00 -2.159560459908015595e+00 1.465493658386737508e+00 8.441673932644242484e-01 2.800796869713168746e+01 -1.259419645953547473e+01 5.278248674817823449e+00 1.099682596355228359e+00 3.485237978832103956e+00 -9.004331296257905848e-01 -5.744909658162365318e+00 7.172321369101794630e+01 4.618635202747726431e+00 6.560845685754985723e+00 8.820947242948900424e+00 -2.296693436485850555e+02 1.018687513630733577e+01 1.001326509985471169e+01 8.459019404378548046e+00 1.540729754871002299e+01 1.517775068435830121e+01 5.777336622010717804e+01 -6.908182253196714306e+00 3.390384876256117508e+01 -1.490982238745945665e+01 3.324417924797391954e+00 -2.343816382491132231e+02 5.157825647019382842e+00 2.830996757249881313e+00 -8.842520668896032277e-01 9.363901826589358990e+00 -6.670911324091827410e+00 2.599186176658000491e+01 -6.268139511572994316e+00 1.190099809178371970e+01 5.742332024275985702e+01 -7.167513222506421755e+00 -5.466044791857261487e+01 -3.026527479996742187e+01 -1.108880887294639095e+01 -7.347411503917141928e+00 6.179432627659077326e+01 -4.390267932076970681e+01 1.147896908306229236e+01 1.831560610350526375e+01 -1.343901927874068747e+01 -8.795505381039080817e+01 -2.226091287404742047e+01 -1.979753879588697307e+00 -2.200374598460382458e+01 4.554112654011893824e+01 2.954058742729593234e+01 2.054106726639480840e+01 -1.595613231701001133e+01 7.856025604231260218e+01 -2.859095373703439691e+01 0.000000000000000000e+00 0.000000000000000000e+00 0.000000000000000000e+00 0.000000000000000000e+00 0.000000000000000000e+00 0.000000000000000000e+00 0.000000000000000000e+00 0.000000000000000000e+00 0.000000000000000000e+00 0.000000000000000000e+00 0.000000000000000000e+00 0.000000000000000000e+00 0.000000000000000000e+00 0.000000000000000000e+00 0.000000000000000000e+00 0.000000000000000000e+00 0.000000000000000000e+00 0.000000000000000000e+00 0.000000000000000000e+00 0.000000000000000000e+00 0.000000000000000000e+00 0.000000000000000000e+00 0.000000000000000000e+00 0.000000000000000000e+00 0.000000000000000000e+00 0.000000000000000000e+00 0.000000000000000000e+00 0.000000000000000000e+00 0.000000000000000000e+00 0.000000000000000000e+00 0.000000000000000000e+00 0.000000000000000000e+00 0.000000000000000000e+00 0.000000000000000000e+00 0.000000000000000000e+00 0.000000000000000000e+00 0.000000000000000000e+00 0.000000000000000000e+00 0.000000000000000000e+00 0.000000000000000000e+00 0.000000000000000000e+00 0.000000000000000000e+00 0.000000000000000000e+00 0.000000000000000000e+00
7.834265462721808682e+00 -1.029787337949839277e+01 7.349111025877417269e+00 -1.069884300146302092e+00 -3.766828440562959912e+01 1.561440678356956191e+01 1.954465726904802025e+00 2.804070009372019001e+00 -1.640682236700852314e+01 1.144537516476945171e+01 -2.588022654586074722e+00 4.179155866594146573e+01 -7.853767636024191034e+00 -7.415329543127437972e+00 -4.240374083667180827e+01 1.127457367360725812e+03 4.531453057502315573e+01 7.546915133948664334e+01 5.270372060565090067e+01 1.435156054307682325e+02 4.710438580596196800e+00 -6.407310035392779213e-01 4.445239075670261997e+00 -2.082667247774361385e+01 -2.626586770816886229e+01 7.719450499868271365e+00 -4.608626284885340851e+02 4.660239920469155805e-01 -2.168334924768851835e+01 1.632829130320028526e+02 -3.597380771318589154e+01 6.542823087693113493e+00 -9.636381675824690518e+00 9.333320451494209635e+00 -2.868825830284515988e+01 -1.319834710878045883e+02 2.184132666815083113e+01 1.376644998766626884e+02 8.470279841268978771e+01 1.557703531708918554e+01 8.041413911392062630e+00 -1.023577952764091066e+02 8.986474789234833338e+01 -2.703032821800549357e+01 -1.893038713029664422e-01 1.186105717439846963e+01 -3.279403207602840808e+01 -2.994108635491992843e+01 8.919297810437331719e+00 2.418531642085470779e+01 -7.372197665427167124e+01 -4.336594135683006357e+01 -3.531561288043248226e+01 2.861012105593661659e+01 -1.774429916104527933e+02 6.439054325498317155e+01 3.240466130835309855e+01 0.000000000000000000e+00 0.000000000000000000e+00 0.000000000000000000e+00 0.000000000000000000e+00 0.000000000000000000e+00 0.000000000000000000e+00 0.000000000000000000e+00 0.000000000000000000e+00 0.000000000000000000e+00 0.000000000000000000e+00 0.000000000000000000e+00 0.000000000000000000e+00 0.000000000000000000e+00 0.000000000000000000e+00 0.000000000000000000e+00 0.000000000000000000e+00 0.000000000000000000e+00 0.000000000000000000e+00 0.000000000000000000e+00 0.000000000000000000e+00 0.000000000000000000e+00 0.000000000000000000e+00 0.000000000000000000e+00 0.000000000000000000e+00 0.000000000000000000e+00 0.000000000000000000e+00 0.000000000000000000e+00 0.000000000000000000e+00 0.000000000000000000e+00 0.000000000000000000e+00 0.000000000000000000e+00 0.000000000000000000e+00 0.000000000000000000e+00 0.000000000000000000e+00 0.000000000000000000e+00 0.000000000000000000e+00 0.000000000000000000e+00 0.000000000000000000e+00 0.000000000000000000e+00 0.000000000000000000e+00 0.000000000000000000e+00 0.000000000000000000e+00 0.000000000000000000e+00
6.320763154439076104e+00 -7.768442436664379613e+00 7.776703924466548123e+00 1.243159721442461674e-01 9.818148556560965190e+00 -3.567866121535976376e+00 -5.420990465634849542e+00 -1.076470689199365083e+01 3.111303863521413149e+01 -1.746666070641867918e+01 1.156455106378446729e+01 -1.621857231379127597e+02 1.499353105059597979e+01 -1.329620696158989368e+01 -1.164059944337355823e+01 3.135357455868917214e+02 1.193892450186585386e+01 1.307146962532441670e+01 1.486966545668392925e+00 1.673224897436343639e+01 -1.071475414326139131e+00 3.325519645902846122e+01 2.911150921469314312e-01 -1.423782692554926932e+01 5.102141943626837417e+01 2.644639688973571268e+01 -1.745043314725127175e+03 1.813029426887550244e+01 -7.876734262665249453e+00 8.425515930471235038e+01 -1.192963612975867882e+01 -1.031141690701267422e+01 5.184284413705700700e+01 1.506566688002215493e+00 3.544905692377859907e+00 2.659745834261057951e+01 1.488247675703128792e+01 2.250624632586819018e+01 -5.322262073280902506e+00 2.451390965757720508e+01 -1.820209476497309797e+00 3.242267679430645977e+00 -3.415137132925155861e+00 -2.622132305037640165e+00 2.187363145559963584e+00 4.422868868088951189e+00 -1.920032334858763434e+01 -1.866583544905353520e+01 8.094418475002886026e+00 3.864798977673473956e+01 -3.309829687991170033e+01 -2.588677190530259509e+01 1.338351402844384275e+01 -2.938335262052262919e-01 -1.932959662976267268e+01 3.420449844876969081e+01 2.683448544024034987e+01 -1.525650244864747052e+01 0.000000000000000000e+00 0.000000000000000000e+00 0.000000000000000000e+00 0.000000000000000000e+00 0.000000000000000000e+00 0.000000000000000000e+00 0.000000000000000000e+00 0.000000000000000000e+00 0.000000000000000000e+00 0.000000000000000000e+00 0.000000000000000000e+00 0.000000000000000000e+00 0.000000000000000000e+00 0.000000000000000000e+00 0.000000000000000000e+00 0.000000000000000000e+00 0.000000000000000000e+00 0.000000000000000000e+00 0.000000000000000000e+00 0.000000000000000000e+00 0.000000000000000000e+00 0.000000000000000000e+00 0.000000000000000000e+00 0.000000000000000000e+00 0.000000000000000000e+00 0.000000000000000000e+00 0.000000000000000000e+00 0.000000000000000000e+00 0.000000000000000000e+00 0.000000000000000000e+00 0.000000000000000000e+00 0.000000000000000000e+00 0.000000000000000000e+00 0.000000000000000000e+00 0.000000000000000000e+00 0.000000000000000000e+00 0.000000000000000000e+00 0.000000000000000000e+00 0.000000000000000000e+00 0.000000000000000000e+00 0.000000000000000000e+00 0.000000000000000000e+00
1.667217114067484074e+00 4.650442624566165861e+00 -7.748530478149840306e+00 4.503693136965769561e+00 1.636255233460536829e+02 -7.082194806158020128e+01 1.478975413247709803e+01 1.243834753776936353e+01 -1.508542461111010269e+01 3.151619525160823443e+00 -3.198455835550316984e+00 5.311510382790804385e+01 -4.396237173534326637e+00 2.487210002399526498e+00 -1.299305746435334008e+01 3.514772324705521100e+02 3.418357974477304140e+01 5.533824419155349972e+01 4.820597860805672497e+01 1.449429399655359418e+02 4.019840803304410848e+00 3.642190960555288370e+01 -3.867709752109075083e+00 2.856316050788315408e+00 7.421759455531050875e+00 1.280575691461667631e+01 -8.476502240092819420e+02 4.714052688481662479e-01 7.353073154164042613e-01 5.687128845582001269e+00 -5.148042214791773041e+00 5.650878755541439702e-01 3.069667734023531214e+00 -4.611332958993267894e+00 -2.262893841428210706e-01 2.111595027298943439e+00 8.868231327640931028e+00 1.598136714443135276e+01 -1.361301440316975864e+00 1.484510369667220608e+01 -7.832036573460567475e+00 6.389117740601873408e+01 -5.243264856335941460e+01 2.247523469487283876e+01 6.720569962893472749e+00 -1.334945701920133310e+01 -1.110777251386350883e+01 1.430692718334978863e+01 8.001204286853099035e+00 5.369429265626475001e+01 -5.530613477901724906e+01 -3.897861198599802890e+01 8.465124972950386351e-01 1.239921750892461105e+01 -1.279273918359214406e+02 5.954122344486261653e+01 6.827878071320188269e+01 -2.446739813727457502e+01 1.979311954136168339e+01 0.000000000000000000e+00 0.000000000000000000e+00 0.000000000000000000e+00 0.000000000000000000e+00 0.000000000000000000e+00 0.000000000000000000e+00 0.000000000000000000e+00 0.000000000000000000e+00 0.000000000000000000e+00 0.000000000000000000e+00 0.000000000000000000e+00 0.000000000000000000e+00 0.000000000000000000e+00 0.000000000000000000e+00 0.000000000000000000e+00 0.000000000000000000e+00 0.000000000000000000e+00 0.000000000000000000e+00 0.000000000000000000e+00 0.000000000000000000e+00 0.000000000000000000e+00 0.000000000000000000e+00 0.000000000000000000e+00 0.000000000000000000e+00 0.000000000000000000e+00 0.000000000000000000e+00 0.000000000000000000e+00 0.000000000000000000e+00 0.000000000000000000e+00 0.000000000000000000e+00 0.000000000000000000e+00 0.000000000000000000e+00 0.000000000000000000e+00 0.000000000000000000e+00 0.000000000000000000e+00 0.000000000000000000e+00 0.000000000000000000e+00 0.000000000000000000e+00 0.000000000000000000e+00 0.000000000000000000e+00 0.000000000000000000e+00
6.275073632812423696e+00 -7.246238248411163596e+00 4.606947864782743096e+00 -6.022242684785084066e-02 6.180661015299568462e+00 -2.321883237650626874e+00 -7.074752269427321494e+00 -1.244956902504232765e+01 3.327351811026094452e+01 -2.931709609148992257e+01 1.628308917824110935e+01 -2.303643749167186456e+02 2.166276737073897962e+01 -5.157292228251991517e+00 5.734991476711579494e+00 -1.371114343283616392e+02 2.878971386384350950e+01 4.906730645998519691e+01 5.474709554228667230e+01 1.597003035230848695e+02 5.911865070188290439e+00 2.039153588030091058e+01 -3.973424471878896469e+00 1.102324746222166674e+01 -6.560055223320718554e+00 -4.219472003895509360e+00 2.688027952720225358e+02 1.482068672891212024e+00 -5.035139061024855422e+00 2.760531478215931500e+01 8.567837151391284323e-01 5.221801169109452800e+00 -2.467357385191234798e+01 2.123706612430193541e+00 -1.039186172779095152e+01 -3.921355888124652722e+01 7.465699242587160001e+00 1.943154122072283485e+01 1.171705989900761757e+01 3.583492246661611258e+00 7.751730208015363388e+00 -5.281046104275461772e+01 4.089818311961958130e+01 3.631097988303830348e+00 -5.568224760344619995e+00 -2.175332289480360615e-01 3.585074198777618903e+01 3.307010043293084323e+01 8.702213794148066839e+00 8.528660226656018040e+01 -5.954245796911062172e+01 -4.341879068231008887e+01 -7.919115358589778886e+00 9.960705824423051524e+00 -8.766482122344008587e+01 5.081195645452439891e+01 5.675862198630351685e+01 -3.976107204957705932e+01 3.767648271592780418e+01 1.916307523280548963e+01 0.000000000000000000e+00 0.000000000000000000e+00 0.000000000000000000e+00 0.000000000000000000e+00 0.000000000000000000e+00 0.000000000000000000e+00 0.000000000000000000e+00 0.000000000000000000e+00 0.000000000000000000e+00 0.000000000000000000e+00 0.000000000000000000e+00 0.000000000000000000e+00 0.000000000000000000e+00 0.000000000000000000e+00 0.000000000000000000e+00 0.000000000000000000e+00 0.000000000000000000e+00 0.000000000000000000e+00 0.000000000000000000e+00 0.000000000000000000e+00 0.000000000000000000e+00 0.000000000000000000e+00 0.000000000000000000e+00 0.000000000000000000e+00 0.000000000000000000e+00 0.000000000000000000e+00 0.000000000000000000e+00 0.000000000000000000e+00 0.000000000000000000e+00 0.000000000000000000e+00 0.000000000000000000e+00 0.000000000000000000e+00 0.000000000000000000e+00 0.000000000000000000e+00 0.000000000000000000e+00 0.000000000000000000e+00 0.000000000000000000e+00 0.000000000000000000e+00 0.000000000000000000e+00 0.000000000000000000e+00
7.321337393338922084e+00 -1.907357471938654569e+00 -8.896654029851715606e+00 -2.745644482878926596e+00 -1.090668388320406876e+02 4.163748923149306336e+01 -2.873333481947851098e+00 -9.460341837884413962e-01 -1.380999604622080312e+01 2.543965568338487415e+00 -3.061038992433173789e-01 -3.469750934802211972e+00 -4.228497976699188143e+00 -3.854887444768971605e+00 -1.584902414240685609e+01 4.305422405136670818e+02 2.962459553759893893e+01 4.733951756491811835e+01 1.818284076003861216e+01 3.969906780414474667e+01 -8.016690854699250579e+00 -8.534494488136238033e+01 1.906675979286421097e+01 -5.399006744451933315e+01 -4.269386886610993770e+01 -3.343993808642461829e+01 2.297107379244668209e+03 -2.253325811353619201e+01 -5.308880593097526024e+00 -6.972566341352132824e+00 -2.380347193963695673e+01 1.083592372926692171e+01 -3.760411711751164177e+01 -8.287435211623765952e+00 -8.017249341939386653e+00 -4.809972720473808749e+01 -4.565498519524627596e+00 2.811535194608839561e+01 1.657284495603725105e+01 1.718716493019328162e+00 2.485061560721968377e-01 -8.101944077687393886e+00 -3.213281953043273020e+00 7.345485223865703794e+00 4.285999017321881155e+00 6.014247948392996257e+00 -2.027956747773519197e+01 -1.122430818287054954e+01 1.210640220485979768e+01 6.241177554859436327e+01 -7.046933274111681555e+01 -5.584820549775112397e+01 3.419519268964379854e+00 1.763921896371699560e+01 -1.587444437208579302e+02 7.222522368742575338e+01 5.569473584912513786e+01 -7.289871348242339621e+00 -7.488040126202063718e+00 -1.061313188424762899e+01 -1.059636245763561035e+01 0.000000000000000000e+00 0.000000000000000000e+00 0.000000000000000000e+00 0.000000000000000000e+00 0.000000000000000000e+00 0.000000000000000000e+00 0.000000000000000000e+00 0.000000000000000000e+00 0.000000000000000000e+00 0.000000000000000000e+00 0.000000000000000000e+00 0.000000000000000000e+00 0.000000000000000000e+00 0.000000000000000000e+00 0.000000000000000000e+00 0.000000000000000000e+00 0.000000000000000000e+00 0.000000000000000000e+00 0.000000000000000000e+00 0.000000000000000000e+00 0.000000000000000000e+00 0.000000000000000000e+00 0.000000000000000000e+00 0.000000000000000000e+00 0.000000000000000000e+00 0.000000000000000000e+00 0.000000000000000000e+00 0.000000000000000000e+00 0.000000000000000000e+00 0.000000000000000000e+00 0.000000000000000000e+00 0.000000000000000000e+00 0.000000000000000000e+00 0.000000000000000000e+00 0.000000000000000000e+00 0.000000000000000000e+00 0.000000000000000000e+00 0.000000000000000000e+00 0.000000000000000000e+00
3.194221632030904701e+00 4.657290610368085559e+00 -1.508903968864902367e+01 6.764632779456543510e+00 2.423059047451805839e+02 -1.045702922922162514e+02 1.899290021471133372e+01 2.234635746995652639e+01 -3.594340708762025116e+01 2.907313880548822027e+01 -1.340612284008224009e+01 2.087696141923258892e+02 -2.424010981426553002e+01 -6.409342560451076753e-01 -2.109794588649156211e+01 5.465625066023973204e+02 -1.928097166765897796e+01 -3.402882384036819019e+01 -4.952341899797101377e+01 -1.330880617129172094e+02 -9.926389083916312472e+00 -1.041969440079374465e+01 1.773035862697480258e+00 -2.686269505842061278e+01 4.642676128249855338e+01 2.339444489933839577e+01 -1.548555960621750728e+03 1.078315215575859121e+01 -3.918933981161909053e+00 5.061105371895937566e+01 8.675270002462868391e+00 -5.982244350432857516e+00 1.802736265762539958e+01 1.861799418097038838e+01 -2.304505991683327260e+00 -1.186350768649424836e+01 -5.725885228164213636e-01 1.736432209190276765e+01 2.229353148165144205e+01 -2.547104341013915629e+01 7.066542802914730359e-01 5.608445156988824287e+00 -1.294343954833647725e-01 -1.755504155447744097e+01 -4.274482013039116346e+00 1.537097187076818905e+01 6.694281045045694434e+00 -3.223978510989041268e+01 -7.303047166318847871e+00 -6.569200540504375851e+01 5.083422098804818035e+01 2.249734959410795909e+01 6.066998929898099746e+00 -2.379022886499079448e+01 1.901984454140074945e+02 -9.126090749710476757e+01 -9.207385287484791547e+01 2.176584298068036460e+01 1.444141115891646621e+00 -1.606615988020271057e+00 2.810961329718877266e+01 2.581999273375401316e+01 0.000000000000000000e+00 0.000000000000000000e+00 0.000000000000000000e+00 0.000000000000000000e+00 0.000000000000000000e+00 0.000000000000000000e+00 0.000000000000000000e+00 0.000000000000000000e+00 0.000000000000000000e+00 0.000000000000000000e+00 0.000000000000000000e+00 0.000000000000000000e+00 0.000000000000000000e+00 0.000000000000000000e+00 0.000000000000000000e+00 0.000000000000000000e+00 0.000000000000000000e+00 0.000000000000000000e+00 0.000000000000000000e+00 0.000000000000000000e+00 0.000000000000000000e+00 0.000000000000000000e+00 0.000000000000000000e+00 0.000000000000000000e+00 0.000000000000000000e+00 0.000000000000000000e+00 0.000000000000000000e+00 0.000000000000000000e+00 0.000000000000000000e+00 0.000000000000000000e+00 0.000000000000000000e+00 0.000000000000000000e+00 0.000000000000000000e+00 0.000000000000000000e+00 0.000000000000000000e+00 0.000000000000000000e+00 0.000000000000000000e+00 0.000000000000000000e+00
4.965508416384230905e+00 -9.637206921259746650e-01 -1.032031582282227511e+01 1.521228352809494755e+00 5.785957256463613874e+01 -2.232401055217007979e+01 -3.434599593364599635e+00 -5.014028959596776858e+00 2.168959707620840049e+01 -1.154408865147844487e+01 1.061045022611346766e+01 -1.393138540298531893e+02 6.724713223550345731e+00 -1.390581963677576560e+01 -1.796449261344591264e+01 4.745644319765995078e+02 8.596508418363445259e+00 6.122121375708300839e+00 -1.980849687649169155e+01 -5.003615625302281700e+01 -1.982563882678695322e+00 9.732399930998269610e+00 6.070138490404159981e+00 -2.945634990277611109e+01 3.564499944625025307e+01 3.128973260147573399e+01 -2.037471612383307956e+03 1.546640253541571752e+01 -1.142543520413025249e+01 1.097906520420094267e+02 -9.952652237737023455e+00 -2.136771600327973530e+00 1.131986390981278667e+01 1.065275872938516244e+01 -2.697103779741991758e+01 -1.488284671265126349e+02 1.091332139076056507e+01 1.690800961902730251e+02 1.006905935368780263e+02 6.581715455985136742e+00 -9.992163826377343128e+00 4.375244138041168185e+01 -3.717908068508656072e+01 -4.015116178271169289e+00 6.131032743848843225e-01 5.009301604480240755e+00 -2.010353237166587803e+01 -2.126922962429479824e+01 1.647908947521525391e+01 9.177184480160859437e+01 -9.905378116167464952e+01 -5.326816572180535303e+01 -1.047530509036261215e+01 1.064593195642695100e+01 -7.339430834675482629e+01 4.102343959653705951e+01 2.880631905510868052e+01 -1.107622441480481612e+01 -1.543337463541349308e+01 3.256407522118013986e+00 -8.968122160884650640e-02 -2.317507448120627345e+01 -5.548018756275024543e+01 0.000000000000000000e+00 0.000000000000000000e+00 0.000000000000000000e+00 0.000000000000000000e+00 0.000000000000000000e+00 0.000000000000000000e+00 0.000000000000000000e+00 0.000000000000000000e+00 0.000000000000000000e+00 0.000000000000000000e+00 0.000000000000000000e+00 0.000000000000000000e+00 0.000000000000000000e+00 0.000000000000000000e+00 0.000000000000000000e+00 0.000000000000000000e+00 0.000000000000000000e+00 0.000000000000000000e+00 0.000000000000000000e+00 0.000000000000000000e+00 0.000000000000000000e+00 0.000000000000000000e+00 0.000000000000000000e+00 0.000000000000000000e+00 0.000000000000000000e+00 0.000000000000000000e+00 0.000000000000000000e+00 0.000000000000000000e+00 0.000000000000000000e+00 0.000000000000000000e+00 0.000000000000000000e+00 0.000000000000000000e+00 0.000000000000000000e+00 0.000000000000000000e+00 0.000000000000000000e+00 0.000000000000000000e+00 0.000000000000000000e+00
7.116094588617983163e+00 -5.680276177004152771e+00 7.108058184526218071e-01 1.646402543417916142e+00 6.054047699087229262e+01 -2.415736791476543033e+01 5.391309795924307480e+00 1.887882114657198684e+00 -2.868903173098507065e-01 -6.727677292242097984e-01 -3.214274772262855073e+00 3.206659579916939862e+01 -7.545253588947218759e+00 1.039360149777860798e+01 1.061174415218730083e+01 -2.823951939348668247e+02 5.580872434059751086e+00 1.258991045253098662e+01 2.720742706088633867e+01 6.755694152946888664e+01 2.054717557055270660e+01 8.187719550929821821e+01 -1.330294901945995711e+01 4.250042777620102186e+01 -1.579076264044190658e+01 2.487161323875406449e+00 -2.003103482322783009e+02 -3.545085495239209017e+00 5.962913512923021742e+00 -2.372434252212608996e+01 9.633452312194080491e+00 1.735034585287670517e+00 -4.685829638471005865e+00 -4.420561979313166745e+00 -4.165805768896806427e+00 -2.192453566823299127e+01 2.125200310907764845e+01 6.934483348586658735e+01 5.025584963826677409e+01 2.829855586635742881e+00 -2.049642856987626161e+00 -5.887481753258807515e+00 3.977799900196481442e+00 7.978616936532060500e+00 9.961580614959604230e-01 -4.028053533282140108e+00 -5.076610517335401696e+00 9.521139846805123597e+00 9.141288040113954239e+00 7.547779872746862395e+01 -5.080686296049305639e+01 -1.086527615262609459e+01 1.379461947089521523e+00 -4.861841252931601076e+00 4.400619579238942691e+01 -4.810081022181650567e+00 -2.520021597797748925e+00 -1.676281680741932689e+01 7.382634193233551301e+00 1.137331501109754228e+01 -3.204092546346561932e+00 1.470429760234646110e+00 -5.404425633889596625e+00 9.176251930791204714e+00 0.000000000000000000e+00 0.000000000000000000e+00 0.000000000000000000e+00 0.000000000000000000e+00 0.000000000000000000e+00 0.000000000000000000e+00 0.000000000000000000e+00 0.000000000000000000e+00 0.000000000000000000e+00 0.000000000000000000e+00 0.000000000000000000e+00 0.000000000000000000e+00 0.000000000000000000e+00 0.000000000000000000e+00 0.000000000000000000e+00 0.000000000000000000e+00 0.000000000000000000e+00 0.000000000000000000e+00 0.000000000000000000e+00 0.000000000000000000e+00 0.000000000000000000e+00 0.000000000000000000e+00 0.000000000000000000e+00 0.000000000000000000e+00 0.000000000000000000e+00 0.000000000000000000e+00 0.000000000000000000e+00 0.000000000000000000e+00 0.000000000000000000e+00 0.000000000000000000e+00 0.000000000000000000e+00 0.000000000000000000e+00 0.000000000000000000e+00 0.000000000000000000e+00 0.000000000000000000e+00 0.000000000000000000e+00
4.305924388858141327e+00 -1.410244006758105684e+00 -8.642202126483923053e+00 7.359510356988113955e+00 2.807009397980382914e+02 -1.098361605196110133e+02 1.305820183810765833e+01 8.139328301987202252e+00 2.485769794446250458e+01 -1.924911690956361454e+01 5.972273583727071511e+00 -9.342296633028466601e+01 1.139932062963363890e+01 1.140419134337368234e+01 3.701355309012462413e+01 -9.791202409782795257e+02 -9.557849071250426931e+00 -2.066678828438526594e+01 -1.849151211388931770e+01 -5.817207780979094167e+01 4.652404764559888939e+00 1.094797546523629528e+01 -2.187241674023009175e+00 2.888336224953908982e+01 -8.945173510773841485e+00 -3.819947920147187759e+00 2.262045290008327925e+02 5.508125091941953322e+00 1.285215746319532570e+01 -9.776286600422518802e+01 1.061499193412802811e+01 -5.171252141914592926e-01 -1.113020497094417749e+00 -8.386117141467343217e+00 1.222949153131488487e+01 6.730374708078113599e+01 -3.952205262690085874e+00 -7.188113814975233140e+01 -4.004635980960203057e+01 -5.767189538855022946e+00 8.556906605712734759e+00 -5.497526076437779352e+01 5.120119258382220551e+01 -6.367555985048099387e+00 -3.275628584690426059e+00 -2.878926504545395559e+00 1.455749669664299262e+01 1.854788829200539624e+01 8.791767431560906232e-01 3.100998418627213837e+01 1.188419870305885695e-01 1.229622260432341108e+01 -1.204141784167118523e+01 1.663241513081464396e+00 1.354703708131838980e+01 5.942187448506802028e+00 9.202261683077491483e+00 -1.284887260353520588e+01 3.748716290122708017e+00 5.614474699585302986e+00 1.578622631369105633e+00 -3.941834374053394541e+00 -2.136599519106028922e+01 1.094835308544669417e+01 8.557670191020893213e+00 0.000000000000000000e+00 0.000000000000000000e+00 0.000000000000000000e+00 0.000000000000000000e+00 0.000000000000000000e+00 0.000000000000000000e+00 0.000000000000000000e+00 0.000000000000000000e+00 0.000000000000000000e+00 0.000000000000000000e+00 0.000000000000000000e+00 0.000000000000000000e+00 0.000000000000000000e+00 0.000000000000000000e+00 0.000000000000000000e+00 0.000000000000000000e+00 0.000000000000000000e+00 0.000000000000000000e+00 0.000000000000000000e+00 0.000000000000000000e+00 0.000000000000000000e+00 0.000000000000000000e+00 0.000000000000000000e+00 0.000000000000000000e+00 0.000000000000000000e+00 0.000000000000000000e+00 0.000000000000000000e+00 0.000000000000000000e+00 0.000000000000000000e+00 0.000000000000000000e+00 0.000000000000000000e+00 0.000000000000000000e+00 0.000000000000000000e+00 0.000000000000000000e+00 0.000000000000000000e+00
8.070873549885970277e+00 -5.669639073911393545e+00 -6.408265292026285032e+00 4.715054057412868538e+00 1.731744728659352575e+02 -7.346378848846502763e+01 1.310096463823133206e+01 1.288032536054731381e+01 -1.456851132787933167e+01 8.236334024967723266e+00 -3.551099215241583007e+00 5.432079756249457603e+01 -5.161364062836083733e+00 5.386849536591317822e+00 9.455097441813640202e+00 -2.590764063206484593e+02 -1.301845836455545324e+01 -2.177022467575514142e+01 -1.644945584433099484e+01 -4.302101384912332094e+01 3.243819554282844742e+00 3.847998818001524057e+01 4.580777050202852863e+00 -1.316254922863980426e+01 1.680831723674300093e+01 7.681721625628075145e+00 -4.864904708614212723e+02 8.363721649451823836e+00 -4.347011742325184613e+00 2.012242244874099129e+01 -1.251507344980247538e+01 6.546986104136388818e+00 -3.245076069469165247e+01 1.137496501048886799e+01 -1.927460870843103180e+01 -1.105416928233801173e+02 3.170956094814371351e+00 1.068704161487616773e+02 8.158967758369348644e+01 -2.467960074086275313e+01 4.779573173603575142e-01 -1.439838495809748586e+01 6.952873447196001422e+00 5.573989525601882100e+00 1.041277705450054469e+01 -7.438080559665619873e+00 -4.294241745046670644e+01 -1.957179101063117876e+00 -6.779737811440709194e-01 -3.500754103944447859e+00 5.662442886922363527e+00 8.986206672598832768e+00 -2.694730850984572257e+01 3.126661077150946433e+00 2.236183135055882509e+00 -1.964291626599630547e+01 -1.468944522024277610e+01 2.173881862361414008e+00 1.142041984692844636e+01 2.461382018006928973e+01 -2.854948267721600530e+01 3.691255471811008881e+00 7.062512046323455195e+01 -3.239152021674483350e+00 1.060697461187939616e+00 1.854704081775143720e+01 0.000000000000000000e+00 0.000000000000000000e+00 0.000000000000000000e+00 0.000000000000000000e+00 0.000000000000000000e+00 0.000000000000000000e+00 0.000000000000000000e+00 0.000000000000000000e+00 0.000000000000000000e+00 0.000000000000000000e+00 0.000000000000000000e+00 0.000000000000000000e+00 0.000000000000000000e+00 0.000000000000000000e+00 0.000000000000000000e+00 0.000000000000000000e+00 0.000000000000000000e+00 0.000000000000000000e+00 0.000000000000000000e+00 0.000000000000000000e+00 0.000000000000000000e+00 0.000000000000000000e+00 0.000000000000000000e+00 0.000000000000000000e+00 0.000000000000000000e+00 0.000000000000000000e+00 0.000000000000000000e+00 0.000000000000000000e+00 0.000000000000000000e+00 0.000000000000000000e+00 0.000000000000000000e+00 0.000000000000000000e+00 0.000000000000000000e+00 0.000000000000000000e+00
6.651510276162650115e+00 -4.530555448867312762e+00 -5.771340665870337894e+00 5.828508800952450386e+00 2.161825085860290017e+02 -9.102327404556504575e+01 1.742397549883011010e+01 1.211714272331185072e+01 3.992369386257234254e+00 -8.647612502555393377e+00 1.019365457396870589e+01 -1.414677438113902497e+02 1.053034485238067042e+01 -8.977461030649365625e+00 -7.176888124269124702e+00 1.861022152081675358e+02 6.399398927724046615e+00 9.759610245271945761e-01 -1.484279393295106253e+01 -2.856457623724264039e+01 8.256192104624560102e-01 5.427297850547633828e+01 -5.563679555024574341e-01 -4.762656618001859243e+00 4.389452146819471068e+01 3.488654236679229115e+01 -2.300193063348390751e+03 3.399803564930982702e+01 -1.814314323072003532e+01 1.522455055733510676e+02 -1.520226973167604179e+01 -1.100234804251451592e+00 -7.445323041658613583e+00 2.896625557667483974e+01 -2.113901415282302310e+01 -1.180446138772906011e+02 -1.024671854480823896e+01 6.855392486916608163e+01 7.304242300073036631e+01 -3.049037385456892224e+01 -6.807567921406883826e+00 3.627052565486214775e+01 -4.807221183206773674e+01 -8.874075524134885651e-01 2.226693068106300188e+01 -7.203221951691826774e+00 -9.178581697531011230e+01 -5.828766959778198498e+01 8.344412123392203284e+00 1.857028721379102265e+01 -4.492195885621167406e+01 -3.836432450378358539e+01 1.572263822985152881e+00 -8.362539128291256674e+00 3.599277355380289833e+01 -3.432361537053995448e+01 -3.182218974069120421e+01 1.833229615596525974e+01 1.055032419334689386e+01 8.678887737350075682e+00 -2.334725914892746168e+00 4.520620842054446697e+00 4.410072978630984863e+01 -1.409785600160041952e+01 8.186453519063190853e+00 3.328578078721927902e+00 3.806402691217374468e+01 0.000000000000000000e+00 0.000000000000000000e+00 0.000000000000000000e+00 0.000000000000000000e+00 0.000000000000000000e+00 0.000000000000000000e+00 0.000000000000000000e+00 0.000000000000000000e+00 0.000000000000000000e+00 0.000000000000000000e+00 0.000000000000000000e+00 0.000000000000000000e+00 0.000000000000000000e+00 0.000000000000000000e+00 0.000000000000000000e+00 0.000000000000000000e+00 0.000000000000000000e+00 0.000000000000000000e+00 0.000000000000000000e+00 0.000000000000000000e+00 0.000000000000000000e+00 0.000000000000000000e+00 0.000000000000000000e+00 0.000000000000000000e+00 0.000000000000000000e+00 0.000000000000000000e+00 0.000000000000000000e+00 0.000000000000000000e+00 0.000000000000000000e+00 0.000000000000000000e+00 0.000000000000000000e+00 0.000000000000000000e+00 0.000000000000000000e+00
5.162211327036637876e+00 -8.431457266757638180e-01 -3.719568114437210582e+00 5.117592725862640357e+00 1.852786118967122775e+02 -8.612628030795592338e+01 1.238365122420353437e+01 6.685456250785218657e+00 1.958747179673157035e+00 7.448319675115484984e+00 -8.301302004648652755e+00 1.255516717114081757e+02 -3.244835577847592134e+00 8.248604675217109161e+00 1.301844790468288338e+01 -3.504593424276869769e+02 -2.756003589579759350e+01 -4.606352530886296393e+01 -2.922096334687316954e+01 -8.533833901558098489e+01 -3.985656817104077376e-01 -2.366609889946305501e+00 -6.637478539361435281e+00 2.524608737624781440e+01 2.272233493473305721e+00 -5.511149389187384173e+00 3.279467847690044664e+02 1.358346860954069690e+01 6.336304605228258779e+00 -4.082251904445352864e+01 2.428835089219726484e+01 -8.587695953924392001e+00 2.663202679911276505e+01 -3.580032018728912302e+00 2.485495186793361455e+01 1.274400457517421614e+02 -2.098738429142630579e+01 -1.562415475830245271e+02 -9.096167034139210728e+01 -3.361231273582736101e+00 -1.059269452812436718e+01 9.150083848972008127e+01 -9.014428025413791090e+01 2.242800398663141692e+01 1.048904729912285561e+01 -6.917682649136739137e+00 -3.112685320359861407e+01 -7.571402146865061411e+00 1.976985070673073608e+01 1.065173821118625597e+02 -1.426702186289719236e+02 -6.633830989162896685e+01 -1.842342967083893157e+01 2.057133686156076990e+01 -1.509810127265023993e+02 4.986990049490248111e+01 5.094138192479115190e+01 5.415730092807440776e+00 -4.628380727866341360e-01 1.788569034797314217e+00 -2.947119035799839182e+01 -2.301494691448269236e+01 3.754360383403816570e+01 -1.609508362265534132e+01 1.195547954525133427e+01 2.744956267751642365e+00 4.121608761024055667e+01 -2.177376414309265584e+01 0.000000000000000000e+00 0.000000000000000000e+00 0.000000000000000000e+00 0.000000000000000000e+00 0.000000000000000000e+00 0.000000000000000000e+00 0.000000000000000000e+00 0.000000000000000000e+00 0.000000000000000000e+00 0.000000000000000000e+00 0.000000000000000000e+00 0.000000000000000000e+00 0.000000000000000000e+00 0.000000000000000000e+00 0.000000000000000000e+00 0.000000000000000000e+00 0.000000000000000000e+00 0.000000000000000000e+00 0.000000000000000000e+00 0.000000000000000000e+00 0.000000000000000000e+00 0.000000000000000000e+00 0.000000000000000000e+00 0.000000000000000000e+00 0.000000000000000000e+00 0.000000000000000000e+00 0.000000000000000000e+00 0.000000000000000000e+00 0.000000000000000000e+00 0.000000000000000000e+00 0.000000000000000000e+00 0.000000000000000000e+00
3.403564030685874986e+00 4.861743854385967012e+00 -1.915680351092831657e+01 8.679805670166288678e+00 3.201905242403045690e+02 -1.359211906620855927e+02 2.043675412550475201e+01 2.206342356180958220e+01 -1.876479402799780516e+01 1.022233294074536758e+01 -4.451224117034605854e+00 8.169002716985015411e+01 -6.874621446294954197e+00 1.774200400080180984e+00 -5.420838185735068038e+00 1.378790622382516631e+02 -6.531054610879076350e+00 -6.768472031728627769e+00 -2.573435923979332962e+00 -7.060064629185068164e+00 -1.170938751221471463e+01 -6.965520893583445172e+01 1.194148932631317805e+01 -3.270301189055334135e+01 -9.029216618295663466e+00 -1.292224505282711711e+01 9.040521980612919606e+02 -4.573451359628555757e+00 -9.155342012634893223e+00 3.382394954540531273e+01 -1.382684976255294629e+01 1.048727156355850099e+01 -4.976547255108033596e+01 7.407797131971054050e+00 -2.523004890762370422e+01 -1.398393015512999114e+02 -6.711848034290394338e+00 1.003554879701839013e+02 6.493401138841846887e+01 -1.371058134109381221e+01 1.610652970304192078e+00 -1.897465468177376025e+01 1.024867851500211913e+01 2.585453209481101133e+00 -2.143808713474832928e+00 5.244738529320526865e+00 4.982442720191721186e+00 9.276103355171979814e+00 1.474069219349481763e+00 9.462221132114583710e+00 -6.532791345210091194e+00 -5.920042829893787939e+00 -2.138485018952783889e+01 1.154462580765914659e+01 -6.447263517595484927e+01 3.335525328860995131e+01 3.136339639797905932e+01 -1.745456894322521180e+01 1.512051035846442026e+01 9.202728620988347430e+00 -6.384869473566881837e+00 -1.069350974081761940e+00 2.437786428780065684e+00 -1.484375734343897690e+00 1.221285542724884365e+01 7.216818090851816692e+00 9.696905946576661606e+00 -1.054388414472489366e+01 1.571432047193445669e+01 0.000000000000000000e+00 0.000000000000000000e+00 0.000000000000000000e+00 0.000000000000000000e+00 0.000000000000000000e+00 0.000000000000000000e+00 0.000000000000000000e+00 0.000000000000000000e+00 0.000000000000000000e+00 0.000000000000000000e+00 0.000000000000000000e+00 0.000000000000000000e+00 0.000000000000000000e+00 0.000000000000000000e+00 0.000000000000000000e+00 0.000000000000000000e+00 0.000000000000000000e+00 0.000000000000000000e+00 0.000000000000000000e+00 0.000000000000000000e+00 0.000000000000000000e+00 0.000000000000000000e+00 0.000000000000000000e+00 0.000000000000000000e+00 0.000000000000000000e+00 0.000000000000000000e+00 0.000000000000000000e+00 0.000000000000000000e+00 0.000000000000000000e+00 0.000000000000000000e+00 0.000000000000000000e+00
2.464729180600622183e-01 8.090297992342641464e+00 -1.628807202954093114e+01 9.001919632979399566e+00 3.359099743746493800e+02 -1.358116264552281507e+02 1.667723725932194156e+01 2.072882111724012333e+01 -1.361663861777810247e+01 6.761930754695377743e+00 -6.283081424210585908e+00 1.102225227970171204e+02 9.088415932782698547e-01 4.045147231504773622e+00 -3.192577574908271654e+00 9.413210087315475505e+01 1.994689192140142353e+01 2.507020067970717747e+01 -3.276641201407981541e-01 -5.640907016481931713e+00 -1.359882786803540355e+00 -2.848757831362392068e+01 3.736560771130699621e+00 -1.416674496022884355e+01 -7.718471435486665477e+00 -6.430794221659914101e+00 4.411580630658034465e+02 -2.192837417483520568e+00 -2.481344077251373292e+00 2.190808322804829622e+00 -2.150577764666016023e+00 3.511683889168335071e+00 -2.151924256770720945e+01 7.487060819081333030e+00 4.968305806561851945e+00 3.333556313635852320e+01 -7.835809065114722749e+00 -5.962828127358363162e+01 -2.451823268769900466e+01 -2.616834432083968665e+01 4.333329035471344071e+00 -6.758931076202014943e+00 4.610411292167533759e+00 8.460390566212474539e+00 3.824278872279108121e+00 1.533854028894365840e+00 -1.099589562645101992e+01 4.402703654054266558e+00 -1.401518037353010548e+01 -8.918787859083597880e+01 9.294418661951428362e+01 4.568056102729475754e+01 5.086351266205489274e+00 -9.010128601267791026e+00 5.428828105268082993e+01 -3.843646368436789373e+01 -3.024404482960016693e+01 1.912213270456200931e+01 7.973547847518700493e+00 -3.497693320754158286e-01 -2.193110943763563725e+01 4.208625336433143360e+01 1.171883990644706870e+02 -4.492753288176652759e+00 -2.810428338628759803e+01 -1.282406062898850152e+01 4.860036943801231502e+01 7.010179530358625755e+01 2.095383837146195205e+01 -5.682788896181310889e+01 0.000000000000000000e+00 0.000000000000000000e+00 0.000000000000000000e+00 0.000000000000000000e+00 0.000000000000000000e+00 0.000000000000000000e+00 0.000000000000000000e+00 0.000000000000000000e+00 0.000000000000000000e+00 0.000000000000000000e+00 0.000000000000000000e+00 0.000000000000000000e+00 0.000000000000000000e+00 0.000000000000000000e+00 0.000000000000000000e+00 0.000000000000000000e+00 0.000000000000000000e+00 0.000000000000000000e+00 0.000000000000000000e+00 0.000000000000000000e+00 0.000000000000000000e+00 0.000000000000000000e+00 0.000000000000000000e+00 0.000000000000000000e+00 0.000000000000000000e+00 0.000000000000000000e+00 0.000000000000000000e+00 0.000000000000000000e+00 0.000000000000000000e+00 0.000000000000000000e+00
5.787085475994153683e+00 3.380109785311873338e-01 -1.642567527298631092e+01 7.766038516159673222e+00 2.828194805214620260e+02 -1.250190079115855326e+02 1.904940241403386736e+01 1.186064762430331854e+01 5.999177274550950845e-01 7.353361037690670621e+00 3.321781972687311679e+00 -3.207930603111965695e+01 -1.148626117892749043e+01 3.344283682793733892e+00 9.130026977413521649e+00 -2.773647241101743361e+02 -4.800998938397125215e+01 -7.098235618356360987e+01 -3.649329684759801040e+01 -9.599225148035846189e+01 6.013639463219115910e+00 6.870999890038915225e+01 -7.733551963273860963e+00 1.568328394341096477e+01 3.902677969208718878e+01 3.838056292772620282e+01 -2.543495007442772931e+03 3.912981249118905680e+01 -1.637077440480045354e+01 1.541579084515275326e+02 -8.154696752102767121e+00 -1.383708037944029279e+01 5.471227958559663307e+01 1.914997675745742356e+01 -4.964334469500832014e+00 -2.846305959184290302e+00 -3.393082904668308863e+00 -2.117790048437655059e+01 -2.384869518163391788e+01 -1.394658688298778593e+00 2.121604612796162570e+01 -1.555816591043000869e+02 1.640084009642022522e+02 -4.863104592955397010e+01 7.108180778007233691e+00 3.459056834862150254e+01 -8.104312012827354295e+01 -9.814594202199037909e+01 -1.668992859174908139e+00 -8.631408882159362861e+01 4.430509145831877760e+01 2.382725471364531700e+01 4.652671199925219980e+01 -2.311936793882123453e+01 1.607527224589518653e+02 -4.902841775113725475e+01 -5.067710477245380218e+01 5.429974600997832468e+00 -7.605130685378580502e-02 1.533737277938878041e+00 4.380624802001844564e+00 1.468830015954834067e+01 1.625880371416807435e+01 5.904599378851387748e+00 1.810191620820118530e+00 5.060714266877639922e+00 -1.374896121681155492e+01 -1.714634090890633900e+01 -2.346927507758381992e+01 -3.891770986815057398e+00 1.058091899210464071e+01 0.000000000000000000e+00 0.000000000000000000e+00 0.000000000000000000e+00 0.000000000000000000e+00 0.000000000000000000e+00 0.000000000000000000e+00 0.000000000000000000e+00 0.000000000000000000e+00 0.000000000000000000e+00 0.000000000000000000e+00 0.000000000000000000e+00 0.000000000000000000e+00 0.000000000000000000e+00 0.000000000000000000e+00 0.000000000000000000e+00 0.000000000000000000e+00 0.000000000000000000e+00 0.000000000000000000e+00 0.000000000000000000e+00 0.000000000000000000e+00 0.000000000000000000e+00 0.000000000000000000e+00 0.000000000000000000e+00 0.000000000000000000e+00 0.000000000000000000e+00 0.000000000000000000e+00 0.000000000000000000e+00 0.000000000000000000e+00 0.000000000000000000e+00
3.237709489829774245e+00 3.585521084033729267e+00 -1.466893728733582591e+01 2.167895970388508786e+00 7.827182648977343149e+01 -3.549132115231046214e+01 3.429670096647435606e+00 5.576105296539275002e+00 -3.110413664994318594e+00 -9.563665249295159043e-01 -1.570887273719931088e+00 2.844080984828126901e+01 4.820466958635485355e-01 -1.014698328265751126e+00 1.083775334430393755e+00 -2.671794230126663194e+01 -4.139677645349046031e+00 -7.528532221170550542e+00 -1.259717602369138945e+01 -3.702604481082593679e+01 -1.462274436173988512e+01 -8.778092104749001123e+01 1.580700865097852770e+01 -4.499785206725589859e+01 -3.545618505148231847e+00 -2.030137170296718097e+01 1.396956080676809052e+03 -1.341629864311194353e+01 4.489972523081355860e+00 -5.680869473581078211e+01 -2.280423759995970912e+00 -4.385708804188919174e+00 1.992549801623496464e+01 -1.349504756709265330e+01 2.319822573298983315e+01 1.055201696082335872e+02 -2.977550186090972062e+01 -1.353022202358042421e+02 -9.116628257944697111e+01 1.232462567971172263e+00 -1.856147816962892882e+00 2.715310490547956945e+01 -2.946717550974251054e+01 5.259544887991371986e+00 7.544718571125255124e+00 2.243502264597337614e+01 -3.375728216769189771e+01 -5.893484507174722609e+01 2.615194389249480622e+01 1.070373335172142788e+02 -1.606925255381244142e+02 -9.671085347572957858e+01 2.854882886423794019e+01 5.221605686493570708e+00 -8.186098264387919698e+01 3.676921860951296850e+01 2.331890516520725498e+01 1.480099189026788942e+01 -2.070526659374925771e+01 -2.378778247929178136e+01 -8.766941947273867441e+00 -5.692686212490807307e+00 1.910704331317791826e-01 -8.907371607079401343e+00 1.301036496589310865e+01 -5.578579436217728116e+00 4.110877630181292375e+01 -8.161129280216568915e+00 1.039691036685623970e+01 -2.091668480662289653e+01 3.495586667095492484e+00 -6.330856211537341238e+00 0.000000000000000000e+00 0.000000000000000000e+00 0.000000000000000000e+00 0.000000000000000000e+00 0.000000000000000000e+00 0.000000000000000000e+00 0.000000000000000000e+00 0.000000000000000000e+00 0.000000000000000000e+00 0.000000000000000000e+00 0.000000000000000000e+00 0.000000000000000000e+00 0.000000000000000000e+00 0.000000000000000000e+00 0.000000000000000000e+00 0.000000000000000000e+00 0.000000000000000000e+00 0.000000000000000000e+00 0.000000000000000000e+00 0.000000000000000000e+00 0.000000000000000000e+00 0.000000000000000000e+00 0.000000000000000000e+00 0.000000000000000000e+00 0.000000000000000000e+00 0.000000000000000000e+00 0.000000000000000000e+00 0.000000000000000000e+00
5.490983121059543670e+00 -1.285509225934739597e+00 -6.885562439189791384e+00 -1.380595667357262579e+00 -6.019340409499160671e+01 1.648961009662382793e+01 1.211808879560061669e+00 -1.703461387102843894e+00 -4.968788189959220780e+00 1.003088000830836890e+01 -5.805136198456779972e+00 8.295353895848421644e+01 -8.714768680683418367e+00 3.668327188686405282e+00 4.625116886148797235e+00 -1.358705378896222555e+02 -2.043661514731191531e+01 -2.849447659042284187e+01 -1.371687041792921669e+00 -4.735420545531789038e+00 8.362759364003618856e+00 4.687516515337631517e+01 -5.929010813119802492e+00 3.110998052138684500e+01 -2.961172152413746872e+00 2.111968255175197484e+01 -1.397016044552935000e+03 2.101301430416822669e+01 -9.322805904126688858e+00 8.788759224734579334e+01 -1.462236667126990142e+01 -3.875464855545528664e+00 1.790687718944210260e+01 2.498210739230302124e+00 -9.588782173232024419e+00 -5.076536512325861850e+01 -3.276079768384109414e+00 3.764763943681602143e+01 1.420387837846573831e+01 9.821402317753861411e+00 -4.693121544951649682e+00 2.276056308765157610e+01 -1.345433923116706154e+01 -3.256605201515070380e+00 1.403580072300051285e+01 1.393873293744709585e-01 -7.679082189146021165e+01 -3.613346872556266476e+01 4.081121417282641772e+00 -4.085857481189631990e+00 -6.037516912608735353e+00 -1.186519605704170388e+01 1.530697689191454103e+01 9.188468799686209110e-01 -4.429818915401681778e+01 1.709364891467292580e+01 3.111418392666116262e+01 -5.486955392251878116e+00 1.234034325393381692e+01 1.480470888832827825e+01 -1.371710096395489131e+01 -3.106522158358049879e+01 -8.174232315323024523e+00 -7.235194366951061440e+00 3.367429344808130764e+01 1.990210224912483028e+01 7.866029790638324748e+00 -5.411441568233040300e+01 -5.943951200660137602e+00 2.540423545956678808e+01 -2.345830225956507320e+01 -4.860414538161009546e+00 6.984797278502641404e+01 0.000000000000000000e+00 0.000000000000000000e+00 0.000000000000000000e+00 0.000000000000000000e+00 0.000000000000000000e+00 0.000000000000000000e+00 0.000000000000000000e+00 0.000000000000000000e+00 0.000000000000000000e+00 0.000000000000000000e+00 0.000000000000000000e+00 0.000000000000000000e+00 0.000000000000000000e+00 0.000000000000000000e+00 0.000000000000000000e+00 0.000000000000000000e+00 0.000000000000000000e+00 0.000000000000000000e+00 0.000000000000000000e+00 0.000000000000000000e+00 0.000000000000000000e+00 0.000000000000000000e+00 0.000000000000000000e+00 0.000000000000000000e+00 0.000000000000000000e+00 0.000000000000000000e+00 0.000000000000000000e+00
6.852867911238478271e+00 -2.325174457732280153e+00 -8.762056112282195386e+00 4.977654431241919752e+00 1.826282748820356403e+02 -8.162754137961208301e+01 5.923234505464721522e+00 -1.446009538363460356e+00 2.561921139806146286e+01 -9.765760390128006563e+00 1.247396053155972240e+01 -1.585278456065182695e+02 3.550594508019276674e+00 -1.034021492485054594e+01 -9.123888862079875040e+00 2.261216407276158975e+02 -9.482911398877369891e+00 -1.182901913007360228e+01 -4.421573997050476379e-02 1.604246721723538727e+01 -2.404410234081999498e+00 4.374227487694093952e+01 -4.687335082044110202e+00 2.486023886543366146e+00 4.970389710726570343e+01 2.857817480974585322e+01 -1.922146652352939100e+03 1.790613261219215246e+01 -1.127757392282549809e+01 1.047435090837047653e+02 -9.554257809883662134e+00 -1.218978375657490787e+00 5.237792155572629227e-01 2.423977871824217090e+01 -2.751675964973015098e+01 -1.423384976255544530e+02 1.723565687669309199e+01 1.511504791932757428e+02 1.073049128086094299e+02 7.201618099662674410e-01 -5.565249366585996782e+00 1.090053282205748530e+01 -2.996306107747333414e+01 3.587651617374325141e+00 -9.663626247944774761e+00 -1.205720861452263826e+01 5.566887054298560145e+01 3.819591573805690388e+01 4.062267030440899873e+00 6.135261185131717099e+01 -6.040270851021210063e+01 -1.581795855135131390e+01 -3.868190063329695505e+01 9.851657433001893338e+00 -1.439751218785034759e+01 -1.018394595654960355e+01 -1.779866879050078765e+01 -1.220864381199264947e+01 2.126996750243464973e+01 2.469636043234655887e+01 -6.313472932691770900e+00 6.548082607599193139e+00 2.449571442103686181e+01 8.277529572278023551e+00 -5.907459608797513084e+00 1.345867774663521921e+01 -5.200606082962187315e+01 -2.819097452384510660e+01 -2.839692276969794449e+01 3.997925405178646230e+01 -9.419272912244977647e+00 1.703360900158579838e+01 4.925067326688955660e+01 2.392063091720091705e+01 0.000000000000000000e+00 0.000000000000000000e+00 0.000000000000000000e+00 0.000000000000000000e+00 0.000000000000000000e+00 0.000000000000000000e+00 0.000000000000000000e+00 0.000000000000000000e+00 0.000000000000000000e+00 0.000000000000000000e+00 0.000000000000000000e+00 0.000000000000000000e+00 0.000000000000000000e+00 0.000000000000000000e+00 0.000000000000000000e+00 0.000000000000000000e+00 0.000000000000000000e+00 0.000000000000000000e+00 0.000000000000000000e+00 0.000000000000000000e+00 0.000000000000000000e+00 0.000000000000000000e+00 0.000000000000000000e+00 0.000000000000000000e+00 0.000000000000000000e+00 0.000000000000000000e+00
5.694175457087212955e+00 -5.242297957151827781e+00 -1.531302500474176043e+00 7.361573075578337289e+00 2.841845369246386213e+02 -1.111948928452449934e+02 7.643942577133441496e+00 9.774813420478590587e+00 2.555897595833990898e+00 2.717248895871687608e+00 -2.588620027806694424e+00 5.490230799819287455e+01 -4.241006503343551337e+00 2.051257511321372462e+00 -5.626704977089478810e+00 1.492219157454482286e+02 -3.785710478333995432e+00 -5.164758363051573653e+00 -1.393281109731600687e+01 -4.206277641223084629e+01 -1.137463267537690115e+01 -7.901836301792504003e+01 1.403261708491828763e+01 -4.697192917448923311e+01 -4.815266339436290011e+00 -6.234879611881291694e+00 4.667831092979670302e+02 -7.291492330652548759e+00 4.681670300200067913e+00 -5.269615201246062242e+01 -9.427601202392557056e+00 1.173329835734474802e+00 9.101365754217152215e+00 -1.310434159698731094e+01 7.978736674600041212e+00 5.304290879533473202e+01 8.530858808413515959e+00 -2.044348828409066954e+01 -3.221263436169057570e+01 6.454016891123215416e+00 5.223838847441590438e+00 -2.739178093364235167e+01 3.152774785399217450e+01 -1.285922161267080099e+01 -1.109030429856931654e+01 2.446802502198507767e+01 2.748331357592989477e+01 1.543403215245589877e+00 -3.777350970687670895e+00 -5.129440828543116737e+01 1.482968920290607784e+01 -1.032380516989015007e+01 -3.112186696342632430e+01 2.019482379693504015e+01 -9.797869944269157827e+01 4.831631054185950802e+01 2.298579511877980508e+01 -1.252471457636319130e+01 1.532372673412291064e+01 2.025572143741523234e+01 -3.161976673723651743e+01 5.807941382090628935e-01 6.694780414722764306e+01 9.185345493649471393e+00 6.287709987191864691e+00 1.529917572887518062e+00 2.771506414950060204e+01 2.755764194830758029e+01 -1.310510137868453029e+01 -3.794042170983803430e+01 1.919533047599214726e+01 -3.113461751968748814e+01 -1.519096190704928517e+01 -8.800429065492269842e+01 -8.899066926897221208e+01 0.000000000000000000e+00 0.000000000000000000e+00 0.000000000000000000e+00 0.000000000000000000e+00 0.000000000000000000e+00 0.000000000000000000e+00 0.000000000000000000e+00 0.000000000000000000e+00 0.000000000000000000e+00 0.000000000000000000e+00 0.000000000000000000e+00 0.000000000000000000e+00 0.000000000000000000e+00 0.000000000000000000e+00 0.000000000000000000e+00 0.000000000000000000e+00 0.000000000000000000e+00 0.000000000000000000e+00 0.000000000000000000e+00 0.000000000000000000e+00 0.000000000000000000e+00 0.000000000000000000e+00 0.000000000000000000e+00 0.000000000000000000e+00 0.000000000000000000e+00
2.252630620578341958e+00 -2.352628705203243964e+00 1.674682061224464391e+00 7.433927911454055959e+00 2.790098138251918272e+02 -1.107456116997860534e+02 2.528924826303340367e+01 2.858880800327199623e+01 -3.864321122295618238e+01 2.930918022340611628e+01 -1.795135088490904707e+01 2.624770896355741456e+02 -1.765605679164972486e+01 1.634324739576674546e+01 7.318186397526529774e+00 -2.087826717901579912e+02 -2.062974048801594407e+01 -2.803541690280776777e+01 9.381509404693213483e-01 -3.642026466571296694e+00 1.210160489700874109e+01 4.764483421531867435e+01 -9.980593936026787460e+00 3.555493157208929489e+01 -1.628220099923339959e+01 3.600971776868767460e+00 -2.499204899875321644e+02 7.211910757973821973e+00 5.312060841659709709e+00 -3.507221371593224291e+01 -2.998494421389310993e+00 -1.539651378363543266e+00 -1.445124560927528723e+00 -8.553240379253068681e-02 8.591679615856376628e+00 3.162981860762102926e+01 -1.488957803919065981e+01 -5.164281123476355617e+01 -1.690277929707760052e+01 -2.113501331018188978e+01 4.774058887229676529e+00 -3.875877182478906491e+01 3.568127441265198030e+01 5.755818615988713915e+00 1.876413887555821347e+01 3.099731232478534437e+00 -8.492420015316399429e+01 -4.318802226654682386e+01 8.216765776477689798e+00 1.232074588043015240e+01 -5.141500944124916828e+01 -3.695024923824795415e+00 5.358635777253059729e+00 -5.108053240771198489e+00 5.287044120367144728e+01 -4.389625482232769116e+01 -3.430951362685591022e+01 2.371738636201432726e+01 -1.319046818941025379e-01 9.749225839263356619e+00 -3.172761969578632346e+01 -1.868384287794901510e+01 6.189987040295373077e+01 9.888004107612919924e+00 3.395830616165775240e+01 1.749435306183281469e+01 -5.316337663567026084e+00 -7.173834363298757921e+01 -5.562056535592434869e+01 4.738000531314718700e+01 -2.181190204175074854e+01 -2.955116970309351387e+01 1.138583243966396736e+02 -1.022115597881957854e+02 -1.634754136426518869e+02 -2.662734655587903632e+01 0.000000000000000000e+00 0.000000000000000000e+00 0.000000000000000000e+00 0.000000000000000000e+00 0.000000000000000000e+00 0.000000000000000000e+00 0.000000000000000000e+00 0.000000000000000000e+00 0.000000000000000000e+00 0.000000000000000000e+00 0.000000000000000000e+00 0.000000000000000000e+00 0.000000000000000000e+00 0.000000000000000000e+00 0.000000000000000000e+00 0.000000000000000000e+00 0.000000000000000000e+00 0.000000000000000000e+00 0.000000000000000000e+00 0.000000000000000000e+00 0.000000000000000000e+00 0.000000000000000000e+00 0.000000000000000000e+00 0.000000000000000000e+00
2.144902911597185380e+00 5.003449125623409266e-01 -4.665114645624584000e-01 4.872645102586957933e+00 1.837143363098007285e+02 -7.265590744454839012e+01 1.196695474591895447e+01 8.510584405009044673e+00 5.151642228600495699e+00 7.580582566907434483e-01 -1.078844023701246257e+01 1.481607986915225013e+02 2.803954211795616658e+00 1.989435393589238998e+01 3.789651617106682835e+01 -1.007319010951254199e+03 -2.880916338475879002e+01 -3.957921267625012263e+01 1.181050929716501408e+01 3.265826091021923361e+01 1.184019073292773427e+01 5.177325519340614335e+01 -1.143745668018480899e+01 4.634842415347425515e+01 -2.392847427759903667e+00 -3.376070103009981338e+00 1.817387355579321877e+02 5.511036025407313410e+00 1.558732056835671287e+01 -1.084932584452243418e+02 2.093167647244035834e+01 -4.941382073748357584e+00 1.847738212518094869e+01 -1.647096226385141193e+01 2.499665328274065246e+01 1.360949003809097348e+02 -1.832282720421266120e+01 -1.652794384127507215e+02 -1.084611498240891621e+02 1.175170397665473843e+01 8.332624123186519682e+00 -4.631509998483532797e+01 5.350267613093856767e+01 -2.496426497782940146e+01 -1.126395035314282644e+00 1.664427163914458774e+01 -1.998488783145378989e+01 -4.994948146906529018e+01 3.530241019884904574e+00 -9.164955557108996231e+00 1.193924329079148805e+01 -3.570351085613361342e+00 3.017072308603803776e+01 -8.895843668767371426e-01 -2.327536906299997099e+00 4.266430547925752848e+01 1.863919989119579412e+01 -2.313621711346400645e+01 -2.054330420014343872e+01 -3.076483898635130387e+00 1.686027544268413791e+01 -2.805556560155118362e+01 -1.221793675707786946e+02 1.790178323149206108e+01 -2.110615081301130402e+01 -3.410653060812222037e+01 1.246331422541120659e+01 8.475733768921580236e+01 2.443859985674809110e+01 -8.160030163206168652e+01 8.885219473131948931e+00 -1.259461318477818104e+01 -1.909771788433521778e+01 5.078455752611678520e+01 6.965911005075412277e+01 -3.713153953620935965e+01 1.468279963913568338e+02 0.000000000000000000e+00 0.000000000000000000e+00 0.000000000000000000e+00 0.000000000000000000e+00 0.000000000000000000e+00 0.000000000000000000e+00 0.000000000000000000e+00 0.000000000000000000e+00 0.000000000000000000e+00 0.000000000000000000e+00 0.000000000000000000e+00 0.000000000000000000e+00 0.000000000000000000e+00 0.000000000000000000e+00 0.000000000000000000e+00 0.000000000000000000e+00 0.000000000000000000e+00 0.000000000000000000e+00 0.000000000000000000e+00 0.000000000000000000e+00 0.000000000000000000e+00 0.000000000000000000e+00 0.000000000000000000e+00
9.073496172507942603e+00 -2.574245170619940737e+00 -1.206066733382180090e+01 3.923312921240172280e+00 1.407048814329465927e+02 -6.392962565246745044e+01 5.021076694704918353e+00 -4.477021270771362360e+00 2.540048213536171318e+01 -8.076710357535551665e+00 9.204558130781641534e-01 -1.604691015829880740e+01 -2.123910182789055412e+00 1.087949724087150827e+01 2.363995647644135190e+01 -6.403326071324014492e+02 -2.680966409369989378e+01 -3.618293591806495613e+01 -3.816747466982413073e+00 -1.932818272263883586e+01 5.187963265831958992e+00 8.228424287391437275e+00 -6.333592578582703858e+00 3.810444079616930679e+01 -3.774345723898656502e+01 -1.752830726795973604e+01 1.133137319391601295e+03 5.107845447738700528e+00 6.289378447287502283e+00 -7.007162041118964169e+01 -8.463766735993345947e+00 -4.348863872584450618e+00 1.792718608690203297e+01 -9.847153791414708479e+00 1.018845237543710525e+01 5.334156744492818092e+01 -2.392169077547242395e+01 -1.077502124139965645e+02 -6.670920228652461503e+01 -1.231174053053998918e+01 6.862525735900719681e+00 -3.836495647658151853e+01 3.618512791482536528e+01 -3.621935042253312531e+00 1.520772318915093280e+01 2.017793289785173805e+00 -7.225679719696863401e+01 -4.064108208459946070e+01 1.879258665340045376e+00 -1.288758898639919792e+01 1.028645912517869299e+01 4.576701838517023724e+00 3.420111058762948630e+01 -6.611216192502319622e+00 -7.314509978008498337e+00 5.822648553852380005e+00 1.858879155228904878e+01 6.484205884419528054e+00 -6.298651917870096817e+00 -4.446869711943585379e+00 7.278110789071785547e-01 -1.865525518417966566e+01 -2.837513713350220002e+01 -3.884136649717211398e-01 1.113703394967038740e+00 -1.203089441179405306e+01 3.546733200009241216e+01 3.525051530645689724e+01 2.404888344929856103e+01 -2.777724038336846846e+01 -1.719701351562829572e+01 -1.457137016217479264e+00 9.370174363776548887e+00 5.454762207053403955e+01 5.438153020794604942e+01 -3.883267735095806472e+01 9.565544222814406794e+01 -1.270569987473535001e+00 0.000000000000000000e+00 0.000000000000000000e+00 0.000000000000000000e+00 0.000000000000000000e+00 0.000000000000000000e+00 0.000000000000000000e+00 0.000000000000000000e+00 0.000000000000000000e+00 0.000000000000000000e+00 0.000000000000000000e+00 0.000000000000000000e+00 0.000000000000000000e+00 0.000000000000000000e+00 0.000000000000000000e+00 0.000000000000000000e+00 0.000000000000000000e+00 0.000000000000000000e+00 0.000000000000000000e+00 0.000000000000000000e+00 0.000000000000000000e+00 0.000000000000000000e+00 0.000000000000000000e+00
1.733779064083793564e+00 2.425236995760573055e+00 -4.276911704811135806e+00 2.811378062509064968e+00 1.022082653866007149e+02 -4.039435564184937277e+01 9.916868625620420374e+00 9.106371277888879234e+00 -1.062341573395070071e+00 1.423222626513167555e-01 -1.137875732952968733e+00 1.677763508435657513e+01 3.166168118744876026e+00 8.666475994852049780e-01 5.499185377607660463e+00 -1.519589547210784986e+02 -1.108497852584590504e+01 -1.805491799576680378e+01 -6.914417789371978706e+00 -1.458008625954680326e+01 -4.051110754977184314e+00 -7.500103887608126740e+00 8.060627849325879168e+00 -2.515934572915780976e+01 2.545549628387176000e+01 1.123165664208005410e+01 -6.922366240112363585e+02 1.181472351347848360e+01 -6.070768113169890512e+00 3.987080707869100848e+01 -2.405045481550012454e+01 -3.455571670660434691e+00 1.835891558101560506e+01 -1.008909491615712994e+01 8.183740637638878823e+00 4.191587366262693592e+01 -1.370849010606723439e+01 -6.819765897903872087e+01 -5.742919352645408537e+01 2.426131607140636959e+01 1.203974498286050832e+01 -9.351250948222828185e+01 7.869463769489820493e+01 -1.482831323018043967e+01 1.433402915892349228e+01 2.697094697535390395e+01 -8.592738464063246795e+01 -9.580983230523833072e+01 2.584013094618310191e+01 9.307812841035078577e+01 -1.308182371839019424e+02 -8.952422033181099437e+01 6.291187814515218690e+01 1.494251037776589897e+01 -1.777089327218307346e+02 1.190537671940140143e+02 7.784571902622334960e+01 -3.407448111652622913e+01 -5.837923402087967339e+00 -2.069048638718940580e+01 2.066387921434214192e+01 -3.096996742471341335e+01 -1.165596634255484219e+02 2.067207370939151190e+01 2.364360601529480377e+01 -7.918627798707422727e+00 -3.420106982697927833e+01 -5.006569707222814003e+01 -2.664406480918982822e+01 3.091577270995256299e+01 4.058020719634401807e+00 -9.416352047844716466e+00 -6.254888859633673803e-01 1.598778238432010035e+01 3.011001306972111990e+00 -2.018989379468330370e+01 6.503508042834897651e+01 -2.790438948687112486e+01 8.943165639874882800e+02 0.000000000000000000e+00 0.000000000000000000e+00 0.000000000000000000e+00 0.000000000000000000e+00 0.000000000000000000e+00 0.000000000000000000e+00 0.000000000000000000e+00 0.000000000000000000e+00 0.000000000000000000e+00 0.000000000000000000e+00 0.000000000000000000e+00 0.000000000000000000e+00 0.000000000000000000e+00 0.000000000000000000e+00 0.000000000000000000e+00 0.000000000000000000e+00 0.000000000000000000e+00 0.000000000000000000e+00 0.000000000000000000e+00 0.000000000000000000e+00 0.000000000000000000e+00
9.720129405511576337e+00 -4.917813020281787573e+00 -1.221919295197322342e+01 4.804410185793485333e+00 1.791989324776178307e+02 -7.698296181644657565e+01 2.703386362116364072e+00 -7.124494383447595780e+00 4.100890311351606954e+01 -2.306518099845826697e+01 1.460087506416790859e+01 -2.081502542796238231e+02 4.136065527209932036e+00 -4.444866783717582592e-02 1.578985732308799683e+01 -4.349091294387305311e+02 -2.511941945486237060e+01 -2.952419781277507127e+01 6.034250868586008565e+00 1.782651740538870655e+01 2.128458499088418776e+00 1.727830782045489499e+01 -7.954165664198691310e+00 2.489516555634126860e+01 2.468263762510126469e+00 -1.219791688680227537e+01 7.503018575040676978e+02 -9.699270043646240680e+00 1.228642839009732413e+01 -9.042979948820307357e+01 2.303440471952689705e+01 -3.097960289215286878e-01 -7.892267942006432335e+00 5.686463527995520018e+00 -4.842849345195539890e+00 -4.087850899493686541e+01 4.590702952316828345e+00 6.028768018920891336e+01 4.500640509267772416e+01 -4.593797091806295363e-02 -1.144720042247899450e+01 7.397612430657382276e+01 -9.003704254469558066e+01 2.507899482238928712e+01 -7.844519230967422097e+00 -1.059044994132828243e+01 7.096848485851728583e+01 4.166659657830014396e+01 5.084727466870823775e+00 7.764181062576827230e+01 -5.111206913998447732e+01 -6.148290923596617219e+00 7.301089808385282431e+00 -1.407896360196336794e+01 1.029624398378870183e+02 -5.767239131847236422e+01 -3.827701530902130145e+01 -3.410004698212771856e-01 1.227478482265082604e+01 8.608591256627908805e+00 1.367645348041780551e+01 7.984818786977932348e+00 -1.612295549229545344e+01 1.683998417557976524e+00 -1.506482918460909559e+01 -1.811062310267308462e-01 -4.678369386114100337e+01 -1.576874324317205200e+01 -1.965697500054174185e+01 3.683593213606758354e+01 -1.675758872145541645e+01 1.681614291045611154e+01 5.299721350255734365e+01 2.227696054744625442e+01 1.030012461113018141e+00 -8.216437203445060788e+00 3.481857032162174903e+00 1.226348058435657506e+01 -4.039254876653424162e+02 1.863247488359403903e+00 0.000000000000000000e+00 0.000000000000000000e+00 0.000000000000000000e+00 0.000000000000000000e+00 0.000000000000000000e+00 0.000000000000000000e+00 0.000000000000000000e+00 0.000000000000000000e+00 0.000000000000000000e+00 0.000000000000000000e+00 0.000000000000000000e+00 0.000000000000000000e+00 0.000000000000000000e+00 0.000000000000000000e+00 0.000000000000000000e+00 0.000000000000000000e+00 0.000000000000000000e+00 0.000000000000000000e+00 0.000000000000000000e+00 0.000000000000000000e+00
8.907800983763467073e+00 -9.316298024274214384e+00 6.645283780430730758e-01 2.921852151120930330e+00 1.142043103421935797e+02 -4.471799503118811714e+01 4.493948236594580425e-01 -2.549384311554835136e+00 1.459966594578176924e+01 -1.031881018936102734e+01 4.929759359498222082e+00 -6.906946730469984175e+01 1.705915107391420049e+00 -1.677258350984850210e+00 -8.021095974895970926e+00 2.215914838644610825e+02 3.102098421027069008e+01 5.019787430302095999e+01 3.300672844399251460e+01 8.577550852006478976e+01 1.214550138063724916e+01 3.189971456406735228e+01 -1.194369652763703549e+00 2.342338493183157233e+00 -2.657291827412558760e+01 -2.591207947949320634e+00 1.826537808730144548e+02 -8.859886273594320016e+00 -3.345372108875055872e+00 3.144848152333292290e+01 -3.309876981313844446e+00 2.465823636866863122e+00 -1.206812193624051766e+01 2.689999030297151705e+00 -3.332015776932808038e+00 -2.039702848113803668e+01 -9.505587546293270407e-02 1.387144135271391576e+01 2.057654232824861396e+01 -1.144643039027535103e+01 -6.750604949660804266e+00 5.401567661853174229e+01 -4.772678886406462340e+01 1.342623508974271118e+01 -2.181216309963058819e+00 -2.371544027350909545e+01 2.987988410927100347e+01 5.524847430820406657e+01 -2.248723231352660790e+01 -1.012634793219095428e+02 1.281248349347164037e+02 7.817795307245410186e+01 -1.209948323733728515e+00 -2.291707224845563218e+01 1.755706591718993366e+02 -9.312293234450150692e+01 -6.505444742139093250e+01 1.744888578267422830e+01 9.880366532034193128e+00 1.169573595953119671e+01 -1.367562210834216607e+01 2.535502987901975658e+01 9.366119988950740094e+01 -7.062687357037260583e+00 -1.394903736750455536e+01 4.907165669851850431e+00 4.368586825321598255e+00 2.764660129275655720e+01 -1.021557203075078135e+01 -2.010570462746051490e+01 1.132464708670037723e+01 -1.112828910685462702e+01 -1.047722284445579177e+01 -5.267246513104372241e+01 -4.576867026699402885e+01 2.232227387945762143e+00 -1.952083085634619053e+01 1.861105642974837338e+01 -6.020865229061691934e+02 -4.366729744096699228e+00 -3.048698303669321064e+01 0.000000000000000000e+00 0.000000000000000000e+00 0.000000000000000000e+00 0.000000000000000000e+00 0.000000000000000000e+00 0.000000000000000000e+00 0.000000000000000000e+00 0.000000000000000000e+00 0.000000000000000000e+00 0.000000000000000000e+00 0.000000000000000000e+00 0.000000000000000000e+00 0.000000000000000000e+00 0.000000000000000000e+00 0.000000000000000000e+00 0.000000000000000000e+00 0.000000000000000000e+00 0.000000000000000000e+00 0.000000000000000000e+00
7.699791040014776655e+00 -3.500226283795806914e+00 -7.853042596236875283e+00 3.972356213853687201e-01 1.070005714894108451e+01 -1.276953681898324966e+01 -3.784290918071622656e+00 -9.978296070812586294e+00 1.913801148775421979e+01 -5.616350337059204278e+00 2.073168295660596350e+00 -3.020155961641047071e+01 -3.522457480653282680e+00 4.201782039794882628e+00 1.655094582211176402e+01 -4.554917808248503093e+02 -3.740469034651676594e+01 -4.995251003918894384e+01 -7.620903768860866734e+00 -1.919027481006438762e+01 4.486342124260390918e+00 4.004712475273408501e+01 -8.571013369531275572e+00 2.550746139843703375e+01 1.129874906391384570e+01 -7.547902390013867979e+00 4.457462571676218772e+02 -1.322112866582812352e+00 7.171704921535765109e+00 -4.818170547972316342e+01 2.319968345165764489e+01 -5.692348966805480082e+00 1.406298267391235157e+01 8.596901807292612219e+00 3.616968655869129634e+00 1.342656567798583112e+01 -7.166707552510135137e+00 -2.213222675837002384e+01 -1.009950512737740347e+01 1.526589192863768929e+00 -7.019845529979438226e-01 8.232778634526242811e+00 -1.329869575687682470e+01 -1.427051582522383288e+00 -5.463472465602336570e+00 -3.943324538342179331e+00 2.843530825203603385e+01 1.785227082442225610e+00 -5.774126218377872100e+00 -1.665047520623583921e+01 4.938038071848626487e+01 3.888712164743069621e+01 3.230311854461948684e+01 -3.020749387724250212e+01 2.144435800928099241e+02 -7.659661377088286827e+01 -5.463695176915157958e+01 -8.019445673509350669e+00 -6.028481939583493876e+00 -6.181283709013118077e+00 4.095723678961200420e+01 2.753876374244703662e+00 -9.223354265508260141e+01 1.440331396503770378e+01 -3.842563233531100408e+00 1.082820504039705867e+00 -7.718535678937907107e+01 -3.194501766706409995e+01 -3.956709494878308675e+01 3.437977890916046420e+01 8.050464863860071318e+00 9.539771235177765263e+00 1.144633858423549100e+01 1.146419530601381709e+01 8.554738946073184636e+00 2.522956939415851529e+00 2.827132332544362470e+00 -2.496228657098563453e+00 1.162208505760625172e+02 -1.836346890346850103e+01 -1.733031712866572320e+02 -1.084983349033390709e+01 0.000000000000000000e+00 0.000000000000000000e+00 0.000000000000000000e+00 0.000000000000000000e+00 0.000000000000000000e+00 0.000000000000000000e+00 0.000000000000000000e+00 0.000000000000000000e+00 0.000000000000000000e+00 0.000000000000000000e+00 0.000000000000000000e+00 0.000000000000000000e+00 0.000000000000000000e+00 0.000000000000000000e+00 0.000000000000000000e+00 0.000000000000000000e+00 0.000000000000000000e+00 0.000000000000000000e+00
8.882130513897859458e+00 -9.168330515370437084e+00 4.825811586766945993e-01 -2.898614283391482971e+00 -1.020416338537585403e+02 4.106379616512348463e+01 -1.596105919623899183e+01 -1.566628484690959588e+01 2.249336071950094862e+01 -1.437030181075865976e+01 1.551503295800040760e+01 -2.103526088584118554e+02 9.996146898890959420e+00 -1.504290266206656135e+01 -2.203510647068694794e+01 5.847833378741867136e+02 2.525882074365708974e+01 4.329775267446509446e+01 2.971946779262195548e+01 8.620859324837695681e+01 -5.659703065868739280e+00 -3.157423949828718435e+01 1.261643313092558927e+01 -5.206525417947629819e+01 -6.571315671862638652e-01 -1.532710126225554603e+01 1.070838292195303666e+03 -3.794474063564088340e+00 -1.656741827607541495e+01 9.441785876236839670e+01 -2.497702609607492974e+01 -5.865806851452806114e-01 1.205694788904150094e+01 7.499649375200150736e+00 -2.162555526370444525e+01 -1.151949720603301586e+02 8.320054622723609405e-01 1.063688584993600443e+02 5.300206030386561906e+01 1.148069925985060813e+01 2.854850315259527704e+00 -5.472302917678935330e+01 3.313543632423468921e+01 -1.381895431262541685e+01 -3.459198293478941366e+00 2.375947637325754158e+01 -5.460990248220389809e+00 -3.563561289686654732e+01 2.232157681251269565e+01 1.035544079194715863e+02 -1.464963644020468223e+02 -8.206736423833297067e+01 -2.389983291403871490e+01 2.578057440485483198e+01 -1.600986488361701277e+02 7.323235939123881622e+01 4.217188181824962356e+01 -9.004843837610618351e+00 6.015983438516318671e+00 -7.827209688126472997e+00 8.692134850891552134e+00 8.980345632563167868e+00 -3.968092769227887118e+00 -8.820832686281992352e+00 7.307303730733673675e+00 -5.462917142672915283e+00 1.672196584333588731e+01 -1.345175297168001549e+01 -5.555487244974077754e-01 -3.442441705821319253e+00 4.056470567419999895e+01 -5.539330791177065727e+00 -1.179534430306892574e+02 -4.635195068117965889e+01 -1.903513252177143755e+01 3.744268627875129596e+01 -5.385344050862370580e+01 -1.856678817515075153e+01 5.847107999066117827e+02 2.542456427603187308e+01 2.004840169111647867e+02 2.797019063118773730e+01 9.237609859984375760e+01 0.000000000000000000e+00 0.000000000000000000e+00 0.000000000000000000e+00 0.000000000000000000e+00 0.000000000000000000e+00 0.000000000000000000e+00 0.000000000000000000e+00 0.000000000000000000e+00 0.000000000000000000e+00 0.000000000000000000e+00 0.000000000000000000e+00 0.000000000000000000e+00 0.000000000000000000e+00 0.000000000000000000e+00 0.000000000000000000e+00 0.000000000000000000e+00 0.000000000000000000e+00
4.481409047245646704e+00 -2.422332769544628839e+00 -2.011940078730880543e-01 1.868422399617899465e+00 6.547772647085440667e+01 -2.606280912540630368e+01 1.616355774563458425e+01 1.670758551072151477e+01 -3.233974640418846747e+01 1.335253849336089971e+01 -1.036843338027593120e+01 1.370497208569645977e+02 -1.011792895226857958e+01 5.450161076348575939e+00 -8.678745222457770581e+00 2.340933297006338023e+02 1.194809057811005104e+01 2.689470937480613344e+01 4.190490648073118507e+01 1.146188337954475571e+02 3.979957712758113608e+00 1.937522228735041097e+00 -8.531423474054713907e+00 2.863046880562927754e+01 -2.639457084069023551e+01 -1.151014065404122100e+01 7.371522015388060254e+02 -1.837729585102185226e+01 1.420480361949559978e+01 -1.082521722329019269e+02 4.020398715128626677e+00 -9.809084919611521514e-02 1.110273746243791138e+01 -2.896712282759824220e+01 1.813318004468186828e+01 9.903871510678361290e+01 5.494400607491202848e+00 -7.425386191321985052e+01 -6.425503913619755281e+01 2.938225596422823571e+01 -1.586314798623494227e+00 1.210463722349544824e+01 4.178535264964402529e-01 4.804391572436687241e+00 -3.823400441538591821e+00 -1.255464276824696945e+01 2.505849653088546347e+01 3.370303420562787267e+01 -3.329957003771081503e+00 4.606499429449957717e+00 3.001597579204102928e+01 2.122272569758181504e+01 1.358914307428852553e+01 -1.260444899117126205e+01 6.800911645022206642e+01 -1.321782626811802075e+01 1.970437274940347550e+01 -1.413892817295487347e+01 5.535128209527986343e-01 -1.226266067321439834e+00 1.169446801196650298e+01 -1.151928599201323067e+01 -5.266741975289643563e+01 -1.510353507132140116e+00 4.493146972918956372e+00 6.374910349591410785e+00 -1.376636995737484526e+01 -1.063423568887009552e+01 2.199831620432692247e+01 8.215921034188985672e+00 -1.499401094839546467e+01 1.673977761746782278e+01 1.132315902626484849e+01 7.122221621699077332e+01 7.366931618256134584e+01 -3.739201443567680805e+00 2.845977845052705035e+01 -1.310787797536874244e+01 4.246448719108271348e+02 -4.780167571796443582e+00 -2.842897241270635078e+01 -6.060306812123508635e+00 -3.875537255645552293e+00 2.916484360879766591e+00 0.000000000000000000e+00 0.000000000000000000e+00 0.000000000000000000e+00 0.000000000000000000e+00 0.000000000000000000e+00 0.000000000000000000e+00 0.000000000000000000e+00 0.000000000000000000e+00 0.000000000000000000e+00 0.000000000000000000e+00 0.000000000000000000e+00 0.000000000000000000e+00 0.000000000000000000e+00 0.000000000000000000e+00 0.000000000000000000e+00 0.000000000000000000e+00
5.927080730244016493e+00 -6.800691586866686400e+00 2.189282017048311157e+00 3.389237506746856532e+00 1.293285875745999647e+02 -5.628552494590433497e+01 5.795478523497438417e+00 -1.094730980309167157e+00 2.179412681837820287e+01 -1.239157873090432105e+01 1.052261682952704902e+01 -1.424195739416130095e+02 1.202041523111179089e+01 -7.829480484376476923e+00 -3.123843229512804243e+00 7.755026417401823835e+01 -1.768869137737244301e+00 -8.761992739256854179e+00 -1.482669897246270807e+01 -2.621851953925157375e+01 -1.866759020178714756e+00 4.253455884282131905e+01 3.439145610905374184e+00 -1.918062291759468607e+01 5.539098347275657375e+01 2.982725655504694373e+01 -1.968239026256316947e+03 2.320364329845612872e+01 -2.617051790796322663e+00 5.156076524517411031e+01 8.885733698677706016e+00 -1.385773351843796064e+01 5.645802272270674393e+01 1.043851029974881151e+01 6.703827821990924640e+00 3.877708979267440270e+01 5.532189915459035490e+00 -4.339263384880684526e+00 -1.306335772978314047e+01 3.370437349441805175e+00 2.713545064947804342e+00 -1.075120844201843084e+01 1.653887991006790159e+01 -1.384161131255542010e+01 6.959616028871415949e-01 1.302691520536486536e+01 -1.977606348132880498e+01 -3.376742687730451564e+01 1.003102029491489589e+01 3.509313830579138482e+01 -5.914140552084775493e+01 -4.124341224360224345e+01 -6.715608100719598461e+00 9.390187033141303985e+00 -5.019135401054604273e+01 3.947630929673537281e+01 8.338786040422270673e+00 -1.283069318620806598e+01 2.872362675261542542e+00 9.545235564485020419e+00 -7.975473777173164081e+00 1.017269483977684885e+01 2.859005815730258604e+01 2.539622097206813311e+00 -1.203822121232332343e+01 -1.254895767559858877e+00 6.682739280155521655e+00 3.156169523632514640e+01 -4.102016395430411855e+00 -2.448394192062903585e+01 2.039077769493772507e+01 -1.499504574939509283e+01 -3.197706730054579793e+01 -7.001806432486588960e+01 -4.997409729400569489e+01 2.528428535355324414e+01 -7.404604865010519177e+01 2.781092155557068679e+01 -8.906085391265830822e+02 9.113073477914827691e+00 6.890903877281884604e+01 -4.317920159983810180e+00 -3.934848619014596238e+01 -2.086225499722703702e+01 2.023961139781220879e+02 0.000000000000000000e+00 0.000000000000000000e+00 0.000000000000000000e+00 0.000000000000000000e+00 0.000000000000000000e+00 0.000000000000000000e+00 0.000000000000000000e+00 0.000000000000000000e+00 0.000000000000000000e+00 0.000000000000000000e+00 0.000000000000000000e+00 0.000000000000000000e+00 0.000000000000000000e+00 0.000000000000000000e+00 0.000000000000000000e+00
3.293580458982453329e+00 -2.729682913035540004e+00 -2.302747888830791290e+00 3.953991386045907941e+00 1.562944148052266087e+02 -5.295244574455863074e+01 8.680212842556938924e+00 6.925432330032640138e+00 1.450340590862689183e+01 -1.696577745056931619e+01 4.250517218743864234e+00 -7.659031989766749859e+01 1.332943597519012258e+01 4.242484317499306101e+00 1.357592711081680292e+01 -3.461494443066849840e+02 1.892953831868493708e+01 1.647536031094264786e+01 -1.384748358864855788e+01 -4.442243743358442032e+01 5.435597547397846618e+00 1.062765534627830810e+01 3.293303833114102908e+00 1.773684428191319995e-01 2.653505586039150543e+00 1.548487488264285616e+01 -9.961544007905897615e+02 1.741826313418539485e+01 -9.295007411749960369e-01 2.779471016212217904e+01 -3.048644852075414580e+00 -1.115698984822628859e+00 1.361819613675577045e+01 -1.267641835786016458e+01 1.529315020524212088e+01 9.914494422469968526e+01 1.108676774166663037e+01 -7.583115708921243936e+01 -5.677081186735518514e+01 2.488051882237537882e+01 7.291201882878803886e+00 -5.145362652820004001e+01 5.643165935213200868e+01 -1.456708822592448804e+01 1.098853506669348334e+00 5.345344958684945524e+00 -2.381329867227959340e+01 -1.907893980199109762e+01 2.364083927734418555e+00 8.349696346544142500e+00 1.311893056985880790e+01 -1.137585897956944336e+01 2.450758493602963028e+01 1.117357998712648559e+01 -1.135241489707917424e+02 9.517916259363070708e+01 7.343595292300652488e+01 -3.223299793724397233e+01 -1.446304640081794801e+01 -2.114116072433284899e+01 1.513158864592434583e+01 -9.064427751449736448e+00 -9.319862320257681176e+01 1.345641031956804134e+01 3.228223511408324420e+00 -6.586802373508524155e+00 -1.378468837992567586e+01 8.682628066639134445e+00 1.266880085036253867e+01 -1.857743188447618721e+01 1.304611323354999541e+01 -1.049799360278909610e+01 -4.846957758366529845e+01 -1.739938505868613206e+00 1.502956814947370034e+01 -6.161888070172006238e+00 3.621089951695282139e+01 6.817679323044656403e-01 -5.075357091604968218e+01 5.535927544606794370e+00 5.579756014774608985e+01 1.441172751319284018e+00 -5.472793726911146628e+00 -1.800326285854193742e+01 1.676959326726042718e+02 4.181647816069813395e-01 0.000000000000000000e+00 0.000000000000000000e+00 0.000000000000000000e+00 0.000000000000000000e+00 0.000000000000000000e+00 0.000000000000000000e+00 0.000000000000000000e+00 0.000000000000000000e+00 0.000000000000000000e+00 0.000000000000000000e+00 0.000000000000000000e+00 0.000000000000000000e+00 0.000000000000000000e+00 0.000000000000000000e+00
4.686250582924277097e+00 -3.108937061431880089e+00 -1.727413594868227875e-01 6.822740223965730877e+00 2.556718841321313960e+02 -1.054629162862501772e+02 1.960383944020786373e+01 1.459474871158590759e+01 -1.321337547147949820e+00 -4.180771653005503907e-01 -2.584367246639135196e+00 3.862622680725319668e+01 -3.663983376215806942e-01 1.197719840602838204e+00 -3.812297220280562726e+00 9.478581731165112956e+01 -6.459180038127283474e+00 -7.856356658556647332e+00 1.324950604396003229e+01 4.698244508891209392e+01 1.018472388595314193e+00 2.813464606737028362e+01 -5.786630456573171877e+00 1.944137746216040341e+01 2.482058807747861806e+01 2.790615390233856630e+01 -1.864269790319674939e+03 1.675215081570558695e+01 -1.000731544053527067e+01 9.638231973510434614e+01 -8.169153629186999055e+00 7.447409510832200041e+00 -3.405765538481742993e+01 1.063125781501729428e+01 -1.638208250132263899e+01 -7.844448056196523567e+01 1.711322652627044860e+01 9.339344697951128182e+01 7.177133489350455875e+01 1.133442364324133145e+00 -8.343916779838153275e+00 4.684699240706375178e+01 -2.946059917184386379e+01 4.414067662469450148e+00 3.224266961115302532e+00 -2.048532630398904075e+01 -1.143521943446053868e+01 2.338404036685323106e+01 -7.829737792052441137e+00 -3.613881179016624401e+01 4.013038819857020911e+01 2.807792359324884757e+01 -2.190179570467643799e+01 -8.158120094979304682e+00 7.327888081275155230e+01 -4.314471078615898136e+01 -3.217324395608660836e+01 1.474518360460234412e+01 -3.919887799255499239e+00 1.996703214118895531e+01 -2.760989476799587905e+01 -8.219386486495270816e+00 6.149756239941286395e+01 -1.630926181502253769e+01 7.956181815991403283e-01 1.790753976116630497e+01 2.687220785493657260e+01 5.722726655884153857e+00 7.739820665994855631e+00 -4.268754870870976603e+00 -1.811443875921447955e+01 -7.133093764071515963e+00 4.940240168048662639e+01 -3.266942582914854398e+01 -2.156087835996106961e+01 1.359765064346485985e+01 -3.963684046860221599e+01 3.049675175500014390e+01 -1.002184252484768763e+03 2.205673876520507903e+01 1.892811866822716240e+02 -4.743090241997931500e-01 -4.627805727734202890e+01 -1.867601250641055799e+01 2.070782035690425573e+02 -1.436295558291308616e+01 1.189882957533777926e+03 0.000000000000000000e+00 0.000000000000000000e+00 0.000000000000000000e+00 0.000000000000000000e+00 0.000000000000000000e+00 0.000000000000000000e+00 0.000000000000000000e+00 0.000000000000000000e+00 0.000000000000000000e+00 0.000000000000000000e+00 0.000000000000000000e+00 0.000000000000000000e+00 0.000000000000000000e+00
9.981169170477148356e+00 -7.155855961918233810e+00 -3.327294916866437191e+00 4.435290870960788112e+00 1.649039501104706176e+02 -7.488113377015295669e+01 8.810314391201814033e+00 -2.008066180184999272e+00 2.462398584930127754e+01 -2.009033119455019900e+01 8.839160603181783316e+00 -1.338321483567979442e+02 8.312617498021175777e+00 5.977548949439707826e+00 1.995757502010770423e+01 -5.243331957235033087e+02 6.454247541497574403e+00 1.862024382024438296e+01 4.324313653500117027e+01 1.179080343072906487e+02 1.030236133890375783e+01 2.405663787010556831e+01 -9.500808010417957306e+00 3.609389588330799370e+01 -3.042682643138028808e+01 -1.515268348093649919e+01 9.761517230775809821e+02 -1.107706175303068896e+01 9.035809547978947975e+00 -7.382141317207218378e+01 4.669008518608752212e+00 2.254730665983712967e-01 -4.194909236090893501e-01 -1.739643987064794928e+01 1.142465189916409862e+01 6.381205013758189892e+01 -1.076250493044416778e+01 -8.153162004711933264e+01 -6.206083828750866616e+01 3.686579787840110534e+00 1.645917674887751758e+01 -1.190484150736497639e+02 1.060965782645202609e+02 -2.065422286883362446e+01 2.892987852876389709e-01 3.134453763714578756e+01 -2.731204996180643363e+01 -4.676417772935212014e+01 1.248412773349819460e+01 4.499518567926492807e+01 -5.198606964962511512e+01 -2.429051113878752943e+01 2.131093399301457225e+01 -8.517777729301911904e-02 2.280926010797696080e+00 2.287405149919946012e+01 2.145858718901163797e+01 -2.662544697199924570e+01 3.065564505157056630e+01 1.274411057126267366e+01 3.560165992356427722e+00 2.392981446358667164e+00 -8.935673658077307735e-01 1.090981419416154452e+01 5.134964142408674270e+00 -6.305018696675769085e+00 -1.388563293073372762e+01 -2.047710259937539945e+01 -1.855953087957385250e+01 8.828345238636046588e+00 9.590342585232900063e+00 -2.669464530518031786e+00 -1.277906376021075729e+01 -9.713702249274479783e+00 -1.487061211865129451e+01 1.788449892243554551e+00 3.172971793765898774e+00 -2.292700607327956774e+01 7.594955076484733354e+02 -6.485458369187561800e+00 -6.950604220595172933e+01 7.257114748536325877e+00 4.040128160462052165e+01 2.837755129795649367e+01 -3.012518356616843676e+02 1.158530912727936624e+00 -1.159203464685410410e+02 -5.069219078140559276e+00 0.000000000000000000e+00 0.000000000000000000e+00 0.000000000000000000e+00 0.000000000000000000e+00 0.000000000000000000e+00 0.000000000000000000e+00 0.000000000000000000e+00 0.000000000000000000e+00 0.000000000000000000e+00 0.000000000000000000e+00 0.000000000000000000e+00 0.000000000000000000e+00
6.981033222548661321e+00 -9.425403209435234686e+00 5.900770810669117239e+00 4.810174343030491073e+00 1.909721847768095699e+02 -6.822599106638072897e+01 7.476965875688594387e+00 7.429676142722343002e+00 1.004416308081850673e+01 -1.287914648862524913e+01 5.407846010126099223e+00 -8.388083857206916605e+01 6.253714999841889721e+00 -3.921407333769600712e+00 -9.242761828702828808e+00 2.569581942148571443e+02 2.496503380981378939e+01 3.549537473888256756e+01 4.444430505554604061e+00 5.797683425707343297e+00 -8.957345267083304918e+00 -7.500803563930301721e+01 1.437723857244320769e+01 -3.587523926169833288e+01 -2.652804384345083477e+01 -1.971891587782307909e+01 1.355418940822589320e+03 -8.551460941799318149e+00 -5.162778861095791427e-01 -1.800160628286559472e+01 -1.015484559364484340e+01 4.900842549816675664e+00 -1.865959600503228444e+01 -1.409651324619429502e+01 3.816996869592724551e+00 7.495308218391587118e+00 -1.935418222005013789e+01 -5.346707020080465611e+01 -2.561890232885749441e+01 7.024483203184031410e+00 -1.924369969205296904e+00 3.886977979918063930e+00 -2.268594145714862265e+01 -9.174793299721880402e+00 1.266034303921494519e+00 1.200637666816064986e+01 -1.441589859554836295e+01 -2.836333833975792373e+01 2.096896834756611128e+01 9.650060880428748078e+01 -1.508743147647115563e+02 -1.015149725056231489e+02 -3.904759120472160561e+00 1.640974713563291587e+01 -1.169372290656827715e+02 4.940385538724347469e+01 1.448822275395832548e+01 -2.203648694194717983e+00 1.141190287139204784e+00 -7.146123547318639524e+00 3.398067539541953508e+00 4.467580879014337647e+00 2.903065653332276952e+00 2.905537636171596105e+00 4.978342142652322444e+00 4.726324954686959678e+00 -3.338511930279097584e+01 -3.918524220571546124e+01 -4.816020877279520818e+01 3.018584397221923510e+01 1.838852809715017855e+01 -1.705172553021285253e+01 -1.561953948954325710e+00 -8.042840326638243198e+01 -1.084067262196526400e+02 1.688506965716376484e+01 -3.701251114874408188e+01 -7.627087122521946760e+00 2.315400378959841703e+02 5.365840258211003189e+00 5.514805706751653958e+01 1.878106122412272683e+01 6.929531571151237301e+01 -4.863533712834595235e+00 -8.535127335229029555e+00 -2.240487533832519773e+01 1.995790645487343227e+03 -1.647591446944340134e+02 -5.850603575216632635e+02 0.000000000000000000e+00 0.000000000000000000e+00 0.000000000000000000e+00 0.000000000000000000e+00 0.000000000000000000e+00 0.000000000000000000e+00 0.000000000000000000e+00 0.000000000000000000e+00 0.000000000000000000e+00 0.000000000000000000e+00 0.000000000000000000e+00
6.103408085097062674e+00 -4.516734165617290131e+00 -3.446598715974722893e+00 -1.774919172104692411e+00 -6.752549258668994980e+01 2.349255168733221311e+01 -1.175612085316885214e+00 2.114004714676052998e+00 -1.609331344503183558e+01 1.031817997177356894e+01 -8.174316078907654770e+00 1.209810365652610074e+02 -3.614970432390049560e+00 3.362750305090271397e+00 -4.831312614246429327e+00 1.356896918596121964e+02 1.483864403711560520e+01 2.516844862815261052e+01 1.971374466754452826e+01 4.803122481526344245e+01 5.880389701550237547e+00 -6.997713625832278517e+00 2.467605439913434395e+00 -8.659264043474944827e+00 -2.446738573269706052e+01 -3.311561628831614534e+00 2.561994882797591231e+02 -1.005779746781614570e+01 2.542141568675395646e+00 -6.532117476960824121e+00 -1.121547173538814945e+00 -3.331341270248171504e+00 2.737305260744732749e+01 -1.595207415981294830e+01 1.127399242495314269e+01 6.712610305986629555e+01 2.161700424574716450e+00 -4.565122458787637783e+01 -6.302735685818757361e+01 4.014137625699129330e+01 6.185273777430695397e+00 -4.595470290415796200e+01 5.485599131220381963e+01 -2.050904779489350460e+01 -8.135533910613517605e+00 1.786752851777835716e+01 8.804750104218070916e+00 -1.614303588691408464e+01 -5.707335823219654714e-01 -2.647206747702111329e+01 1.620710021760590180e+01 7.165918471896134179e+00 2.408061802410901819e+01 -2.928104646324257487e+00 9.154819175250095142e+00 2.131810496983447933e+01 1.593491034258180328e+01 -2.593118358042271865e+00 -1.828916480443439241e+01 -1.713053008452008186e+01 1.098126706570994138e+01 -4.235587733400811850e+00 -4.441368789312907950e+01 -3.077038788364538036e+00 -3.018032704767912744e+00 -4.880803092452245195e+00 -9.672772626476604074e+00 -1.857224658034488662e-01 1.687950535894316673e+01 -1.328270101665769687e+01 3.764471272520028222e+00 3.215018030177937636e+00 -2.001554367069301676e+01 2.534043392594569610e+01 3.679649886763503730e+01 5.184423614563149485e+00 1.767397485169763982e+01 2.227371918469973178e+00 -9.469271586185352874e+01 1.135811988968040431e+01 1.134963088056132818e+02 9.553626755449595720e+00 1.127379571731527719e+01 -8.487267916905864240e+00 8.823734595202957109e+01 4.870421367521362122e+00 -3.727136569733875149e+02 -9.822246286640292645e-01 -4.141167499305836941e+01 -1.061138801092392114e+00 0.000000000000000000e+00 0.000000000000000000e+00 0.000000000000000000e+00 0.000000000000000000e+00 0.000000000000000000e+00 0.000000000000000000e+00 0.000000000000000000e+00 0.000000000000000000e+00 0.000000000000000000e+00 0.000000000000000000e+00
2.886399356863922350e+00 1.374812077372465247e+00 -4.034972058198557754e+00 3.154040543820388898e-01 1.195741287384147533e+01 -6.134203326782931676e+00 -3.674027062145357903e+00 1.253166824423974646e-01 -3.110764262262692981e+00 1.118220833738061692e+00 -2.242203403309012799e+00 3.841664007157816485e+01 3.881729572584754706e+00 -3.422620594898910795e-01 4.745289383948186668e+00 -1.137967816652838735e+02 1.923866995161697124e+00 -8.382227185074295761e-01 -1.432352361748800185e+01 -4.152915683331902130e+01 -1.044874867828464637e+01 -6.500742348832169171e+01 4.914779082335971161e+00 -1.298012885094829549e+01 -8.680713325386154366e+00 -1.042116171935835389e+01 6.998357382772763913e+02 -6.186419501183950231e+00 1.473755246016373199e+00 -3.362828602835622149e+01 -1.241769795966789225e+01 5.005129215706141110e+00 -1.069385767542630816e+01 -9.055283173362228766e+00 4.819378212174042275e+00 4.435759608594444359e+01 -1.488017359678764251e+00 -5.839978506004733561e+01 -5.088387504246565385e+01 1.263994212166026188e+01 1.960712097453782121e+01 -1.452698639267711087e+02 1.346938999573297622e+02 -2.801857635913513889e+01 -1.379737070779753694e+01 2.620079721009727791e+01 2.884507054963589923e+01 -2.895122134270782688e+00 -9.109603158852621618e-01 -2.695213861406591960e+01 -2.823548420994231201e+00 -5.585169585062592645e-01 -1.915982256552707597e+01 2.177666480540250760e+01 -1.118031149470977965e+02 5.322790436983195406e+01 2.301208665931273600e+01 -2.276998050029742426e+00 6.892083438357032854e-01 -5.235364046272120930e+00 -3.245420684457716476e+00 -5.356602293140832138e+00 7.831175725105521401e+00 9.104458695569967119e+00 1.890916301302064539e+01 -2.282719355854654797e+00 2.771156162200520079e+00 -2.668079296553354141e+01 -2.421868772564441841e+01 2.182795140844508808e+01 1.227176079319711910e+01 -1.980793771532902525e+01 -1.710838326689653499e+01 -8.938167434447272797e+01 -1.044920013224859616e+02 1.530982466959548027e+01 -6.136540941849381170e+01 -3.961279122464096858e+00 1.078907839591204976e+02 7.482039305687564479e+00 5.670279389275434312e+01 6.368677405530911884e+00 2.345998851620090164e+01 3.024877505851302217e+00 -1.993270357068345078e+01 -1.384675165913087369e-01 2.045105362315240782e+01 -1.295108312176193621e+01 -6.524151294771580467e+01 2.369400537870770762e+01 1.460251926212949911e+02 0.000000000000000000e+00 0.000000000000000000e+00 0.000000000000000000e+00 0.000000000000000000e+00 0.000000000000000000e+00 0.000000000000000000e+00 0.000000000000000000e+00 0.000000000000000000e+00 0.000000000000000000e+00
8.820962942667801343e+00 -3.522412300464022650e+00 -1.423595713151686937e+01 7.908498525985789840e+00 2.945329663736520729e+02 -1.193642338185647560e+02 1.405659550272594416e+01 5.228339915266433380e+00 3.164474896995056241e+01 -2.358709899294595402e+01 1.713372368605751461e+01 -2.440132311564197778e+02 5.527080954187817419e+00 -4.507644727522199801e+00 5.326669685270564614e+00 -1.594451306697104087e+02 -1.312711176781298406e+01 -1.627151615144924435e+01 -7.821012637786618704e+00 -2.662453988653242831e+01 6.016405602547083120e+00 3.061482245234326172e+01 -6.578754487695812614e-01 -5.953082160055961580e+00 1.414930505837016739e+00 -6.940733342666136174e+00 4.647243519017585527e+02 4.476404077557567973e+00 -4.408018544416529849e-01 -7.631830140468879975e+00 2.929810107618879833e+00 -1.106487641483577988e+01 3.169777052857821786e+01 6.442759692360981560e+00 3.568286029534110337e+00 -4.957282171502768620e+00 -3.650012695216587844e+01 -5.878139370128487684e+01 -3.334534412235830558e+01 -1.524238576690703439e+01 -6.434164623438477726e+00 5.930292063880366982e+01 -6.223549015752925584e+01 1.191697924569854550e+01 1.530840238991178026e+01 -5.671627145341691101e-01 -5.334688508691452569e+01 -3.838602403809947816e+01 2.393972617962888805e+01 1.242795569629779067e+02 -1.485657640870314253e+02 -8.188316829065134073e+01 2.413452683479035343e+01 2.298636647175634096e+00 -6.543417221886232937e+01 3.206095977524044116e+01 3.972964467050880444e+01 -2.697095698203474612e+00 -1.189485306799446285e+01 -1.484563806916822060e+01 1.058476185050877660e+01 -2.647732774120410326e+01 -7.115295086557144089e+01 -2.007107345310074287e+00 1.121609161478154526e+01 2.416366120037308995e+00 -2.683273730880507202e+01 -4.861890578163933441e+01 -1.075777084895510249e+01 3.941232631756999183e+01 -2.356637057555849424e+01 1.247464465009189460e+01 6.066403512490180816e+01 3.729245610989026716e+01 2.628564814355281243e+01 3.075602458489203883e+00 -5.372907615581636875e+00 -1.533236033155099776e+01 5.193368310369817209e+02 4.172514781827068475e+00 2.018417264398423328e+01 -1.420927395155784190e+01 -3.637409422783257895e+01 -4.144362680934177945e+01 4.870676629871526302e+02 2.097192316386453825e+01 -1.783992307931657479e+03 8.409084447207487756e+01 2.090404129375664866e+02 -3.959137496401510248e+01 -2.292003540892239073e+02 -1.580533979572245684e+01 0.000000000000000000e+00 0.000000000000000000e+00 0.000000000000000000e+00 0.000000000000000000e+00 0.000000000000000000e+00 0.000000000000000000e+00 0.000000000000000000e+00 0.000000000000000000e+00
2.419375932004770302e+00 6.322490303759634500e+00 -1.875827871752625597e+01 3.975090058169051588e+00 1.441878838408533738e+02 -6.360723050183073468e+01 5.726562245611691360e+00 4.549405489863348251e+00 4.705333240766126579e+00 -2.361306421126189825e+00 4.746021555705318917e+00 -4.972916172229077603e+01 4.421721735783142648e+00 -1.429239431661084581e+00 -1.665993348036452382e+00 4.152411450464774134e+01 8.172231001830750685e+00 1.353642513740723885e+01 1.269051252947194719e+01 4.238458616720158290e+01 -2.127027146583132300e+00 -5.625236597528173732e-01 9.833603031565907315e+00 -3.982767899052220173e+01 1.455645099407953857e+01 -7.295898167589546901e+00 5.288147838926381610e+02 -7.253764331615997207e-02 -5.035964760896903591e+00 7.772549137107118256e+00 -8.304722598052892479e+00 -2.434762310137754238e+00 8.402875073893000035e+00 6.115578600343939186e+00 -1.521960460951187954e+01 -8.254819853884784209e+01 -1.073821629169675695e+01 6.073835163800991666e+01 1.728391749076632777e+01 -1.493365117736046699e+01 1.196374388111949116e+01 -6.955779485427417796e+01 7.233630943152357418e+01 -2.117717344781170752e+01 2.617055402409683929e+00 3.009263980802740690e+01 -3.533178683185671787e+01 -5.857386468935974477e+01 8.874409859824874403e-01 -3.232893566773891791e+01 4.005874135241899126e+01 1.338114236575851379e-01 4.412377942433040801e+01 -1.768844592645152858e+01 8.259167739884668435e+01 -1.330913501854464087e+01 -1.352811720181243516e+01 -4.728538478879206863e+00 7.264562635539689062e+00 -2.797862239776039317e+00 1.718396186513963642e+01 2.173459014506210707e+01 2.899242989411550120e+00 -6.123841681366831047e+00 -2.108213527050397929e+01 -1.351712467362954229e+01 3.373656174888493453e+00 3.084975066969787960e+01 1.512016029270313311e+01 -2.811747330034465264e+01 6.442933239990290772e+00 1.421355128059195749e+01 -3.292016523374951475e+01 5.881564478447046440e+01 7.213657839160654817e+01 -8.400146526260542146e+00 3.588041452048220492e+01 -1.136009552115066334e+01 3.885274953091523571e+02 -2.596161670835437718e+01 -2.233498102850757618e+02 2.828663043336961724e+00 3.545260938178063270e+01 4.368765315299047103e+01 -4.929042036210894935e+02 -2.772977251903611418e+01 2.343057791596124389e+03 -1.199417393472787978e+02 -3.965488361626250366e+02 6.941079749256539699e+00 5.213369417027723784e+01 8.645797380271415022e+01 5.316277150375152161e+01 0.000000000000000000e+00 0.000000000000000000e+00 0.000000000000000000e+00 0.000000000000000000e+00 0.000000000000000000e+00 0.000000000000000000e+00 0.000000000000000000e+00
7.100778392705233699e+00 -4.367539930455531128e+00 -5.282836652382130183e+00 -2.491285853937960759e+00 -9.249771622011708416e+01 3.956917111958457411e+01 -6.181756014788294173e+00 -5.159339548352924965e+00 4.354171848243428400e+00 -6.654140801471288391e+00 1.917191042734335937e+00 -3.895317288663051869e+01 5.027328059302152319e+00 5.598532729211482817e-01 9.967951205493402966e+00 -2.596855724940499499e+02 -2.919647606031057663e+00 -7.505332593995756696e+00 -8.323437070254284365e+00 -2.305652217049446762e+01 2.267707086319548537e+00 1.739814384397755731e+01 9.580186768393321728e-01 -7.769638986910932132e+00 1.916843359948801151e+01 2.068847922423582730e+00 -1.281455243808923683e+02 5.816007098436058342e+00 -2.407910258308071150e+00 1.267170849219636963e+01 -8.027639590666378666e+00 -4.615660407647869334e+00 1.732359924018223651e+01 -6.449518051050016076e-01 1.002378635782779526e+01 5.442781223221863485e+01 -1.676526710246223217e+01 -8.971661085634355004e+01 -5.206029505840943017e+01 -5.168378622080549434e-01 5.413026214132626635e+00 -3.763504998204879115e+01 2.449745626206851767e+01 -9.250584200925979772e+00 6.648095527100002400e+00 2.224700424989597636e+01 -4.250183732035168305e+01 -6.158950032103252425e+01 1.512005970004133815e+01 5.506887270131897338e+01 -6.751055589152453251e+01 -4.755634058889383908e+01 4.619046678730224187e+01 -6.728349767577441298e+00 1.495402376984412474e+00 2.781337587871917449e+01 2.254204267199294520e+01 -2.096109767195661533e+01 -3.517726493616564198e+00 -6.620056220891648024e-01 8.101882276182182707e+00 -2.487166996144451048e+01 -7.800018436971579661e+01 2.869121037441500377e+00 2.638936148821966299e+01 -4.736501806782513313e+00 3.768800729596610211e+01 -2.237854520533690206e+01 5.892533302193549982e-01 -2.051491158855968422e+01 1.657963117531778607e+01 3.497579870826431403e+00 -3.092375157131023400e+01 7.227382311440561580e+01 9.705184543728452695e+01 8.819987173793776947e+00 6.170424250342531991e+01 -6.148183206570844561e+01 2.069190777586533841e+03 -1.415581393673643973e+01 -1.365590631320650914e+02 9.371760960749728753e+00 7.989427874509134142e+01 2.675393051390507893e+01 -2.991185892312738019e+02 -4.601927503146483467e+00 3.733731232240468785e+02 -1.878354133381798619e+01 -1.043293243083944688e+01 -8.270016096034717989e-01 -2.711382996415346014e+01 -7.807434371308163179e+01 -9.657982271635250981e+01 2.655034591568186784e+02 0.000000000000000000e+00 0.000000000000000000e+00 0.000000000000000000e+00 0.000000000000000000e+00 0.000000000000000000e+00 0.000000000000000000e+00
5.071324502313851568e+00 6.125008176099386858e-01 -9.519667344664025421e+00 -1.892702315519668943e+00 -7.785754419621551392e+01 2.652293163394718079e+01 -1.225921827065143077e+00 -1.779575931912454223e+00 -1.948564491455549330e+00 -7.838472773275482197e-01 2.356529543360620593e+00 -3.434316229808074894e+01 4.567935198158781240e-01 -7.066575861956493121e+00 -1.246840836073553938e+01 3.326589079489436358e+02 1.101355744850203422e+01 1.329559516923935014e+01 -8.737093481439064391e+00 -2.972932278468762135e+01 -1.115183359339743774e+01 -7.016264206798810221e+01 8.764967232659614638e+00 -1.754957041234867177e+01 -2.030848845427863836e+01 -1.777224387262308269e+01 1.194308797470190029e+03 -5.155987233638233747e+00 -4.101389931505996067e+00 1.233835587095657971e+01 -2.943294015493366889e+00 -2.446950836713246424e+00 7.825018152433465879e+00 4.520989303664091352e-02 -4.587348541312964656e+00 -3.883217789323264668e+01 -1.620975644345264044e+01 1.225154662271603101e+01 8.266760026684854878e+00 -8.522005166063060244e+00 -6.853710749215185416e+00 4.875491835193427193e+01 -4.234588920903976828e+01 6.758588686418150360e+00 2.057460107340141064e+00 7.553497420019528619e+00 -7.720351494162488670e+00 -1.493419536588517538e+01 2.215250268494766317e+01 1.214733310731614893e+02 -1.520471210091071157e+02 -8.411373208666452683e+01 -9.488256700538833854e+00 2.454847694086648602e+01 -1.870065010515797326e+02 8.127712820336343214e+01 6.665185953679633712e+01 -8.661906059580985584e+00 -9.285546386432359967e+00 -1.448400964133068314e+01 3.763395107199999146e+00 -1.811647183535932371e+01 -5.264709300112641444e+01 -8.732489169407710250e+00 1.475305903228656135e+01 3.290118178558529394e+00 4.028838707523405560e+00 -3.843331875113560869e+01 3.455104554928733585e+00 2.073176426614727674e+01 2.748030025898001050e+00 7.739960836973842184e+00 -1.315916487964301851e+01 1.838762739427804505e+01 2.251879486477528047e+01 8.376786563972512312e+00 -1.860636626346141398e+01 -8.221652432247712028e+00 2.799892727040062255e+02 -5.433882454312492172e+00 -5.742169036990789976e+01 9.688156588512963907e-01 1.568888329044270868e+01 -2.075002084722072926e-01 -2.110789597924760130e+01 -4.442645041775211467e+00 3.809209296595925593e+02 -2.132481082143617357e+01 -6.692499442169075508e+01 2.417764076663340589e+00 1.132777998918128937e+01 2.625342877999992552e+00 -1.733542842423309338e+01 9.774368900021525519e+01 1.458745947649434527e+01 0.000000000000000000e+00 0.000000000000000000e+00 0.000000000000000000e+00 0.000000000000000000e+00 0.000000000000000000e+00
3.183106308798282491e+00 -1.274771622029791551e+00 -1.053472284451480334e+00 4.894901627102533404e+00 1.801482272751865708e+02 -8.063653432859199199e+01 1.863899515022229991e+01 1.768930970299718552e+01 -2.332865891668976133e+01 9.801469762203339542e+00 2.296932349750306912e-01 1.504228219534762978e+01 -3.920562133805267635e-01 -7.184845975120827788e+00 -3.009491162007655873e+01 8.073712075412913691e+02 3.547466880644494580e+01 5.594280423763997590e+01 2.900584531220899009e+01 8.492650726121672733e+01 -5.853143728272760526e+00 -3.518032560770268447e+01 1.160200587643798631e+00 -1.421267378781428015e+01 -9.574853599937782178e+00 7.010381823812589452e+00 -4.397061093752834608e+02 1.002729367448321085e+01 -8.503689538099873602e+00 6.782713752845957345e+01 -8.732749038103504446e+00 -3.392542054844047250e+00 1.990121046280484762e+01 -3.845481688795854947e+00 3.005651111553916177e+00 2.823826877799655932e+01 -3.544818692326001219e+00 -5.793678587780432565e+01 -5.039040883908943869e+01 2.094237812250955955e+01 4.709600307137526976e+00 -3.044932663568491193e+01 2.945070082483857377e+01 -7.183773347259210240e+00 -4.842019350021010915e+00 -1.980619218204909604e+00 2.836923850376128442e+01 3.862584356617575487e+00 -1.662127909413728233e+00 -1.346657514612617490e+01 9.688069715370062340e-01 -7.384984761387388019e+00 -5.292145397932301876e-01 1.154716185716887367e+01 -9.278012497650824741e+01 4.619122443742163853e+01 2.051815087503291934e+01 -5.396846705782280651e+00 1.378723969816137185e+01 -8.050303050208391653e+00 1.776111777182708806e+01 4.140978989360405649e+01 2.865495625465151619e+01 -3.234687084506786547e+00 -5.441973238963468873e+01 -2.778487021843302074e+01 5.502071899963778989e+00 9.708760272572403949e+01 3.624622960861154297e+01 -3.583641045555054916e+01 2.794055274457886817e+00 1.616508096370784386e+01 -5.888009786652346378e+01 2.507734017069689614e+01 4.641299987691711948e+01 3.200866502693703097e+00 -1.960331168251397926e+01 1.613900260785930385e+01 -5.393623945541642115e+02 -2.909466840479274730e+00 -3.927352268538680136e+01 -1.899804397040064430e+01 -7.666996880924465074e+01 1.669170537620836825e+01 -1.180148355239381743e+02 -2.884528328660861618e+00 1.644654280421166845e+02 7.583547057287199777e+01 2.784370981351092951e+02 3.321256212917451478e+01 1.913762690915733629e+02 -9.658031238873654445e+01 -3.027911680168836028e+01 -1.834055803093042982e+02 -4.680577184020440029e+01 -3.688362167087546339e+01 0.000000000000000000e+00 0.000000000000000000e+00 0.000000000000000000e+00 0.000000000000000000e+00
9.797871943839107090e+00 -1.221625487419446365e+01 3.292935666083939061e+00 6.568816410246705040e+00 2.536420009693764541e+02 -1.029885157307540879e+02 1.162857533297045443e+01 3.836210279150155777e+00 2.471698011695428221e+01 -1.961453874988740509e+01 2.003607728145343359e+01 -2.744614127958449217e+02 1.392128410048794507e+01 -1.012966229340439384e+01 -8.426005591193201028e+00 2.130926173385779805e+02 1.132912230737233372e+01 1.803425030912021754e+01 1.469976417841299998e+01 4.936856614492022288e+01 8.636280045300818387e+00 6.791388641538527793e+01 -2.261909977595279564e+00 -6.028162351907086602e+00 1.959880457807173570e+01 2.473256475726272896e+01 -1.621408293815165280e+03 2.385614079232258433e+01 -1.942009499331164690e+01 1.520178116053975259e+02 -2.567689883886969682e+01 4.583104913534062241e+00 -1.923285816868243003e+01 2.750150605152733974e+01 -3.074003727779174611e+01 -1.469547967470541892e+02 1.540079600569008988e+01 1.357061335498035817e+02 1.026206472673450918e+02 -1.610191489937878373e+01 1.400947442576436153e+01 -1.362836452197618371e+02 1.155567593423896824e+02 -2.453239042280574012e+01 5.958876087143731404e+00 1.724938104429721175e+00 -4.499515919607461711e+01 -2.647811905560025991e+01 -7.233560868089790930e+00 -5.759324079352647630e+01 5.000080150775357168e+01 4.243883916129383493e+01 -2.695937338147622953e+01 -2.254198776576471275e+00 7.742943503607713751e+01 -4.635194013022677240e+01 -4.905679290407915261e+01 1.191652409624986397e+01 7.532476626990616708e+00 2.011700465114675751e+01 -1.076920576179832878e+01 1.876225019877701961e+00 5.261070976125123622e+01 9.009205600510822975e+00 2.390435635349321686e+00 1.427264895505215314e+01 -4.074608695744512943e+01 -2.861894454864194515e+01 -4.396640747867380838e+01 4.544002838568069080e+01 -1.272646463292455721e+01 -1.302744695694364907e+01 6.238098127813902494e+01 -1.071749586135395731e+02 -1.290627188398462408e+02 6.036520775699454333e+00 -8.585392612498475273e+01 4.069496928868484531e+01 -1.348056032998661067e+03 1.648080016379381618e+01 1.459136506424724189e+02 -5.856438646327416286e+00 -6.250268609156248800e+01 -2.396633493044058838e+01 2.850173912692088152e+02 1.326198254603198912e+01 -1.139954762015992173e+03 6.352742354480349007e+01 1.809721068933385482e+02 -2.594895805292086877e+01 -1.355725848797043795e+02 8.490142733111407836e+01 7.792784735313607314e+01 -1.110069331510960922e+02 3.288054180234919244e+01 3.614757838311448523e+01 -1.008516175146653637e+01 0.000000000000000000e+00 0.000000000000000000e+00 0.000000000000000000e+00
3.070360332776778112e-01 2.376874220296424145e+00 -4.906990442937653185e+00 8.595655879736732174e+00 3.190238191385573145e+02 -1.315190114003887061e+02 2.928881413830243474e+01 2.873859296712787881e+01 -2.388889290632313944e+01 1.381397334640810826e+01 -6.254580265504828596e+00 9.763560437734024333e+01 -8.007449465120014764e+00 1.480070803332101725e+00 -3.089544075620519692e+00 6.811381333628513346e+01 -2.088560288232562812e+01 -3.379706433562183321e+01 -2.756230528842905514e+01 -6.850518348544049729e+01 -7.762082786836744575e+00 1.669623200372705618e+00 4.565877421564304761e+00 -1.383574281619604562e+01 3.393058748475147013e+01 1.722560585660984245e+01 -1.121666657123255391e+03 1.993464833707243145e+01 -3.617259309482548701e+00 2.959084257239104687e+01 -1.150981015745530378e+01 -3.533906675140155329e+00 5.398597299139422212e+00 4.782889410220867887e+00 -7.727427182308841402e-01 -1.980244358859119558e+01 -2.401966235662855098e+01 -3.597785802109241615e+01 -1.033047454598296433e+01 -5.772581252774683591e+00 2.349854675256085379e+00 -1.972530968446484678e+01 9.678047237921671098e+00 -1.541622127512816043e+01 8.430841401769534116e+00 1.476499159495303637e+01 -4.185999081609195116e+01 -6.416875601029141762e+01 1.748887396758218671e+01 6.995878600658414825e+01 -1.034374686711058047e+02 -6.810538818070625666e+01 3.467324642012809477e+01 -9.570086805054245360e-01 -1.938183159211662598e+01 2.581084612160133673e+01 1.272504149540567298e+01 -3.119445705713365413e+01 1.530561540714406910e+01 3.178605938436925626e+00 3.693518572273571010e+01 -2.163100503522631612e+01 -1.246452653150740133e+02 8.136347795166150476e+00 2.428657414878562903e+01 1.666068019476794504e+01 -7.429137903880874205e+01 -9.790583518581414069e+01 -3.725162303889612758e+01 7.541051262756442952e+01 -5.030161654956271988e+00 1.452578928495653798e+01 4.303306309676251828e+01 4.376278066961961599e+01 3.357518509917562710e+01 1.060200597705396852e+01 -7.836823760311144582e+00 -3.248528958505185926e+01 1.111013683799295222e+03 -5.036505582599918540e+00 -6.646250636438692538e+01 -1.772823060554373953e+01 -4.306855438070292763e+01 -1.053607461913378884e+01 1.590002391596790687e+02 8.861597249256654152e+00 -8.191443101333012464e+02 8.649004724138291067e+01 2.877654573172727623e+02 2.781277714037191373e-01 1.603006449030256464e+00 -2.077567874477082199e+01 -9.004518234749857797e+00 -2.340438182988866345e+01 -1.320436128548559296e+01 -1.800212905243909489e+01 -2.703267868845761157e+01 -7.226386015287573628e+01 0.000000000000000000e+00 0.000000000000000000e+00
8.190473804271288571e+00 -1.815947755878749348e+00 -1.082230569332903869e+01 4.308074496568595535e+00 1.591080675023071080e+02 -6.505130470834298251e+01 1.108410846213621781e+01 1.410327496034979644e+00 2.765116954159021390e+01 -2.034888656989999589e+01 1.192864972973161297e+00 -3.715280834367641205e+01 8.280830152697312485e+00 7.536170597696047579e+00 2.380932346165754865e+01 -6.347505727951314611e+02 -2.187557750436368309e+01 -3.573760843138369125e+01 -5.031786956856171500e+00 -3.572054754596337034e+00 -1.388440806546840989e+00 2.757900371201349543e+01 -5.559273769317343294e+00 2.068183373689717897e+01 3.227794202606235530e+01 2.681736120432235637e+00 -2.140118008969793095e+02 1.726806019045976726e+01 -5.719114255496748456e+00 4.131756930930396265e+01 7.505263785786775443e+00 -4.223645716125628446e+00 6.301586567245937687e+00 8.796746522119136102e+00 -1.446100537395360597e+00 -1.049268616170377655e+01 -2.054546987331326235e+01 -3.491497697681123213e+01 -1.473061686969306550e+01 -2.311564296201921920e+01 1.221398659146375465e+00 4.112089531666495823e+00 3.993727040568337827e-01 -2.260685571388555104e+01 3.011942211969932615e+00 1.492651227427448291e+01 -3.553243942868839156e+01 -5.234568574919101280e+01 -4.773397685902635246e+00 -6.761904993880415304e+01 4.487395842565932469e+01 9.200706785601322935e+00 1.068912022158045616e+01 -7.810129651069967593e+00 6.169862236802585898e+01 -1.713624768447431990e+01 -2.648806402656143177e+01 1.529931978619201161e-01 -8.269713845402261398e+00 -6.503481565704977818e+00 1.589817111009918449e+01 3.562712437182418146e+00 -4.999947563747975465e+01 4.176098963670655806e-01 -5.499489215446383028e+00 -1.217868063285217772e+01 1.973461129824154980e+01 3.272981134708307138e+01 2.616303508181434623e+01 -5.618393512403059731e+01 1.627617973520256811e+01 9.798018927795155264e+00 -4.279265063463193997e+01 1.008220240690440193e+02 1.274504491534854367e+02 -2.187301785670922172e+01 1.185044757568535942e+02 -2.997889231813586974e+01 1.014477181319074475e+03 -2.345244027677529530e+01 -2.095979388224039894e+02 -3.080508349253417322e+00 1.798728735893350006e+01 2.229399298197195378e+01 -2.622844475788704699e+02 9.180536200152861426e+00 -8.057909387739629210e+02 5.140973355644160847e+01 2.324072630117430265e+02 -2.683016472434712441e+01 -1.629312064010507868e+02 3.695511961413210855e+01 -3.386540170861098709e+00 1.693217758838191003e+02 2.041369009627649334e+01 5.815297617459589929e+01 -3.678992967868893516e+00 1.043347100978262176e+01 3.327369143614155433e+01 0.000000000000000000e+00
7.416044488822808312e+00 -7.503647411518019616e+00 5.865062375489387136e-01 6.204945151625022248e+00 2.376191233642862812e+02 -9.622157403037452639e+01 1.305848188400025833e+01 1.249854128290520272e+01 -8.580702482481376236e+00 3.431390465581625193e+00 4.387802391017636694e-02 1.167341614330634059e+01 -6.727609949960890567e+00 5.012181713516630666e+00 -1.120306075853257433e+01 3.008021058409179886e+02 3.080444803729079695e+01 5.331026893696286351e+01 4.130344166751576296e+01 1.044172071686867014e+02 9.837582913251303296e+00 -5.572248500284454842e+00 7.620901497945263614e+00 -3.330667256276813504e+01 -3.347157800852290421e+01 -6.461531237625676383e+00 5.053179320181762364e+02 -5.931081810417374811e+00 -2.784606454913411078e+00 9.592297709020972007e+00 -1.757072330989888798e+01 -3.786266568159097012e+00 3.067136243721547473e+01 -1.515480193848213020e+01 9.629532987530849297e+00 6.378049307317501615e+01 -9.432516101104301498e+00 -8.461565434413029152e+01 -8.092229343420832777e+01 1.823012830933298289e+01 1.150623628993419700e+01 -7.325050343559576049e+01 7.611691614268005424e+01 -1.589125794792848012e+01 -9.914017160753632041e-01 2.925821992944571548e+01 -1.770921844468309914e+01 -3.935786805428317336e+01 8.601880112502948705e+00 1.656601782049296645e+00 -4.911344400186166581e+01 -3.613060842584689425e+01 1.466474021446417098e+01 8.390875964005994447e+00 -8.083777742965791901e+01 4.674717091494496657e+01 4.187280565320875780e+01 -6.631188302943522572e+00 2.291196381896627443e-01 -4.077559760069302541e-01 -1.548369717016517200e+01 -6.712840581563000342e+00 1.882321832318907440e+01 -7.737722523944280617e+00 7.842310250180476672e+00 -2.830229441204068053e+00 4.700004334637510084e+01 4.339306367167473866e+00 2.887044766555542985e+00 -3.422304202719126920e+01 1.089492028594927930e+01 -4.163669703919183007e+00 -1.845497097870502401e+01 1.717674129243823344e+01 2.402887537803635709e+01 -3.668031052722660945e+00 3.216410910884901853e+01 -2.458407693801692062e+01 8.312598679587722472e+02 -2.172839810649584891e+01 -1.869956808147282175e+02 6.542762667678662325e+00 5.335328859505041521e+01 4.833702896061146959e+01 -5.438341234219471971e+02 -2.204171761715255329e+01 1.849610362517480553e+03 -7.764117657676702322e+01 -2.112368158486851826e+02 3.218018130765386076e+01 1.644895414103798998e+02 -1.192725286299930616e+02 -1.198259792330284199e+02 2.151880020087712069e+02 -1.221066882203851733e+01 -5.757243396501534960e+01 2.410036700763601303e+01 2.262089114629374720e+01 -3.821169473660827265e+01 2.338795727534635915e+01

Matrix U:
1.000000000000000000e+00 1.384347879344193677e+00 2.861137445562667914e+00 1.198071919365099047e+00 2.343530647026617064e+00 1.750650904163623123e+00 1.483576235960240242e+00 1.516820590400401292e+00 1.808815808371646794e+00 2.299867100607203341e+00 3.079421237568508829e+00 1.259732835614338631e-01 1.197878276048755852e+00 2.409598822261626694e+00 2.518836672468963922e+00 1.826455870574320794e+00 1.747734659216206854e+00 2.134806600266468735e+00 7.498941940856069799e-01 3.190556642819689426e+00 3.313722584752484046e+00 1.722355799453854308e+00 1.563716731005569127e-01 2.866970031291313781e+00 1.746667038225943491e+00 1.544663422568483435e+00 3.496260890723882492e-02 9.253003347500576847e-01 1.293181923954855650e+00 2.813390458340855549e+00 2.738988706139656504e+00 1.312729199338089181e+00 5.095598927795071814e-02 9.815271280888415717e-02 3.421304773785717401e+00 1.131864083029558765e+00 3.230093014063582402e+00 1.917071265038240213e+00 3.377032001019075746e+00 1.436774661801454078e+00 7.839992062688977414e-01 6.629109401316918282e-01 2.981128329209991268e+00 2.297487610941408367e-02 1.614251165216003203e+00 2.362233729558703921e+00 2.770056984476666262e+00 2.011096122495371841e+00 3.363454080443777805e+00 9.796395627283486229e-01 1.036916526747658773e+00 2.266198416901366031e+00 1.902785193079399528e+00 3.394215566634109837e+00 9.358888562186518101e-01 2.464315716022769553e+00 1.589776304101907733e+00 1.819677535962472170e+00 2.873583917832107204e+00 4.332149661381315409e-01 1.082935722665751888e+00 2.544962205214473361e+00 1.844348521231800264e+00 1.452656851089645818e+00 8.124392984734093437e-01 1.515279788738522981e+00 2.849713487480866614e-01 3.371548709225367535e+00 2.903125101082489223e+00 2.426968639631301272e+00 2.862845636224200518e+00 2.533909083955568686e+00 3.703191169448750708e-01 2.586239976029411025e+00 1.385241161898541871e-02 2.631496238805111521e+00 1.236075168279646697e+00 1.694744912692375927e+00 2.994974456344207336e+00 2.875528311263077619e+00 3.367832672842107300e+00 2.855289401922375125e-01 2.125017746282614528e+00 4.018275477887800484e-01 1.175603634615921822e-01 3.283514930931202613e+00 6.601168083372606354e-02 2.794939469599159843e+00 2.854259165328711934e-01 1.666323643882609451e+00 3.863136858655954464e-01 2.009108015363448629e+00 8.347047411852662191e-02 1.876522879768158347e+00 3.212910179132926647e+00 6.978953590806006302e-01 5.914571395496096562e-01 4.287995958131923246e-01 1.621702438455516759e+00 2.910628800232383018e+00
0.000000000000000000e+00 1.000000000000000000e+00 2.346779251814390399e+00 8.285019945569981337e-01 2.032553695886367695e+00 1.041348899909584125e+00 1.221591989240782938e+00 6.949937303986408743e-01 9.610703964887763462e-01 1.901714630791315530e+00 2.969498320061161767e+00 -8.074805845426455964e-01 1.175379679890059093e+00 1.416477928094563854e+00 1.767964758560641503e+00 8.881941571991129880e-01 1.707278304134545177e+00 2.056028586055353546e+00 -4.371990357226097218e-02 2.527207948940875859e+00 3.216290689215059562e+00 1.075026237932113826e+00 8.843696619577963436e-03 2.664921016318288149e+00 6.850361401622993007e-01 1.215834748436138701e+00 -9.325736284514541952e-01 4.691743979632462258e-01 9.217586078733461807e-01 2.194029785224574702e+00 1.839093271342830072e+00 1.057347777177290116e+00 -6.832361877426088581e-01 -8.891724337876086848e-01 2.729218297174948127e+00 9.725190542658045390e-01 2.629239299008339525e+00 8.289548280345686582e-01 2.406164901848832915e+00 9.116160249895890466e-01 5.969733367268729302e-02 -2.693093164933977879e-01 2.675049965675719399e+00 -3.925790658306403946e-01 8.137594705480952761e-01 1.518320056617906033e+00 2.433789891152607243e+00 1.434299289458744298e+00 2.896263734137037194e+00 1.074817469523776103e-01 5.681527405730063540e-01 2.012241425843729559e+00 1.174826761147223397e+00 2.932882458504486589e+00 8.693385434716940363e-01 1.846369509685064525e+00 6.173815692750459494e-01 9.559913019184718141e-01 2.560876551051045169e+00 1.934036955369031197e-01 5.082366401588933602e-01 1.648991701355415840e+00 1.355455778227312225e+00 1.316797695131565860e+00 7.162917912813301369e-01 6.144550717688609387e-01 -6.888217043606994494e-01 3.097483545198796318e+00 2.692785742831081297e+00 1.775643990743674294e+00 2.757265276333942694e+00 2.202557067875130503e+00 -6.274940183990103115e-01 1.742410232687875649e+00 -9.105395735436101479e-01 1.922673086139917498e+00 6.632947998528819777e-01 1.529603683711143747e+00 2.861393763614811458e+00 1.851270461341648632e+00 2.737422306201452216e+00 9.237283656227390782e-02 1.198489721365863181e+00 8.901829963359005060e-02 -5.678252822579746839e-01 2.466754421218673166e+00 -5.547904421211560244e-01 2.715768141330101137e+00 1.569008886382691759e-01 9.203057837521394502e-01 1.337736812416857879e-01 1.622319813309983649e+00 -4.641202198654217903e-01 9.156919930685837317e-01 2.695104575436418681e+00 2.800429498248112603e-01 5.182721673281300845e-01 -2.067727809844457920e-02 1.319530091026231311e+00 2.377955441651659285e+00
0.000000000000000000e+00 0.000000000000000000e+00 1.000000000000000000e+00 4.441166352811294349e-01 2.845197533785445154e-01 5.245684973356259384e-01 -1.444359150496083988e-01 1.733973871121307353e-01 6.302492773849819319e-01 -1.282802325788682807e-01 5.456102800074311698e-01 -5.290474366666723105e-01 -3.070853988101044929e-01 1.026528442859988788e+00 1.137262389797518286e-01 2.294018443433305798e-01 -1.865664239490056817e-02 -2.648194459713342289e-02 4.439020730492587719e-01 8.753107915811311202e-01 6.661666017416878471e-01 -2.173180357370196603e-01 -7.101557066776839067e-01 6.870049449166102384e-01 4.416487096758862640e-01 -6.941115484405893654e-02 9.834449639725986736e-02 2.921143523315735888e-02 3.110778675717539299e-01 4.758535702637709669e-02 5.659122026875096356e-01 2.483562958002391019e-01 2.819897768947856043e-01 -1.104947574946356370e-01 8.700885110124060295e-01 2.241975427236985452e-01 3.558276345347984870e-01 6.848835855855958110e-01 6.680870404719029265e-01 2.938865978709767068e-01 -3.762549298718169122e-01 -2.561627964870216156e-01 7.833554495259800188e-01 -3.286461797218025449e-01 1.795911220129249863e-01 1.052686013566776380e+00 4.387117242744346113e-01 6.546832590310912581e-01 9.180057061291141407e-02 7.830917406231336919e-01 -1.882001768022979193e-01 2.583847428522333955e-01 2.001405605511028529e-01 2.468175514257073266e-01 -2.999524152503282304e-01 7.228487093586768442e-01 7.367488466459084506e-01 9.844169258493844499e-01 8.338974103410343175e-02 2.191340529954825811e-01 -3.685992954540369682e-01 6.700315216228260873e-01 9.116702140652202524e-02 4.214614733678665459e-01 2.681656135280970354e-01 5.395724063369795598e-01 4.510765754280415818e-01 6.207042879632062027e-01 9.284295727617121186e-01 3.889441778635800429e-01 2.309378277475190311e-01 3.331041395600754518e-01 3.308563992522500774e-01 6.908247220398963107e-01 -4.219625897492063765e-02 5.392706631772595793e-01 3.350269289609807966e-01 -1.378459200178353827e-01 5.651472641475678849e-01 1.353595594385205381e+00 7.644304109531707692e-01 -4.088898853876288264e-01 3.164100199194112839e-02 -3.635004042908974720e-01 -4.185282067749852009e-01 1.127277706283661640e+00 2.418593297534767372e-01 4.478922942104981431e-01 -3.705208761379975568e-01 4.423874886727116040e-01 -1.131005787895510498e-02 -1.577599084738106061e-01 -9.372888919831462440e-02 6.258222696173456612e-01 2.845178550618297497e-01 -1.658788718047615462e-01 -8.009181863075564012e-01 -2.996258679198692265e-01 -1.804521402139190323e-01 2.192657923296130462e-01
0.000000000000000000e+00 0.000000000000000000e+00 0.000000000000000000e+00 1.000000000000000000e+00 -3.759370763247932246e+01 2.503676375872765192e+01 -5.839688457360559681e+01 -1.303724910584251973e+01 2.745241533521233013e+00 -7.568927647576741435e+01 -4.809178066519742600e+01 8.516552496853192267e+00 -4.153429431731612453e+01 3.372743519504942356e+01 -3.961731923889837503e+01 -9.501685932762180542e+00 -8.065359886653595822e+01 -6.713216016266699171e+01 4.043278022612815192e+01 -3.332461267329046706e+01 -6.075762134731979813e+01 -4.239502928471016929e+01 -2.690975476359107077e+01 -9.726784402984584688e+00 2.886591949687566583e+01 -3.058330430091286800e+01 5.236607327621612740e+01 -1.265361016235129732e+01 -3.014868860358619074e+01 -8.898204659242317405e+00 -3.330461183882258069e+01 -2.750593717129840599e+01 3.415260535973954603e+01 1.507937533908001271e+01 2.217128720312852863e+01 -5.182761816473832539e+01 -5.401037226670722191e+01 5.006162077466485272e+01 1.328433603888864312e+01 8.174158387714635765e+00 1.392016548383544894e+01 3.015407768310097492e+00 -2.582245622911370830e+01 -6.510822436436340865e+01 -1.793733743680191850e+01 3.567397694353332582e+01 -4.431665015079870074e+01 1.372261431720114544e+01 -1.923531133656540248e+01 2.807429296642899885e+01 -2.367562406144723752e+01 -3.113623106619755632e+01 1.787526417155711655e+01 -4.816282580121432488e+01 -4.658316980748931257e+01 1.360287022043929284e+01 3.546158878164202122e+01 3.361961670688917536e+01 -7.301693662965419662e+01 -4.837411565060698138e+00 -4.219680953932430612e+01 -2.503604539673268903e+01 -1.526522374934662096e+01 -1.874674065304695958e+01 5.301837456941287385e+00 4.214973529976389699e+01 5.080535462396224489e+01 -6.515758632295468544e+01 -5.593793747979811570e+01 -2.562226163057462713e+01 -8.863235742160219388e+01 -6.073244351413691788e+01 2.340296513692274871e+01 4.237514256551484237e+01 1.652828475526107255e+01 -3.547043051665654900e+01 2.963177610527363726e+01 -2.826987170728152421e+01 -1.917448005158352586e+01 4.442589424447391622e+01 1.141680874591048322e+01 -6.071329355192257538e+01 -2.481988494808948076e+01 -4.972583783684627434e+01 1.588947446629057225e+01 4.631695849058178993e+01 2.167459081680473076e+00 -1.558778984607593543e+01 -7.267598434902190263e+01 -1.242960984085760856e+01 -2.558007356439062718e+01 -1.237193357288251860e+01 1.628746928060941102e+01 1.857740349258285661e+01 -6.399102409203587172e+01 -1.885442155915337281e+01 -8.318956815177254782e+01 -3.717741445276965351e+01 -7.584799133877361044e+01 4.967296621474903695e+00
0.000000000000000000e+00 0.000000000000000000e+00 0.000000000000000000e+00 0.000000000000000000e+00 1.000000000000000000e+00 -2.514554345797720414e-01 1.241090717742040717e+00 2.517806004486808358e-01 -5.442388274435772111e-01 1.757517188403528330e+00 1.295791475686070893e+00 1.939189954082889689e-01 1.074172138111775476e+00 -8.787123248234534056e-01 1.837629629024341016e+00 5.742046069456674395e-01 2.002449916501619853e+00 1.788159268972438820e+00 -1.736288773740645386e+00 6.013369822395614461e-01 1.110108295454733662e+00 1.376621174132611536e+00 1.006580731254878236e+00 -1.328375306583374216e-01 -1.192673922056827068e-01 7.167885914826446214e-01 -1.362713043893125198e+00 6.448448249764736628e-01 -3.686592216733271254e-02 1.388171049366193843e+00 7.289262530051852096e-01 3.743446916299606464e-01 -8.735256088769087768e-01 -1.794835757126463094e-01 -6.960052548991152443e-01 3.492345998943136576e-01 1.329316338369444850e+00 -1.128865927731007579e+00 -3.358505182814630619e-01 1.712560005828367982e-01 5.463071940272690163e-01 -6.043784952386215686e-02 1.209501893349589213e-01 1.244342740530647307e+00 4.183507213850486961e-01 -1.346480579181523529e+00 1.360732988301226465e+00 -9.006418550053402194e-01 1.473659227839826391e+00 -1.117850854649248937e+00 7.045902800715188041e-01 5.605587210031134360e-01 3.588573723132018611e-01 1.370902513364012254e+00 8.238943462795593753e-01 -8.622392745836864325e-01 -1.027808598745468593e+00 -9.610784847755344806e-01 2.215704505189292295e+00 -3.472820075061615053e-01 1.360254188347996829e+00 3.437805303176195704e-01 3.000030430386758096e-01 -2.770303812046613912e-01 -4.801948139196394183e-01 -8.248167222949540633e-01 -2.082215193139391740e+00 1.873015563058333388e+00 4.263244548659458899e-01 4.041396506824008195e-01 2.085194145727941706e+00 1.699202452929916340e+00 -7.754820035145146839e-01 -1.265369827485323562e+00 -5.031022044854736031e-01 4.354797494044224115e-01 -6.805449333005281209e-01 1.003061956237565333e+00 3.634288702893884726e-01 -1.924340209314663097e+00 1.309922390800832837e-01 9.075864773881523462e-01 1.306214973475066321e+00 1.025270496800909426e+00 2.974467698979052499e-01 -9.569231033652179086e-01 -5.656641702425291296e-01 3.455226123844621355e-01 1.832383640989581508e+00 3.086906228843006028e-01 6.604216239089826246e-01 5.664087784246730761e-01 -1.095037124957847358e-01 -9.909049605148727569e-01 2.135223764628581655e+00 1.104429396235205169e-01 2.001151837034520486e+00 7.548234532245249317e-01 1.656748016794310496e+00 9.609790802552863331e-01
0.000000000000000000e+00 0.000000000000000000e+00 0.000000000000000000e+00 0.000000000000000000e+00 0.000000000000000000e+00 1.000000000000000000e+00 -6.184118709012372817e-01 -2.365902349353007361e-01 -9.520105604039702518e-01 -4.025912564053459874e-01 1.463875295479888095e-01 1.184148948048275418e+00 -2.184028934240175857e-01 2.434287272402699542e-01 1.952952174155328402e+00 1.018448727787839569e+00 -2.909670534510462869e-01 5.081988593668558540e-02 -1.589466687379838650e+00 -5.546189324673733712e-01 -1.067265696938451081e+00 8.446696246968992128e-01 6.991715198744564708e-01 -8.698634612533521215e-01 1.626924333327649075e+00 -2.211805117826322609e-01 -1.468192944056729080e-02 7.338952707164920763e-01 -2.063801857548367646e+00 2.936319695392332285e+00 -2.428825066573092051e-01 -9.743025809399331605e-01 -5.191041677361263318e-02 5.925448136895072881e-01 4.274052630572734712e-02 -2.555229896117841015e+00 1.566132963695689856e-02 7.716647516353096758e-01 3.804643811477453896e-01 8.729039892611183404e-01 2.340012128211962583e+00 1.893317105081043228e-01 -1.374974296541107588e+00 -1.152996841842421683e+00 4.408595168356369172e-03 -8.830739403374811003e-01 4.063118715377124768e-01 -1.258173910621047442e+00 2.578180364780591205e+00 -9.820556897160804821e-01 2.989133799195703989e-01 -6.560991173588097691e-01 2.207950225501242869e+00 2.909033199217441190e-01 -1.161221370406554598e+00 -1.167606411028116353e+00 -3.862377673646737175e-02 -2.002652280389358996e-01 7.158719033567066958e-01 -1.330849638773730526e+00 6.909793488959209418e-01 -5.093239068133047498e-01 -2.242388376290472274e-01 -1.978715503851649959e+00 -8.288236869911020932e-01 6.926519453780262126e-01 -1.735231238755053029e+00 5.477396088060741963e-01 -2.552088941913287723e+00 -5.010393932131771422e-01 -5.281143421017026052e-01 2.109033503459108450e-01 -4.073930869804466282e-01 -1.584450613404404518e-01 -9.118855791867700247e-03 -9.506781000997430731e-01 4.176427465213904400e-01 6.557181177452757748e-01 -2.614359864777830444e-01 -1.533485282710064235e+00 1.251282388690305059e+00 -1.775735229732863241e+00 1.736550596390248113e+00 -7.129665275940758606e-01 1.907335806638198017e+00 9.143779341333174715e-01 -1.127375602853049497e+00 -1.494077909464521792e-01 -4.410751113238359222e-01 5.180501407654117263e-02 -9.591892496744718055e-02 5.336387145196623827e-01 8.945629639304794045e-01 -1.073895967088186687e+00 1.300188166992769290e+00 -8.339570803243688824e-01 -6.641145345984993398e-01 -5.917163581862461275e-01 -7.621676273480438857e-01 2.883675049578922955e+00
0.000000000000000000e+00 0.000000000000000000e+00 0.000000000000000000e+00 0.000000000000000000e+00 0.000000000000000000e+00 0.000000000000000000e+00 1.000000000000000000e+00 -8.762208940906914822e-01 -1.523180080961529237e+00 9.946850054803633157e-01 8.935729375166551192e-01 1.861454863885337208e+00 7.718254707463070297e-01 -1.047437819159662720e+00 3.934104665739851736e+00 1.978547444977012404e+00 1.666718410436283770e+00 1.271139852229334233e+00 -5.028942196080418370e+00 -4.454382033196097601e-01 -1.318735875870462315e-01 2.489099725718407097e+00 2.420507225363988990e+00 -2.268459617877783607e+00 2.151375092614125517e+00 -1.549538822653329095e-01 -2.073032203647363847e+00 1.086090809253937417e+00 -3.284159700889718980e+00 4.241576805695261854e+00 -2.472987959130779068e-01 -8.353575038325286028e-01 -1.286869043225127074e+00 6.520067088275335321e-01 -1.792941493751365911e+00 -2.908541600782953207e+00 6.217228161193083524e-01 -8.284613444554445039e-01 -9.370989875155665283e-01 8.027404518023794067e-01 4.034884496306715640e+00 -2.433958228388347911e-01 -1.817333650474767692e+00 3.788191012128190871e-01 2.578918422320138348e-01 -2.680023503548885966e+00 9.928852532326152280e-01 -2.976395134512412000e+00 3.822755568064576615e+00 -3.101311298627829949e+00 1.061772667988139629e+00 -7.935573635344771448e-01 3.717341848898941592e+00 4.660478225145143760e-01 -1.396429749953270960e+00 -3.198326768676750476e+00 -8.303297651120969958e-01 -1.384584399868976634e+00 2.614557116596832653e+00 -2.462721596973166616e+00 2.675115983772529571e+00 -1.073902753602480886e-01 -4.516553198453208684e-01 -2.830693039893303897e+00 -1.288127426119122010e+00 -1.287157711066665211e+00 -5.252525321455830287e+00 3.120674122746295964e+00 -3.676897413371625234e+00 -9.994306064540730006e-01 1.000202429463912468e+00 2.023440370882283013e+00 -2.144837002109874824e+00 -1.952132623733306538e+00 1.236752906209659525e-01 -1.278019170614205224e+00 9.178526549177302984e-02 1.930196779943638363e+00 -6.342400569910411345e-01 -3.984293400720593237e+00 1.016181379168676902e+00 -8.930869672728884989e-01 3.240460020011767917e+00 4.223541142811334526e-01 2.636440590065506129e+00 -8.562941485642152628e-01 -9.319481767726311983e-01 -9.108303108472992626e-02 9.198385026883758586e-01 9.907095055752058732e-01 6.181312292568090783e-01 2.277494020422165255e-01 1.792427040769642765e+00 -2.516057700097478644e+00 3.751369757530159887e+00 -5.667870353500376046e-01 5.969045513245145873e-01 -6.785247410373853594e-01 3.701481843840307984e-01 4.610674520834944445e+00
0.000000000000000000e+00 0.000000000000000000e+00 0.000000000000000000e+00 0.000000000000000000e+00 0.000000000000000000e+00 0.000000000000000000e+00 0.000000000000000000e+00 1.000000000000000000e+00 3.561922690459608631e+00 4.537460496922119391e-01 -2.443743926354388918e-01 -1.516187582033262204e+00 -1.702858751401547632e+00 2.454410051937811588e+00 -4.753135898508752177e+00 -4.175599075853322351e-01 -1.019760713909674710e+00 -2.840220819648803796e-01 6.508395019855128361e+00 1.625356188950358272e+00 1.549978743705475948e+00 -1.518962156001432584e+00 -2.811620301792070453e+00 2.954594787316977555e+00 -3.294676003198882874e+00 3.999284790523994770e-01 1.376914250347253565e+00 -8.997235771509424218e-01 4.451936417422825976e+00 -5.082345598331229120e+00 1.318783186200882751e+00 3.507456277433126379e-01 1.107539774117921594e+00 -3.640044495356005161e-01 3.890456642547936106e+00 3.915643145362292632e+00 1.916794802594534941e+00 2.575917200264285611e+00 2.514925847524034364e+00 -1.668305132713094441e+00 -4.634801338005829940e+00 1.334450024092054932e+00 2.684637707633279025e+00 1.321238343899466372e+00 1.372008068571949790e+00 3.958500036587729642e+00 -1.265937171148058482e+00 3.530168398080701486e+00 -3.691503025221012813e+00 4.090149251010495313e+00 -5.327263408073340534e-01 1.277092488074420773e+00 -4.542257313837170685e+00 -4.115538700682177392e-02 1.262596322936271553e+00 4.486977146205712863e+00 1.799899480089852455e+00 1.384534529751367593e+00 -2.692469909356474567e+00 2.259041935875263807e+00 -2.334024401827129669e+00 2.559124599471580996e+00 9.052049108382815845e-01 3.217141703531282371e+00 2.159849923843353725e+00 8.336270983887154040e-01 7.085803705131735519e+00 -2.357350966491378319e+00 5.648729353082462268e+00 2.453094539084379910e+00 7.174628338247955872e-01 -1.943073441111853539e+00 2.495042792307645474e+00 2.510577215905190673e+00 9.683895028141586980e-01 4.207643747868934803e+00 1.024304595270037810e+00 -2.579137146252117763e+00 1.102334938848232415e+00 6.635535698623828083e+00 -3.621128458239404879e-01 2.025695406757217931e+00 -3.241950951357335686e+00 -8.676894527382071620e-02 -2.385935921565969231e+00 1.819972947021494925e+00 2.455923212087948837e+00 2.129602309227728030e-01 -9.352523142938007350e-01 -6.611007251191832745e-01 -3.038265298582326635e-01 -1.118954393859161955e+00 -1.604523108780435914e+00 4.141737683111841761e+00 -2.359842285740791912e+00 1.557940668237095760e+00 -6.783635103342048334e-01 1.452190090241511244e+00 1.582526139915329644e+00 -5.186048271135271115e+00
0.000000000000000000e+00 0.000000000000000000e+00 0.000000000000000000e+00 0.000000000000000000e+00 0.000000000000000000e+00 0.000000000000000000e+00 0.000000000000000000e+00 0.000000000000000000e+00 1.000000000000000000e+00 7.982475488029191490e-01 1.694968204562783687e-01 -3.826305496481462454e-01 -3.154280443716160343e-01 4.509502433607238125e-01 -1.386619215087513624e+00 7.624576169561100292e-01 3.523494079617953689e-01 8.091001686757166578e-01 1.519401706189185353e+00 8.927352607450137478e-01 4.459888263409501619e-01 -3.655239265350848088e-01 -7.123609882437443863e-01 1.109367885212440286e-01 -1.503413456692491268e+00 -6.367369969849173694e-02 7.249345338323538723e-02 -1.632891360805426711e-02 1.124921574279534209e+00 -1.821453590270450507e+00 8.251715599454017003e-01 1.176796134799971139e-01 1.079403532474735028e-01 1.035964697133579110e-01 8.677230636821258170e-01 1.100315824750636606e+00 1.214523738804335729e+00 3.525103689564732523e-01 4.554313942611663557e-01 -6.813613578004983351e-01 -1.273698721104187470e+00 3.714792379173774695e-01 9.825577474785691656e-01 1.361126632470353481e+00 1.164521963501718105e+00 9.148386907943237834e-01 -1.503795975925933427e-02 5.976855416361832596e-01 -1.061814662026832945e+00 1.259633680250032972e+00 2.666392766987570329e-01 2.567787808650927595e-01 -1.949832832529038606e+00 2.254513293315113798e-01 6.114610234981456838e-01 1.298651202093100476e+00 3.511549518963040240e-01 1.713215855291262413e-01 -3.448945938523004795e-01 1.911883547647938997e-01 -3.985269096844536452e-01 1.268097829541706245e+00 4.089227531821623129e-01 1.026120953551703074e+00 4.434325820557669107e-01 -2.518800510384723856e-01 2.047710039373920932e+00 -7.553608637664488423e-01 1.841190400480067213e+00 9.273548243402777169e-01 1.103051937110839154e+00 -2.455004067622130332e-02 6.665002942873500258e-01 -3.465662175712641568e-01 1.259791804929117631e-01 1.780954438004821894e+00 -6.531180875684970688e-02 -1.323682740757337273e+00 1.616820648253172732e-01 1.878042059922988338e+00 -5.310363739425220109e-01 1.002894330873510764e+00 -8.504738024289503207e-01 1.836120681295511092e-01 -8.019155233567361041e-01 -5.339934093962785122e-02 5.639296707363589123e-01 -1.918802311426642260e-01 4.759106722482517315e-01 -5.481477437057796775e-01 2.582298484685047191e-01 -6.557883098232023533e-01 -1.013293426401925990e+00 9.143951547799820112e-01 -1.177186613700932812e-02 1.586992742733278061e-01 4.247016796509265335e-01 1.054928444886249927e+00 1.234857571516501329e+00 -2.102266338297155812e+00
0.000000000000000000e+00 0.000000000000000000e+00 0.000000000000000000e+00 0.000000000000000000e+00 0.000000000000000000e+00 0.000000000000000000e+00 0.000000000000000000e+00 0.000000000000000000e+00 0.000000000000000000e+00 1.000000000000000000e+00 9.159860004748473505e-01 -1.013923423647359767e+00 1.389277562451077142e+00 -2.977604509577869707e-01 -7.686928650021637166e-01 1.011866036221059417e+00 6.560726354388631831e-01 1.902959602107412440e+00 6.896119814826410233e-01 7.596235560397384123e-01 -2.594824527166210704e-01 -4.831951729370578819e-01 -2.304188701539254189e-02 -7.527313120606211605e-01 -1.320286454566522050e+00 -9.860895171881133014e-02 -7.896084681543146244e-01 4.923552803219335972e-01 3.484519424425444045e-01 -7.145222374953866806e-01 3.546608766524270151e-01 1.014484288612747254e-01 -5.226367107076949070e-01 -4.354501482828601611e-01 -1.868240123497391103e-01 3.207549558173630189e-01 9.997914456217499302e-01 -5.163976045731299980e-01 -3.006388417879498620e-01 -3.738867136156348026e-01 -1.061954416706369697e+00 2.942595780290782614e-01 9.688706352249547571e-01 7.237865836915092776e-01 7.982905969747734476e-01 -7.997520190916743155e-02 7.098685157655505451e-01 1.048286935903962880e-01 -1.418789254360948437e-01 8.090508697815176342e-01 -6.688109315980469982e-02 7.954010635631586501e-01 -1.304771697496180938e+00 1.453949373069878925e+00 1.749601371201421784e+00 1.502938777576984020e+00 -4.154220023041529930e-01 -4.358018914714855696e-01 6.754487994054405586e-01 -1.613379700330274946e-01 -1.410761817790665701e-02 4.661826776945098283e-01 3.834297913211228148e-01 1.001849846044504666e+00 -4.603777292436543878e-01 -7.631084935963597937e-01 1.061216440486883600e-01 -2.716420200414168540e-01 8.158180732201701924e-01 2.609978775087049008e-02 1.235126638328007065e+00 7.135709826677641976e-01 -3.721201989163483992e-01 -1.510938566113566139e+00 -1.530868664547765823e+00 1.036155411112267943e+00 -1.061621146982939079e+00 -1.292534051986022003e+00 2.817299122553365565e-01 4.605991130282503510e-01 -2.790841586607819766e-02 7.026672847602511984e-01 -7.412481340518992656e-01 -4.566549743034675757e-01 -1.002797778437158893e+00 -1.126952294775980024e+00 -1.041883931500424465e+00 4.580296923281687027e-01 1.007396079643078313e+00 -1.064486034703018058e+00 4.375169886144725795e-01 4.637843129279117238e-01 -1.606187527771109069e+00 1.539498686022225046e-02 4.114809682378752775e-01 -5.941823342220172721e-01 1.806680108479167490e+00 1.023744234230683725e+00 1.475094438819831266e+00 -1.747383080229371499e+00
0.000000000000000000e+00 0.000000000000000000e+00 0.000000000000000000e+00 0.000000000000000000e+00 0.000000000000000000e+00 0.000000000000000000e+00 0.000000000000000000e+00 0.000000000000000000e+00 0.000000000000000000e+00 0.000000000000000000e+00 1.000000000000000000e+00 1.315729547926977894e+01 -6.852787488898268720e+00 9.236739304388763117e+00 1.140371389156866577e+01 9.942132920970925269e+00 -3.093961586824202303e+00 -5.974967784798224102e+00 -6.694855838051655184e+00 -5.211378669906720162e+00 -3.055227299475785863e+00 1.794296556282647614e+01 8.105274683706907624e+00 1.705871633543273314e+00 1.626815073570218217e+01 2.936464994983338794e+00 6.497303917503229886e-01 -4.564813335663447269e+00 -1.588652230834040679e+01 3.128593966916221447e+01 7.822305870723670340e-01 -1.196130310522374351e+01 -7.082434229880656851e+00 4.458380617075583530e+00 1.296856341534422796e+01 -1.671706148528106439e+01 2.003477612841954691e+00 1.836122799668145689e+01 2.029320935615415422e+01 3.844757454130519836e+00 1.688583935817719706e+01 7.722409002271644063e+00 -1.088238476769662100e+01 -2.324655739236737517e+01 -4.789979240026877250e+00 -9.253967811255880971e-02 1.713812452025540223e+00 -3.466059537023551962e-01 3.074364835057136602e+01 -1.999561634128820131e+01 1.333069502438199716e-01 -1.697227684946012394e+00 3.861500181309279611e+01 5.034279107342092274e+00 -1.282750603689702018e+01 -6.416966018145259021e+00 1.174501588047469802e+01 1.823488965699494369e+00 -2.753835166557605074e+00 -1.538879774821557689e+01 9.404013781537305050e+00 -8.960527799009378180e-02 -3.762475927555010813e+00 -2.140478662135883070e+01 -4.479125236836634549e+00 1.021373686533057423e+01 -1.533443969111143268e+01 1.714640607320140120e+01 -2.578749963247149068e+01 1.220637696310422071e-01 -1.008855808233168361e+01 -5.134977105953890231e+00 -2.488247905114976621e+00 1.972547212648739645e+01 8.451264717780816227e+00 -2.489743957262205765e+00 7.313884868603092393e+00 1.624070033917586642e+01 7.607546605368448844e+00 1.947526135340439613e+00 2.459356420479547012e+01 -2.046147509271036569e+01 1.533849663939158958e+01 -3.740214158632513275e+00 2.013607436498958236e+01 2.779141133967881672e+01 -6.298977925220052398e+00 7.200631080541805673e+00 -2.099172771134729842e+01 2.770724092699162533e+00 -3.267051742312201856e+00 2.501227911422480688e+00 1.178438495397663388e+01 1.803753036337047311e+00 5.865925121141842169e+00 4.899581590314801005e+00 -2.314527326137136143e+01 -1.051525624350052368e+01 -1.755874295067793156e+01 3.663299096493290818e+01
0.000000000000000000e+00 0.000000000000000000e+00 0.000000000000000000e+00 0.000000000000000000e+00 0.000000000000000000e+00 0.000000000000000000e+00 0.000000000000000000e+00 0.000000000000000000e+00 0.000000000000000000e+00 0.000000000000000000e+00 0.000000000000000000e+00 1.000000000000000000e+00 -5.242385568753713532e-01 5.941309141712084463e-01 8.957523631148518461e-01 6.592637484367909195e-01 -7.585883959012561240e-02 -3.773939365792366996e-01 -6.524738256808108039e-01 -3.342495792548103584e-01 -1.727243304023388382e-01 1.227741159238227242e+00 5.011108691202205145e-01 -4.700543445008281696e-02 1.168604153684802638e+00 1.817710294411858940e-01 6.935760458051001831e-02 -1.703240815443700373e-01 -1.029895635180431146e+00 1.980169985094669460e+00 9.877533754415172840e-02 -7.029804508040299327e-01 -3.096835400966960750e-01 4.027857749005750443e-01 6.157442081591057992e-01 -1.116212684317053894e+00 1.353659104724340978e-01 1.141766036636874260e+00 1.179099742157468267e+00 2.788473773373068565e-01 1.220618332017004315e+00 4.939749004277154687e-01 -8.605853297008532188e-01 -1.243652046781833054e+00 -2.398413670833010602e-01 -1.361709980468762959e-01 1.052530224616406024e-01 -1.328943476535342227e-01 1.912603355236036862e+00 -1.248537223893063874e+00 7.489678856127142403e-02 -2.691053924086699300e-01 2.467069107443148113e+00 1.661494259861120981e-01 -9.080834357316106553e-01 -6.537588296873277915e-01 7.205524528800090200e-01 1.026719259658621930e-01 -1.430304920531905721e-01 -9.884684206554087416e-01 7.144491522627627322e-01 1.129611913389180246e-02 -2.526883636968619840e-01 -1.401702922666472118e+00 -2.473952898253542199e-01 6.210228887734378089e-01 -9.982602910808804353e-01 1.056581050227765717e+00 -1.693527858403457875e+00 2.123367306468415192e-02 -5.997806215674047481e-01 -2.505709521281844210e-01 -8.453611889751747044e-02 1.130820599546942473e+00 6.869678442801406826e-01 -2.558068397911187342e-01 4.830141817846408947e-01 1.038554983277679256e+00 3.399171474568050133e-01 -8.757934102509995489e-02 1.454523676841424917e+00 -1.227157250857017656e+00 1.147509754026615258e+00 -1.602356347791347169e-01 1.426391406176132248e+00 1.615883601154630922e+00 -2.916629303149336772e-01 3.117923212568347036e-01 -1.142047052912400051e+00 2.315638662499699407e-01 -9.805305293722429982e-02 3.379753626929898891e-02 8.584861180610835474e-01 -2.153662178094534890e-02 4.660416021175044499e-01 3.190282001084138730e-01 -1.509488039334754284e+00 -6.614116605029710660e-01 -1.124011783710879175e+00 2.379304837778687620e+00
0.000000000000000000e+00 0.000000000000000000e+00 0.000000000000000000e+00 0.000000000000000000e+00 0.000000000000000000e+00 0.000000000000000000e+00 0.000000000000000000e+00 0.000000000000000000e+00 0.000000000000000000e+00 0.000000000000000000e+00 0.000000000000000000e+00 0.000000000000000000e+00 1.000000000000000000e+00 -8.166365214207646495e-02 -4.062517124582440964e-01 -1.106346117540032647e+00 -9.381985535813623933e-01 -5.958158438040579430e-01 -5.423933889777664552e-01 9.139138536088832476e-02 5.994761793288991836e-01 -4.517717906946693285e-01 -4.300508528302293687e-01 1.187042505016661309e+00 1.175429443850547040e+00 2.556517665278219553e-01 7.587839862796823542e-01 -1.065574101446046251e+00 -6.522902968005356295e-01 1.170784963150137470e+00 5.488061870237517237e-01 1.192364814502632347e-01 -4.372855482953918460e-01 3.147262625350025766e-01 -4.503072293144056992e-01 -6.160253866152701763e-01 -1.476580023473569092e+00 -8.911181991140998404e-02 1.574347160749792973e+00 2.390327712696357909e-01 -3.111258299228678581e-01 -2.144574192770092314e-01 -4.339041255794948149e-01 -1.521200578928510350e+00 -8.162192938519159391e-01 4.439782379160968073e-01 -2.941162306942488591e-01 3.902974363353952647e-01 4.093540299356713263e-01 -1.921508575100773886e+00 -3.030648504224548456e-01 7.710959838474065187e-01 1.669985854429531180e+00 -2.703356778004882277e-01 2.408632465264508582e-01 -3.125413398134800347e-01 3.260213208046659483e-01 1.049643448162901338e+00 7.459871487701174031e-01 -2.396732185340079424e-01 6.380275222404604429e-01 -1.166467293485255352e+00 4.119227451876867341e-01 -4.916846797110146494e-01 -1.547162894950516454e-01 4.840573720793344137e-01 -9.747974621847760313e-01 1.394157882372208945e+00 -3.745717267835393383e-01 -8.384357862342035894e-02 -1.029976673271764565e+00 -1.850029418613076959e-01 -8.565946702997372375e-01 2.063080787880863465e+00 -8.434351433325151248e-01 -1.133120385080176540e+00 -1.083880497688314709e-01 1.824835607981438512e+00 4.866149571310949273e-01 1.127936390124504307e-01 5.759216924859138498e-01 -1.759618892671416246e+00 5.038185847957762364e-01 8.193529944185961034e-01 -1.451666591904149928e-01 1.530816716140992684e+00 2.797388244353977149e-01 1.324817221531330580e-01 -2.400741182414871666e+00 1.021887728966783593e+00 -1.260210236622675284e+00 6.023169357712675476e-01 5.357834563138238471e-01 -7.054387828168519059e-01 -4.072257389401953698e-01 5.633740572014341724e-02 -9.740439401546135967e-01 -9.594902578083686073e-01 -1.235885089338701670e+00 8.779428006089948777e-01
0.000000000000000000e+00 0.000000000000000000e+00 0.000000000000000000e+00 0.000000000000000000e+00 0.000000000000000000e+00 0.000000000000000000e+00 0.000000000000000000e+00 0.000000000000000000e+00 0.000000000000000000e+00 0.000000000000000000e+00 0.000000000000000000e+00 0.000000000000000000e+00 0.000000000000000000e+00 1.000000000000000000e+00 -2.290691251166117937e+00 -1.149934911979407559e+00 -3.782302503921336267e+00 -3.597240654391728132e+00 2.257226444886009542e+00 1.284486427472766312e-01 2.720390439732927046e-01 -6.148241620728442380e-02 -2.132713203422214321e-01 5.006005766316182992e+00 1.800120999113375531e+00 1.784740904928236171e-01 2.279833470922159933e+00 -4.789163951489761040e+00 -2.456512320445447983e+00 4.223990946237429434e+00 4.396194107837038123e-01 -2.067873703325371348e+00 -3.204539467233312511e+00 -4.308041579789978481e-02 4.951432078686899274e+00 -1.816873828439588889e+00 -2.900731642512414332e+00 2.375641751706548011e+00 6.769725358953814442e+00 4.532471043598214067e-01 -3.953575859024311967e-01 -1.261570503433002977e-01 3.061010739670049774e-01 -7.698291012638856401e+00 -2.375938126208900769e+00 3.245519778150953716e+00 -9.382359805039942602e-01 2.047883967997867760e+00 3.648198728832260596e+00 -5.456178232058868538e+00 -7.898967902556291998e-02 2.047288921987531651e+00 5.520460686496344138e+00 1.009188065938856571e+00 -1.696992250708084127e+00 1.595611127091721926e+00 2.526974808370914705e+00 2.723956770924465864e+00 -1.857477539904786590e-01 -1.582367914590655955e+00 -2.889814952846945784e-01 -1.294346013151282948e+00 3.460629788366114540e-02 -2.766540300704811717e+00 -1.091376723224172895e+00 3.260683630275186484e+00 -1.066288522828257257e+00 3.790260002768785164e+00 -1.898457971011496603e+00 9.455031058040365144e-01 -3.910200187058367138e+00 -3.015462017837716502e+00 -1.135237264163472037e+00 7.556943783693162331e+00 -7.724692829293704488e-01 1.308603408072489538e-01 9.800018984292998558e-01 4.201015662033022124e+00 3.262417187529321083e+00 4.815333478698500258e+00 3.932946570638152561e+00 -6.176475128974281859e+00 -1.851093975154613491e-01 3.791578434771827877e-01 -2.201442482856306448e-01 8.836681565170195540e+00 -5.992491553150438577e-01 1.967540588712782590e+00 -9.631796886408269032e+00 1.639450977787020758e+00 -4.719159589652796249e+00 2.287843777921966471e+00 7.196106217153303009e-01 1.726315983966865586e+00 -1.570549746049478390e+00 1.036364404843254761e+00 -4.817142494259345042e+00 -2.761627828538713469e+00 -4.010030673226491871e+00 4.183219220379974068e+00
0.000000000000000000e+00 0.000000000000000000e+00 0.000000000000000000e+00 0.000000000000000000e+00 0.000000000000000000e+00 0.000000000000000000e+00 0.000000000000000000e+00 0.000000000000000000e+00 0.000000000000000000e+00 0.000000000000000000e+00 0.000000000000000000e+00 0.000000000000000000e+00 0.000000000000000000e+00 0.000000000000000000e+00 1.000000000000000000e+00 2.730761005960176391e+01 -2.455479691773453155e+01 7.563332675619846235e+00 1.798359854294890070e+01 -1.557535283076343013e+01 5.467550931012586268e+00 3.151428907812893598e+01 4.567475067846241643e+01 3.038019830978987557e+01 -7.450785515949302606e+00 3.025290422574971316e+01 -1.952154688920932912e+01 -2.637922068763032257e+01 -3.132589273145483943e+01 7.204523441853118015e+01 -3.490655439107310243e-01 -4.615630528780864239e+01 -3.857903223378126256e+01 -3.902968939902652146e+00 4.880898409609228139e+01 -1.162553426499252751e+00 3.037379528123556938e+01 3.074279773969622553e+01 4.474384966807294006e+01 3.326772208654770857e+00 7.149126246691132280e+00 3.470575188692523128e+00 1.187202833578168715e+01 -6.849311490773611411e+01 -1.116383773372148269e+01 1.712133632472160372e+01 2.290832122076937338e+01 -7.251117231081908976e+00 7.007242078040336253e+01 -7.436334360790094422e+01 -1.507858598599130140e+01 5.007490592928088091e+01 7.826171432015102880e+01 2.785348329788680033e+01 -5.249403323745475802e+00 4.445658740573087186e+00 2.259546214897641647e+01 8.786570194917116439e+00 1.946962567820256451e+00 -4.659045777600737637e+01 1.908493092174992967e+01 5.954103611355609615e+00 -3.037590056180023979e-01 -6.288085890912945786e+01 -1.859035781438583612e+01 6.072820422176579136e+00 -4.974338978631185881e+01 5.675705765394504709e+01 -4.661305995035466765e+01 9.678249988278789795e-01 -6.066887114401495751e+00 -1.120720271694761649e+01 -3.026459254884686700e+01 4.301873467323144240e+01 3.413215131702804328e+00 1.882436888407028164e+01 3.882756301272101584e+00 5.163396072003101267e+01 3.613204793857831731e+01 1.216293002320474592e+01 5.061267971834742241e+01 -4.603720375537415066e+01 1.805299277363977950e+01 2.062532603888333327e+01 1.055793076729535152e+01 8.144137455195865982e+01 -2.701835699028353233e+01 3.819269071308410446e+01 -4.617135768575364096e+01 1.376328517302539689e+00 -6.426633342140536165e+00 -3.084075990993300653e+00 1.542058802637345494e+01 1.032395412339007379e+01 5.819800302966703143e+00 1.066062780108087304e+00 -1.779438130331803336e+01 7.434660147660917318e+00 -2.433773692232039920e+01 6.674873975181428420e+01
0.000000000000000000e+00 0.000000000000000000e+00 0.000000000000000000e+00 0.000000000000000000e+00 0.000000000000000000e+00 0.000000000000000000e+00 0.000000000000000000e+00 0.000000000000000000e+00 0.000000000000000000e+00 0.000000000000000000e+00 0.000000000000000000e+00 0.000000000000000000e+00 0.000000000000000000e+00 0.000000000000000000e+00 0.000000000000000000e+00 1.000000000000000000e+00 -9.954990673103816246e-01 2.250620032806126547e-01 7.298216026591325400e-01 -6.113860826687304018e-01 2.243366332598179524e-01 1.188869988574024372e+00 1.745265793737820426e+00 1.257141003585831474e+00 -2.654060702971559049e-01 1.137861925823694387e+00 -6.838611560870893058e-01 -1.087652480451201997e+00 -1.211745611375271370e+00 2.772804094667502994e+00 -8.716845931313669388e-03 -1.769075524787743436e+00 -1.505735646110933690e+00 -1.499325648657834076e-01 1.961371339896264221e+00 -5.615643433706356269e-02 1.089578139795079448e+00 1.209385015351522208e+00 1.794037143343658380e+00 1.294667054494649527e-01 2.823690645434150381e-01 1.296462689659446943e-01 4.767202750357434904e-01 -2.714798291143006637e+00 -4.542319704232565258e-01 7.138926968466322576e-01 8.445648945344328418e-01 -2.481190094090990894e-01 2.715603085290460239e+00 -2.909084256368646315e+00 -5.697814732075385802e-01 1.921132051231071447e+00 3.038721668019580324e+00 1.063371521378010165e+00 -2.433382521196552906e-01 2.056713323797428050e-01 9.084841975849025086e-01 3.675281365290509750e-01 4.906808506056486302e-02 -1.777128597899293228e+00 7.084253656780969965e-01 1.977824946879729873e-01 -8.448619949825776285e-03 -2.408662474113264729e+00 -7.002715893349045206e-01 2.909655621802205716e-01 -1.875068691449664815e+00 2.191187195792727582e+00 -1.779265659238221664e+00 5.958652836022435006e-02 -2.858782528962438008e-01 -4.734196414834246913e-01 -1.161543780028098993e+00 1.753328894872593358e+00 1.358296238265432054e-01 7.289628623888207981e-01 1.794823453487199572e-01 2.043075219733185399e+00 1.438219090126748423e+00 5.407210364537496927e-01 1.976732875416182367e+00 -1.822803199639388083e+00 6.593968955888829253e-01 8.062042979013336330e-01 4.102728274213755522e-01 3.248460585988875327e+00 -1.028612464498909862e+00 1.493330348167345667e+00 -1.911904666115455953e+00 7.673083298458245605e-02 -3.296296437268535495e-01 -8.616319660684081116e-02 6.031787171664619862e-01 4.366777321808888446e-01 1.770305978357305521e-01 6.324402567704473510e-02 -7.575834242796776197e-01 2.351718552659372297e-01 -9.822546117121084830e-01 2.585252363028839984e+00
0.000000000000000000e+00 0.000000000000000000e+00 0.000000000000000000e+00 0.000000000000000000e+00 0.000000000000000000e+00 0.000000000000000000e+00 0.000000000000000000e+00 0.000000000000000000e+00 0.000000000000000000e+00 0.000000000000000000e+00 0.000000000000000000e+00 0.000000000000000000e+00 0.000000000000000000e+00 0.000000000000000000e+00 0.000000000000000000e+00 0.000000000000000000e+00 1.000000000000000000e+00 -1.079758462241121597e+00 3.642590204701047885e+00 -3.032998879868896047e+00 -3.635305810996794840e+00 1.426562352076500950e+00 2.689747059458978296e+00 -3.936742727425137200e+00 -3.921049243014634644e+00 1.940115218652712414e+00 -4.338294478163357226e+00 6.637046298119907428e-01 1.781611740492610174e+00 -1.993536798625515361e-01 -2.735183091652710896e+00 -1.705462506298268011e+00 -1.560654298975119092e+00 -2.201991840298230585e+00 -1.290031033072752242e+00 3.657740128547386949e+00 4.793332909841844014e+00 -4.204288910031148241e+00 -5.806859831360953628e+00 2.204418494314411558e-01 -6.126570947803767764e-01 -9.873482449940058636e-01 1.361190386833293742e+00 -3.938040750312833960e-01 -2.970110650206658764e+00 -2.363493695703976272e+00 2.312775118361095839e+00 3.747308789992575662e+00 -2.016406396971247350e+00 4.681557486577016647e+00 1.163677370049406523e+00 -6.145916861872166015e-01 -1.448347440419600174e+00 1.722992302106437057e+00 4.071254928537990203e+00 3.014794183632059976e+00 -3.215367255018922510e+00 -4.442771139606809250e+00 -1.176982150731119336e+00 8.792389744982980204e-01 -4.894387911569124228e+00 9.884447630999723677e-02 -2.425923811077362047e-01 2.604194559043759294e-01 -1.314452278336274871e+00 -6.829539513105590265e-01 6.348560583100041343e-01 -2.111813455747927115e+00 -3.116584992695978329e+00 -1.497510102419312039e+00 1.538461003277637795e+00 -2.158088372336684380e+00 -3.918682107902891620e-01 -3.715613952162354572e+00 -6.027404245487345547e-01 -1.164120333058835222e+00 -9.758354131953876909e-01 -6.785501315614308027e+00 -7.669601722747422246e-01 -5.326039779572954158e-01 -9.826207566396137905e-01 3.719037329310407092e+00 -2.338369374547796919e+00 -3.991238060671207677e+00 -1.872759670239569463e+00 -6.196597940125992743e+00 -3.608667784930212896e+00 1.155332055450937201e+00 6.645579109490935998e+00 -2.168427651540504542e+00 5.801621880225104277e+00 6.918016254616414784e-01 -6.768274390247555061e-01 4.052153681248642947e+00 -1.262907553250939285e+00 2.372679283363006153e+00 3.824118946018189469e+00 4.947126086065305017e+00 3.117324727640435889e+00 -1.022500935803177580e+00
0.000000000000000000e+00 0.000000000000000000e+00 0.000000000000000000e+00 0.000000000000000000e+00 0.000000000000000000e+00 0.000000000000000000e+00 0.000000000000000000e+00 0.000000000000000000e+00 0.000000000000000000e+00 0.000000000000000000e+00 0.000000000000000000e+00 0.000000000000000000e+00 0.000000000000000000e+00 0.000000000000000000e+00 0.000000000000000000e+00 0.000000000000000000e+00 0.000000000000000000e+00 1.000000000000000000e+00 -3.269450409460784357e+00 2.904651875263279948e+00 2.611765560387684815e+00 -1.570362548297657757e+00 -2.977488124683305593e+00 2.118306902922924451e+00 3.088202070593351500e+00 -2.267368105017350643e+00 3.970715136535547085e+00 9.480969340936175327e-02 -9.942891095957192560e-01 -1.425806435779275683e+00 2.215355689428287533e+00 2.227832732864156728e+00 2.047590034030865702e+00 2.038299884256286276e+00 -2.057012991995479378e-01 -2.847335827244981132e+00 -4.338040279695857926e+00 2.745486046080340969e+00 3.594926208086655528e+00 -1.069269535813187483e-01 3.824121947793782672e-01 8.516945311368749882e-01 -1.363808318518296536e+00 2.042862901060803704e+00 2.868086203401431611e+00 1.579604165185545028e+00 -2.234805776605720329e+00 -3.095923933989579879e+00 4.839579410021205286e-02 -2.453230521452809842e+00 -6.036578381929347259e-01 -4.659588782975233046e-01 -5.182095848902625868e-01 -2.104136366740432251e+00 -3.135109038169018536e+00 -2.559617194670692264e+00 2.210192976102812068e+00 3.454213703352886800e+00 7.936335238746546894e-01 1.812029145026630428e-01 3.762945620779017730e+00 -7.042941631854773843e-02 2.220303163485844861e-02 1.059614297339571687e+00 1.318340365913273748e+00 3.691810841772808494e-01 4.144208117081499276e-01 5.052479564456561212e-01 3.368023778709180238e+00 1.151475465967844780e+00 -9.368615954419140524e-01 2.074987981547196991e+00 1.174918843774431121e+00 1.627163204673236496e+00 5.931159511149390884e-01 6.851751133747788769e-01 4.706399898466587794e-01 4.458410402351931978e+00 -2.791173727968850327e-01 1.182165446599794945e-01 -2.870347900394417673e-01 -2.053594542750217133e+00 1.646778691585298882e+00 3.061894372391641639e+00 1.224974142068825156e+00 3.414840462828045098e+00 3.509767341698772469e+00 -1.637877375439902972e+00 -3.968425146298581563e+00 1.467778379907209718e+00 -4.179063357087954067e+00 -8.526215034873196874e-01 2.111094336235903035e-01 -3.482409742457781121e+00 1.036497421896836801e+00 -2.087217451896367315e+00 -2.521660673983865397e+00 -3.721508930055748898e+00 -1.922172513222704104e+00 -7.265918652163995128e-01
0.000000000000000000e+00 0.000000000000000000e+00 0.000000000000000000e+00 0.000000000000000000e+00 0.000000000000000000e+00 0.000000000000000000e+00 0.000000000000000000e+00 0.000000000000000000e+00 0.000000000000000000e+00 0.000000000000000000e+00 0.000000000000000000e+00 0.000000000000000000e+00 0.000000000000000000e+00 0.000000000000000000e+00 0.000000000000000000e+00 0.000000000000000000e+00 0.000000000000000000e+00 0.000000000000000000e+00 1.000000000000000000e+00 -3.748330307414483809e+00 -2.070962555894998225e+00 1.115414712299016387e+01 8.427038691240788637e+00 -1.249852902335360172e+00 4.867479436285069738e+00 1.451210625693335210e+01 -1.058109382313436164e+01 -8.091312204518551487e-01 -4.125473138685427976e+00 1.916928575606058871e+01 1.829852402643596054e+00 -5.843448817124330397e+00 -8.437655996396470570e+00 9.653854948364470889e-01 -6.124800189569569397e+00 7.130377880960895531e+00 8.722108462658356487e+00 1.696958320685624022e+00 3.613797806652548239e+00 -1.111625494118774204e+00 -2.568119595887412121e+00 5.969938084151718005e-01 -5.258782487517481563e+00 -1.471756040588990366e+01 -1.061284979940552553e+01 -9.013863102986499953e+00 1.278325029496101628e+01 1.219599572124207754e+01 6.719724501364690461e+00 -1.217803802729203611e+01 -6.703598577522051016e+00 1.089542439465494006e+01 1.867896015745515470e+01 4.635284962972183176e-01 1.197415491586259328e+01 -5.429870643798842877e+00 -7.765826391853608568e-01 1.886327178073792243e+00 5.930436105606391450e+00 -5.781868797723659803e+00 9.162047311181735765e-01 -2.757986321909971839e+00 1.136041558311376765e+00 -9.979945999496221631e+00 -9.592372229604423595e+00 -7.795470530985639801e-01 -1.399733761305214230e+01 1.419149195620921944e+01 -1.202252125602435662e+01 2.003516595189769767e+00 2.762825914045190956e+00 -5.387782214596883890e+00 -5.317097808661187308e+00 1.094038834576932651e+01 -3.946743592859090377e+00 -1.244106765065210851e+01 -3.543754362409457848e+00 1.539602742657072643e+00 2.712505293195797584e+00 -8.345711524784002577e+00 3.386425424862232525e+00 -1.121967007101905445e+01 1.094743789182901672e+01 2.668094779341007694e+00 2.571375880434431771e+00 4.627353982336352090e+00 -6.914952796166526916e+00 5.632110866829265206e+00 -1.317704404409660857e+00 -1.606756109901926077e+00 1.322488365113977871e+01 -5.045184262614964332e+00 4.059561744357103485e+00 -1.598026680719301984e+00 -7.697508434734647409e+00 8.116009504692632603e+00 -7.227387857890012590e+00 7.093650075063426819e+00 -8.506355138741609423e+00 1.733073529202743401e+01
0.000000000000000000e+00 0.000000000000000000e+00 0.000000000000000000e+00 0.000000000000000000e+00 0.000000000000000000e+00 0.000000000000000000e+00 0.000000000000000000e+00 0.000000000000000000e+00 0.000000000000000000e+00 0.000000000000000000e+00 0.000000000000000000e+00 0.000000000000000000e+00 0.000000000000000000e+00 0.000000000000000000e+00 0.000000000000000000e+00 0.000000000000000000e+00 0.000000000000000000e+00 0.000000000000000000e+00 0.000000000000000000e+00 1.000000000000000000e+00 4.404181682679912391e-01 -3.664567324977237028e+00 -2.565846625564157435e+00 2.048061504408703326e-01 -1.936280579762001519e+00 -4.655971507371233109e+00 3.109574906119644933e+00 4.198196003179954783e-01 1.593928007992257090e+00 -6.406011817693602950e+00 -8.551824363827380537e-01 1.787002232468595020e+00 2.689929753220246855e+00 -5.372478346579268038e-01 2.056955337839876385e+00 -2.120122765747172178e+00 -2.444405671765271126e+00 -7.786788691284903807e-01 -1.629497186863982261e+00 3.409988051585005620e-01 8.186049983222191129e-01 -2.662946327866220764e-01 1.931658659668038736e+00 4.852037951544662775e+00 3.371344237554825263e+00 2.815180834338546489e+00 -4.086179918247742293e+00 -3.812776486500565998e+00 -2.319774797059189986e+00 4.547805817869960521e+00 2.265153571248637476e+00 -3.602317282881926985e+00 -6.367343841233885193e+00 1.190545411480132404e-01 -3.676275367126800031e+00 2.082415879340138609e+00 2.270436493647810458e-02 -1.004511702058457301e+00 -2.066799078228657827e+00 1.959823739459005454e+00 -7.046458492432027265e-01 9.611119387394332358e-01 -3.191663497952229034e-01 3.329355695209614829e+00 3.136005607742962553e+00 1.176701239310144198e-01 4.766541852343685548e+00 -4.934407959382655307e+00 3.799274881655423375e+00 -8.027820993588948850e-01 -7.670371072094863685e-01 1.625193715910094650e+00 1.649281626243862986e+00 -3.894898016408174790e+00 1.204889228703232451e+00 4.182672759602802159e+00 1.176161237138842131e+00 -1.084488541957213892e+00 -9.325470438690046660e-01 2.762442407787581100e+00 -1.191955794899255405e+00 4.099797376975774732e+00 -3.847540362605503361e+00 -1.264815544720250484e+00 -9.887908095563966437e-01 -2.073273628010105174e+00 2.001452135875839033e+00 -1.814145540687932989e+00 9.143104959933028297e-01 3.630512953663564968e-01 -4.047775680489306360e+00 1.831044179016481532e+00 -1.406375009336670701e+00 8.570510902181105450e-01 2.489583958147097764e+00 -2.529445537396764809e+00 2.834016874252340834e+00 -2.023394225029784721e+00 3.159911918749473081e+00 -5.853204521233064561e+00
0.000000000000000000e+00 0.000000000000000000e+00 0.000000000000000000e+00 0.000000000000000000e+00 0.000000000000000000e+00 0.000000000000000000e+00 0.000000000000000000e+00 0.000000000000000000e+00 0.000000000000000000e+00 0.000000000000000000e+00 0.000000000000000000e+00 0.000000000000000000e+00 0.000000000000000000e+00 0.000000000000000000e+00 0.000000000000000000e+00 0.000000000000000000e+00 0.000000000000000000e+00 0.000000000000000000e+00 0.000000000000000000e+00 0.000000000000000000e+00 1.000000000000000000e+00 -5.561858773326362027e+00 -3.048015688425522729e+00 -3.684493276389564920e-01 -6.178844149312212597e-01 -8.382978366635049028e+00 4.540736195778004358e+00 2.939663502906732173e+00 2.533338828149558797e+00 -1.249747789641887152e+01 -3.255388409094139401e+00 3.184831703816342952e+00 4.733014936151482388e+00 -1.551420541257265695e+00 2.892896056150386919e+00 -4.851232814112631964e+00 -5.654824762571645458e+00 2.919258238788238202e-01 -4.867381587672331200e+00 -9.502161852086810079e-01 4.052169912912110483e+00 -5.998793316939190490e-01 4.731487108469488945e+00 8.394474835196286122e+00 7.131153025898334441e+00 3.155792833223171279e+00 -7.577365062917552407e+00 -5.949303155102041885e+00 -3.166192714001689001e+00 1.004109900098440811e+01 3.795363797582794074e+00 -6.465307446845442563e+00 -1.083602498698809846e+01 1.351526452199267592e+00 -7.814088669713913582e+00 3.673299352845977417e+00 1.917829967382407075e+00 -3.049223618083775733e+00 -2.796033880495325974e+00 4.219866622451186267e+00 -1.629782708404728941e+00 1.847462208988226662e+00 6.227039678353217811e-01 6.654584878896628197e+00 6.409399531726133858e+00 -7.391416752329531548e-01 8.594551941818943774e+00 -7.542603213980673793e+00 5.865587281175133505e+00 -2.485634688827905503e+00 1.661610117000146547e-01 1.883976992596599009e+00 1.994011602985357845e+00 -5.477534985509403320e+00 3.945636501266388541e-01 6.617516201421076438e+00 3.778290950631960410e+00 -3.269636348896630462e+00 -1.341636091783638740e+00 3.809894430706424195e+00 -7.792932579018700956e-01 8.531872855670183498e+00 -6.232270861743474555e+00 -3.883954917663093198e+00 1.049600165505491178e+00 -4.933873159251052520e+00 4.594119829973429603e+00 -4.028668270289680997e+00 9.096383340030582687e-01 1.096279959410835669e+00 -8.108470693197697088e+00 4.440316154608114907e+00 -1.800433777381955203e+00 3.079362716367525454e+00 4.568277319615961396e+00 -3.265518352337872354e+00 4.626051036729254662e+00 -5.899617677140041039e+00 6.627132256196731852e+00 -1.003826013736063238e+01
0.000000000000000000e+00 0.000000000000000000e+00 0.000000000000000000e+00 0.000000000000000000e+00 0.000000000000000000e+00 0.000000000000000000e+00 0.000000000000000000e+00 0.000000000000000000e+00 0.000000000000000000e+00 0.000000000000000000e+00 0.000000000000000000e+00 0.000000000000000000e+00 0.000000000000000000e+00 0.000000000000000000e+00 0.000000000000000000e+00 0.000000000000000000e+00 0.000000000000000000e+00 0.000000000000000000e+00 0.000000000000000000e+00 0.000000000000000000e+00 0.000000000000000000e+00 1.000000000000000000e+00 6.646730099198470132e-01 3.476571218552043652e-01 -7.193417028784853534e-03 1.386822528897818430e+00 -8.576106445174597193e-01 -6.262952145292877137e-01 -4.401995254352861209e-01 2.177994517638893957e+00 5.281253881400094219e-01 -6.375122707695135560e-01 -8.035002882216216724e-01 1.229695155746727414e-01 1.525829254784051743e-02 7.350012692068366160e-01 9.860909610759316379e-01 1.562889330071963734e-01 9.075185286316412858e-01 2.069448896124649606e-01 -6.396827220797822733e-01 1.960197169077135607e-02 -6.553051273768213392e-01 -1.541034175277338658e+00 -1.261493471887143114e+00 -1.734900334279164680e-01 1.294308121105899101e+00 7.140157684492723922e-01 9.371157309246510581e-01 -1.988245088926565485e+00 -5.748366570793477237e-01 1.099327861447731980e+00 2.121749136125125723e+00 -2.312684663090920079e-01 1.024030509926072252e+00 -5.523729332222145905e-01 -1.391482820363795780e-01 5.962063224942114603e-01 4.307014083888400791e-01 -9.022793892991266551e-01 4.612788261560573644e-01 -2.225989712815427124e-01 -1.639548161463354747e-01 -1.265345817679007556e+00 -9.035544532665636952e-01 3.205808107832782694e-01 -1.617527045719670875e+00 1.455656371556022677e+00 -9.168613469007970140e-01 5.199797819167678581e-01 -4.404181282780825907e-02 -2.527576811202290052e-01 -3.985865709330142503e-01 9.279436239960947574e-01 1.086128833033202651e-01 -8.196661293200498966e-01 -5.652501047148622559e-01 9.050695904546043336e-01 3.727289142627444041e-01 -4.584259971543188095e-01 3.882426230760583352e-01 -1.545250983267761002e+00 9.844000186309216360e-01 7.002397512622947628e-01 -8.619949522904629680e-02 1.301114990420670248e+00 -8.221097078118051460e-01 9.630167150094800510e-01 -3.046368192121756691e-01 -8.621418131289384362e-03 1.267607299938574128e+00 -9.168236796662121435e-01 3.860446895035222759e-01 -5.174074721328223436e-01 -6.196545982455988755e-01 4.986182817816562918e-01 -1.000803690617433350e+00 8.067073864169150843e-01 -1.121401068929326783e+00 1.906102957794868713e+00
0.000000000000000000e+00 0.000000000000000000e+00 0.000000000000000000e+00 0.000000000000000000e+00 0.000000000000000000e+00 0.000000000000000000e+00 0.000000000000000000e+00 0.000000000000000000e+00 0.000000000000000000e+00 0.000000000000000000e+00 0.000000000000000000e+00 0.000000000000000000e+00 0.000000000000000000e+00 0.000000000000000000e+00 0.000000000000000000e+00 0.000000000000000000e+00 0.000000000000000000e+00 0.000000000000000000e+00 0.000000000000000000e+00 0.000000000000000000e+00 0.000000000000000000e+00 0.000000000000000000e+00 1.000000000000000000e+00 3.404867603048014946e+00 2.688263564534427719e+00 -2.193983049374693906e+00 4.398375166915411416e-01 3.621821071063391906e-01 -9.204086077065491700e-02 -1.086958166461271108e-01 -1.375648475141785898e+00 -7.689013503510441216e-01 5.152008242778701730e-01 4.832300473973780708e-01 4.735853667380653498e+00 -2.442457284106443360e+00 -2.690512504998114007e+00 3.990803548098289966e+00 5.976358609966587743e-01 -1.054672814116375951e-01 2.690571076104593118e+00 -1.034374982469176807e+00 2.614189821178523054e+00 -1.685189116322381775e+00 1.775896430392488901e+00 3.461428070436540771e+00 4.883616847640792624e-02 -2.674535196264529180e+00 4.031946211045203121e+00 -1.213514666623240368e+00 7.426081693102805081e-01 1.073410842346051303e-01 2.157073113522624652e+00 -2.039833306463595397e-01 -4.436811932632224398e+00 5.632603788914258836e-01 2.955090698852139486e+00 2.020058016998461881e+00 -3.280187904208937133e-01 -1.001018767614974880e+00 1.403464548070217255e+00 4.532443720671378573e-01 2.535417431001714128e-01 8.958845905168935642e-02 5.761192201602719498e-01 2.430657737221741943e+00 -9.235813877358775570e-02 1.273749336391089892e+00 8.668731777384723891e-01 9.648617906710177383e-01 9.540683532466576189e-02 -1.063063247114924698e-01 -1.059025528738456012e+00 4.097379334938577172e-02 7.126039085993695066e-01 3.019611376902143984e+00 1.261208717153584846e+00 1.431543784508682027e+00 1.603279207467451339e+00 2.588208951962957638e+00 2.971524353490455184e+00 -1.056620398178680809e+00 -4.269060688888868249e-01 -6.872665293733514202e-01 2.411965303148877471e+00 5.415472769655993446e+00 -4.883614580975953641e-03 1.301176019106333959e+00 -3.636312750806470540e+00 2.388049498641693802e+00 -2.877950472585251163e+00 -5.209195555848596948e-01 8.336081214265927963e-01 1.008568632417652600e+00 6.935256642412295225e-01 1.117483457234683952e-01 -1.488367082793496721e+00 -3.136022691418221431e+00 6.595212339391933742e-01 6.310193685362309735e-01
0.000000000000000000e+00 0.000000000000000000e+00 0.000000000000000000e+00 0.000000000000000000e+00 0.000000000000000000e+00 0.000000000000000000e+00 0.000000000000000000e+00 0.000000000000000000e+00 0.000000000000000000e+00 0.000000000000000000e+00 0.000000000000000000e+00 0.000000000000000000e+00 0.000000000000000000e+00 0.000000000000000000e+00 0.000000000000000000e+00 0.000000000000000000e+00 0.000000000000000000e+00 0.000000000000000000e+00 0.000000000000000000e+00 0.000000000000000000e+00 0.000000000000000000e+00 0.000000000000000000e+00 0.000000000000000000e+00 1.000000000000000000e+00 1.060238742645773780e+00 -1.007870402142251987e+00 2.179582036991036809e+00 -8.388308749195365621e-01 -6.975307278482466566e-01 3.299291170815570884e-01 3.944322811640403326e-01 1.685929967564322174e-01 4.680764469856817378e-01 1.290834104704879914e+00 1.147157441258745969e+00 -5.330748651315123654e-01 -1.898124003005394522e+00 1.357109336461654214e+00 1.574963175473097721e+00 5.230002835308201342e-02 6.338691250995097670e-01 7.485645432641806485e-01 -1.729981487172860821e-01 -7.623127480956154445e-01 4.187733866473713484e-01 1.328997362662379444e+00 -3.737401850414491800e-01 -5.368582833939886667e-01 1.124353635930331219e+00 -1.939545703820853673e+00 -2.754278427549322616e-01 -1.514594363301321467e-01 1.048182436169759368e+00 -7.991514232110533689e-01 -1.310752251329479368e+00 -1.747961495190044900e-01 1.099846730953918605e+00 1.431000199444926402e+00 -7.566536704526934942e-01 -1.697891425880586058e-01 1.175066538361279500e+00 -1.797852577058864365e-01 -4.268462809691803139e-01 1.744899554608475289e-01 1.245246079970715146e-03 1.352947351192752778e+00 -6.319394997550194237e-03 2.928507940458967562e-01 -1.084390684639780500e-01 6.446641774330496011e-01 -1.124453018394257819e+00 -1.730959796705252296e-01 6.392714010931782598e-01 7.295638425030759322e-01 8.632244158648999521e-01 3.545760177387664025e-01 2.293562887779876103e-01 1.853302519279082849e+00 8.031428794585856457e-01 5.221248715447365241e-01 1.030026695740613230e+00 -1.330786536007817045e+00 6.527001563655343563e-02 1.195156833778182159e+00 1.193363826677517059e+00 2.990838336549172194e+00 2.832321350162534945e-01 5.492970994658699091e-01 -2.107789970744635699e+00 -7.293790836845648329e-02 -9.083767396394093474e-01 -6.033644932764692381e-01 4.001889872989490560e-02 -4.411550260953171487e-01 -7.513504130899076872e-01 -1.943623672580644668e-01 -1.565386613213464395e+00 -9.181487028622331570e-01 -1.796653910318654290e+00 5.499881173851773886e-01
0.000000000000000000e+00 0.000000000000000000e+00 0.000000000000000000e+00 0.000000000000000000e+00 0.000000000000000000e+00 0.000000000000000000e+00 0.000000000000000000e+00 0.000000000000000000e+00 0.000000000000000000e+00 0.000000000000000000e+00 0.000000000000000000e+00 0.000000000000000000e+00 0.000000000000000000e+00 0.000000000000000000e+00 0.000000000000000000e+00 0.000000000000000000e+00 0.000000000000000000e+00 0.000000000000000000e+00 0.000000000000000000e+00 0.000000000000000000e+00 0.000000000000000000e+00 0.000000000000000000e+00 0.000000000000000000e+00 0.000000000000000000e+00 1.000000000000000000e+00 -7.289669237850602279e-01 1.373902667676372369e+00 -9.114057951666476587e-02 -5.722065743817251748e-01 -1.349413342069785415e-01 -1.594896922264529837e-01 3.834285701432854077e-01 4.154219519390460746e-01 6.172269001439976144e-01 7.861214992384379582e-03 -3.468094242672977168e-01 -1.534069210310391451e+00 7.839785841293366309e-01 5.564855516869386953e-01 -4.026639100612542932e-01 5.108728431952177518e-01 7.734410470404021742e-01 1.002679158510950963e-01 -3.220016836739013344e-02 5.006025661762515400e-01 2.275467513225647997e-01 -3.581648344236250670e-01 2.513320854675568650e-01 -5.901883816345022266e-02 -3.414446160785182816e-01 -5.433326896336827527e-01 -7.672774371831404816e-02 -2.146786595372860151e-01 -3.426381928842426872e-01 -6.612321495698533225e-01 -2.291514173254907694e-01 5.381184897486515073e-01 4.411432350309007488e-01 -5.090913673629571257e-02 4.208612520019395786e-01 4.519034098270242605e-01 2.273389496136486720e-02 -2.114495189497160588e-01 6.848795200134492056e-01 2.453069256388469566e-01 3.725696310774684883e-01 1.005817480909543676e-01 8.139734306964757637e-02 -1.444117655395801142e-02 1.538062979274217867e-01 -4.743953473238093355e-01 -3.668523855947407042e-01 4.137617575820060623e-01 6.446496037966513715e-01 -1.484612812183877806e-01 -1.750514520097699589e-01 5.795009494104899073e-01 5.426011078726596937e-01 1.939085280482867879e-01 -1.913970532263916668e-01 5.464102267803525592e-01 -4.168177870675073282e-01 2.639331037456537077e-01 3.743284727771806208e-01 1.019007980083039389e+00 8.712616991812186518e-01 7.014832987115023899e-01 4.731177783639768653e-02 -1.169467431109125766e+00 -6.627136689204810027e-02 -6.836553362722164184e-01 -1.088346712949623957e-01 -5.084174957446224719e-02 -1.114402982068415093e-01 -3.273812163298867595e-01 1.062719715259613333e-02 -6.132224328003257341e-01 -1.095702029362821461e+00 -1.128529601673964544e+00 2.690463416990458365e-02
0.000000000000000000e+00 0.000000000000000000e+00 0.000000000000000000e+00 0.000000000000000000e+00 0.000000000000000000e+00 0.000000000000000000e+00 0.000000000000000000e+00 0.000000000000000000e+00 0.000000000000000000e+00 0.000000000000000000e+00 0.000000000000000000e+00 0.000000000000000000e+00 0.000000000000000000e+00 0.000000000000000000e+00 0.000000000000000000e+00 0.000000000000000000e+00 0.000000000000000000e+00 0.000000000000000000e+00 0.000000000000000000e+00 0.000000000000000000e+00 0.000000000000000000e+00 0.000000000000000000e+00 0.000000000000000000e+00 0.000000000000000000e+00 0.000000000000000000e+00 1.000000000000000000e+00 6.458657491638167869e+01 -4.296932418065753723e+01 -2.191768815696229566e+01 3.351802857682417169e+01 4.036928560212022177e+01 1.425920507385095704e+01 -5.810253847646486003e-01 4.221566053071860125e+01 -1.061824809654426538e+01 3.557030462573274576e+01 -1.601824357517188346e+01 -6.611166373639959737e+00 5.851911496708807903e+01 6.843890620881168729e+00 -2.571969213079292871e+01 3.494823774302281549e+01 -3.664378756726233632e+01 -2.093664539751010167e+01 -2.559989311937110656e+01 9.059496004752523035e+00 1.192325017870288129e+01 1.993460243678105570e+01 -9.078321355691498340e+00 -7.265131273849959825e+01 -2.827955437148227702e+01 5.808216164187967046e+00 2.611951346385503214e+01 -4.349485355980004186e+01 2.410336037271437348e+01 -2.314589044545176577e+01 -5.058295017356484458e+00 3.297820085116214273e+01 -1.800384613302779968e+01 -1.086981802658947238e+01 2.685753439446850876e+01 -1.343195252677483431e+01 -2.249342514736249043e+01 -3.788807001657297668e+00 -2.468021770058450670e+01 1.963126421786609299e+01 -1.348367309449353257e+01 -5.069963184721535399e+00 -1.988577393058623954e+01 1.883705075662764372e+01 -4.818944930480810740e+01 1.471973762804970942e+00 3.274014190964195592e+01 1.774376268587565875e+01 2.854946565322882179e+01 -2.601068303508243673e+01 -1.641689511988318273e+01 5.186506571894807394e+01 1.274223613931409993e+01 -1.721515827112902386e+01 -8.352300484565587269e+00 -5.676491894458910537e+01 1.361759586079001849e+01 6.689583739592190170e+01 1.080496655297268571e+00 5.205863689366982783e+01 -5.413459403943329029e+00 1.495807530716600198e+01 -3.049552555001224974e+01 -2.541840961141352651e+01 2.296108540878945092e+01 -3.988364654124081454e+01 -9.792458370913875498e+00 -4.214093158261232475e+01 -4.877164131702795657e+01 -9.271296919680739990e+00 -4.922541439678712294e+01 2.035493412983905870e+01 -8.666768683822334651e+01 2.286808606002824007e+01
0.000000000000000000e+00 0.000000000000000000e+00 0.000000000000000000e+00 0.000000000000000000e+00 0.000000000000000000e+00 0.000000000000000000e+00 0.000000000000000000e+00 0.000000000000000000e+00 0.000000000000000000e+00 0.000000000000000000e+00 0.000000000000000000e+00 0.000000000000000000e+00 0.000000000000000000e+00 0.000000000000000000e+00 0.000000000000000000e+00 0.000000000000000000e+00 0.000000000000000000e+00 0.000000000000000000e+00 0.000000000000000000e+00 0.000000000000000000e+00 0.000000000000000000e+00 0.000000000000000000e+00 0.000000000000000000e+00 0.000000000000000000e+00 0.000000000000000000e+00 0.000000000000000000e+00 1.000000000000000000e+00 -6.504682398320212888e-01 -3.348834860769196453e-01 5.158143865528070915e-01 5.966351370352717121e-01 2.280064815021897173e-01 -1.633938173029417761e-03 6.440366215529320648e-01 -1.605138107605392772e-01 5.472277007715070640e-01 -2.515551037302167225e-01 -8.634378568942037424e-02 8.894209100203813723e-01 9.624098979974177182e-02 -3.923672036277222053e-01 5.511621927315469849e-01 -5.497345007128805472e-01 -3.166059571197251676e-01 -3.820790381013940418e-01 1.394941987263100536e-01 1.804064099599326509e-01 3.104965669094023051e-01 -1.464677515089765347e-01 -1.102578704369617801e+00 -4.451604227511895551e-01 8.682486808268335965e-02 3.824191766985575169e-01 -6.696287372209072108e-01 3.586798266781267563e-01 -3.623219910689759460e-01 -7.070311630568455741e-02 4.837124529680696949e-01 -2.759562920661577379e-01 -1.549681704705374030e-01 4.112527189902268621e-01 -2.126712299930051120e-01 -3.520249855715291143e-01 -4.809030217813906050e-02 -3.685894054393209496e-01 2.924678452523975514e-01 -1.987050344253938616e-01 -9.918322681882867087e-02 -3.044328441033508637e-01 2.788203962759830401e-01 -7.391197998245137013e-01 1.947350649691782787e-02 5.012444060176374228e-01 2.652707857790130297e-01 4.314893318050261883e-01 -3.896019130573524780e-01 -2.399065847494001036e-01 7.897588641366879436e-01 1.902531391178957643e-01 -2.753043614831232055e-01 -1.130869924708196861e-01 -8.586140805740737347e-01 2.105089812853518649e-01 1.024068329854567638e+00 3.437940878293133107e-02 7.908315109700325696e-01 -7.971658250476679197e-02 2.427452920997559827e-01 -4.713244976028910238e-01 -3.807715632738847833e-01 3.437718761146448809e-01 -6.197006674557449246e-01 -1.381897681903813957e-01 -6.476682680093051037e-01 -7.446861965074735856e-01 -1.422413688066469228e-01 -7.471939102722762183e-01 2.957868471952439515e-01 -1.336873162484901068e+00 3.383521263466323092e-01
0.000000000000000000e+00 0.000000000000000000e+00 0.000000000000000000e+00 0.000000000000000000e+00 0.000000000000000000e+00 0.000000000000000000e+00 0.000000000000000000e+00 0.000000000000000000e+00 0.000000000000000000e+00 0.000000000000000000e+00 0.000000000000000000e+00 0.000000000000000000e+00 0.000000000000000000e+00 0.000000000000000000e+00 0.000000000000000000e+00 0.000000000000000000e+00 0.000000000000000000e+00 0.000000000000000000e+00 0.000000000000000000e+00 0.000000000000000000e+00 0.000000000000000000e+00 0.000000000000000000e+00 0.000000000000000000e+00 0.000000000000000000e+00 0.000000000000000000e+00 0.000000000000000000e+00 0.000000000000000000e+00 1.000000000000000000e+00 9.140478750001382879e-01 -8.834264764434716088e-01 -3.858227786616507116e-01 1.213102588105337665e+00 3.920653248869265250e-01 -2.529873714084208136e-01 -5.845858803614921717e-01 4.842238688647407807e-01 3.407388241914638960e-01 7.079791245104533060e-01 -6.849378893765195597e-01 -3.200967146891857684e-01 2.192172758058211490e-01 5.342184422803821775e-01 -3.642253928483059344e-02 8.955097455538653106e-01 1.240220753833349981e-01 -1.027293387957283644e+00 -1.099009607477777067e-01 4.883183283586384760e-01 -1.128102226209002801e+00 1.255388229301644065e+00 -5.820771965647701940e-01 -2.102270410650130261e-01 -7.774100649070321278e-01 -5.278583761586872480e-01 2.133576998618169906e-01 -3.340333139060115974e-01 5.720383774066695182e-01 -9.700683258932870645e-01 -2.001385845748100967e-01 7.832890831052624625e-01 -2.968977899069444315e-01 -2.199606804004306249e-01 1.578329494862759988e-02 9.434573550451486046e-01 2.181270063041790830e-01 -1.044314037637072756e+00 1.012047140570273340e+00 -1.528761418366111791e+00 7.604475533561617651e-01 -3.551101316741497871e-01 4.044966673428613269e-01 4.252612583515961164e-01 3.603648066754352453e-01 -4.387841182278372498e-01 2.815250339350564568e-01 1.171884883284919155e-03 1.161069102033426281e-01 -2.992508058711948471e-01 -5.661186231115629131e-01 -6.742214324635507072e-01 -7.319558974460452783e-01 6.391522377140826938e-01 2.045374364213418117e-01 2.179623028524332318e-01 1.271037492885565001e-01 -1.350159107133421799e+00 2.938457360117912032e-01 -2.199803291851362141e-01 4.163569866997566815e-01 -2.092381154636795693e-01 1.194281608139370759e-01 -2.803138439388705994e-01 6.248893220737815613e-01 2.166025505651837310e-02 -6.153198464409419532e-01 2.371217169563562821e-01 1.029547322611223531e-01 2.035545289430898408e-01 4.120549362317182940e-01 -5.567295603156762196e-01
0.000000000000000000e+00 0.000000000000000000e+00 0.000000000000000000e+00 0.000000000000000000e+00 0.000000000000000000e+00 0.000000000000000000e+00 0.000000000000000000e+00 0.000000000000000000e+00 0.000000000000000000e+00 0.000000000000000000e+00 0.000000000000000000e+00 0.000000000000000000e+00 0.000000000000000000e+00 0.000000000000000000e+00 0.000000000000000000e+00 0.000000000000000000e+00 0.000000000000000000e+00 0.000000000000000000e+00 0.000000000000000000e+00 0.000000000000000000e+00 0.000000000000000000e+00 0.000000000000000000e+00 0.000000000000000000e+00 0.000000000000000000e+00 0.000000000000000000e+00 0.000000000000000000e+00 0.000000000000000000e+00 0.000000000000000000e+00 1.000000000000000000e+00 6.269871187806796087e+00 -5.148151543317799117e+00 2.184095376225485552e+00 -2.719935410281471899e+00 -3.481781952737722508e-01 -2.736870697446946554e+00 7.172474437973018979e+00 7.928419443243495124e-01 1.319516370750726475e+00 -9.655704090004277873e-01 -3.596589515995758823e+00 -4.253842650652098101e+00 2.790529138238504014e+00 3.493391193164537611e+00 -3.187016574567610672e+00 -1.554666409768782342e+00 -2.056495494775422372e+00 5.535235569998659955e+00 7.314948403661190923e+00 -3.456954008317255855e+00 8.297818801654990306e-01 -6.112476184643883315e+00 7.453911645031872091e-01 -2.306445348713270338e+00 -2.775544246912952318e+00 2.008874066240643685e+00 -4.792246432568093795e+00 3.709171813983305199e-01 -6.538580777738257410e+00 2.348283712023925052e+00 -5.677240957763870499e-01 -2.144008908296294091e+00 -2.371372188622766775e+00 -1.179981310924733462e+00 -6.613063606086792001e-01 -5.100974613164328986e+00 -2.882730978511526043e+00 -1.666994071393216315e+00 -4.999015274959470290e+00 -2.860924439109569839e+00 -2.564565905959445224e+00 -7.014289651375000822e-01 1.161605025972054728e+00 -2.683130424200379061e+00 -2.663497606211135071e+00 -2.967924111719130842e+00 -2.055725530772664733e+00 -3.303608018246577682e-01 -5.060019401601709710e+00 -5.907244407332111757e-01 -4.764962863641259538e+00 1.643209867644217725e+00 -1.784359182800507870e+00 2.604183515813328409e+00 1.284653714449705442e+00 1.773848442140965931e+00 -5.739376025312409979e+00 -3.240237965071518289e+00 1.570187310573597950e+00 -4.514299183733126199e-03 5.156364111294443831e+00 2.876921657733137461e-01 -4.311308185491996348e+00 1.612679317285090619e+00 -4.042342945229033369e+00 -9.191731582673667855e-01 5.565900664879348120e-02 2.051492784399469471e+00 -2.473855471628597869e+00 -7.343190149359839936e+00 -4.975424458615494316e+00
0.000000000000000000e+00 0.000000000000000000e+00 0.000000000000000000e+00 0.000000000000000000e+00 0.000000000000000000e+00 0.000000000000000000e+00 0.000000000000000000e+00 0.000000000000000000e+00 0.000000000000000000e+00 0.000000000000000000e+00 0.000000000000000000e+00 0.000000000000000000e+00 0.000000000000000000e+00 0.000000000000000000e+00 0.000000000000000000e+00 0.000000000000000000e+00 0.000000000000000000e+00 0.000000000000000000e+00 0.000000000000000000e+00 0.000000000000000000e+00 0.000000000000000000e+00 0.000000000000000000e+00 0.000000000000000000e+00 0.000000000000000000e+00 0.000000000000000000e+00 0.000000000000000000e+00 0.000000000000000000e+00 0.000000000000000000e+00 0.000000000000000000e+00 1.000000000000000000e+00 -6.412157725703376832e-01 1.404988184274666430e-01 -3.156465602937243431e-01 -1.320629752726851514e-01 -1.675047224087942155e-01 6.230698592733850960e-01 1.190773910124544865e-01 2.379824560480238993e-01 2.919713402977291983e-02 -5.014815067714588626e-01 -4.445277760799562494e-01 3.908463927559122086e-01 3.397268248563242166e-01 -4.680316807452338246e-01 -1.775157610548173948e-01 -2.884322879334472733e-01 6.770756694663040420e-01 8.162779152335253308e-01 -1.295815905419163416e-01 5.676963294591980125e-02 -6.882633828799905595e-01 1.095511673471059461e-01 -1.832114971927834013e-01 -8.010197050910045080e-02 2.272310323652246555e-01 -5.846983264824013871e-01 8.810415410921179288e-03 -8.629891436808398986e-01 2.888918867737055307e-01 -3.597121158135687530e-02 -1.633058577610266016e-01 -2.908454265176352305e-01 -2.062088216583858047e-01 -2.006665729347450466e-01 -4.331188774813290454e-01 -3.117986319601557810e-01 -2.621370250343890707e-01 -5.735869420425309118e-01 -5.031642102930330429e-01 -3.376335571111203082e-01 -1.373464784415430462e-01 2.931318528703689627e-02 -3.591836513329382807e-01 -2.233365734046392770e-01 -4.314555933563348766e-01 -1.598352513528779606e-01 3.967474862296214988e-02 -5.190387814000990696e-01 -6.296134419597824473e-03 -5.661868011780368803e-01 4.095721228551889581e-01 -1.520320727687492490e-01 2.620221687361576901e-01 -5.516176247093890206e-02 3.851747380326949743e-01 -6.308549417564939255e-01 -5.343456358383738003e-01 3.204537607698939583e-01 -1.614736097320260133e-01 5.152091191578430651e-01 1.605664235016463284e-02 -2.866653808990641261e-01 1.029525378185278534e-01 -4.791598664822087628e-01 -4.157783891199689358e-02 1.632134506045931563e-02 1.660820368297044602e-01 -4.119530497188181317e-01 -1.026933346623498444e+00 -2.898977210790457115e-01
0.000000000000000000e+00 0.000000000000000000e+00 0.000000000000000000e+00 0.000000000000000000e+00 0.000000000000000000e+00 0.000000000000000000e+00 0.000000000000000000e+00 0.000000000000000000e+00 0.000000000000000000e+00 0.000000000000000000e+00 0.000000000000000000e+00 0.000000000000000000e+00 0.000000000000000000e+00 0.000000000000000000e+00 0.000000000000000000e+00 0.000000000000000000e+00 0.000000000000000000e+00 0.000000000000000000e+00 0.000000000000000000e+00 0.000000000000000000e+00 0.000000000000000000e+00 0.000000000000000000e+00 0.000000000000000000e+00 0.000000000000000000e+00 0.000000000000000000e+00 0.000000000000000000e+00 0.000000000000000000e+00 0.000000000000000000e+00 0.000000000000000000e+00 0.000000000000000000e+00 1.000000000000000000e+00 2.109365273127761925e-02 4.126043797507444877e-01 1.043222416424960108e-01 2.274535302608739484e-01 -6.921249220259919621e-01 -3.937554947386108228e-01 5.236937067951376312e-02 6.182912457343223700e-01 3.423291972584189408e-02 6.556661309960345463e-01 1.721187156793879958e-01 -6.017589993598578824e-01 6.596524799587575316e-01 4.497264182352094242e-01 -3.946486862461232037e-01 -1.444366717775824767e-02 -1.260519585888403848e-01 -2.363502819700580571e-01 1.517268310772582618e-01 3.964369844668276799e-01 3.559365756645091472e-02 -8.458251008834601903e-01 -6.698939699905688550e-02 3.674406338317711684e-01 3.970540665586501650e-01 -7.572387992983112825e-01 6.198202466113851283e-01 1.855870179831379529e-01 5.727873662124031151e-01 -3.134633361471162449e-01 2.357022988777046080e-01 -8.993507126138475249e-02 8.321395508700204502e-01 1.039137999646442934e+00 5.839932422639433351e-01 6.319527907258599697e-01 -3.314201589663878789e-02 8.215291888407874055e-01 6.800022007113675215e-01 2.536983473452142923e-01 -2.935883184010749658e-01 4.354828008375380977e-01 1.134098915208110459e+00 4.617392348366604615e-01 -3.029473287803237103e-01 6.151492170835466400e-01 6.186096462937649143e-01 -6.225338790850287046e-02 4.018131157099393280e-01 -3.700170240356273066e-01 -1.092321617577657056e-01 -2.523561380292538847e-01 -2.655161448417728831e-01 3.261674636637035968e-02 9.603970165031232575e-01 3.281291006918730102e-01 -1.050404249498741033e-01 -5.651847325598370331e-01 -9.592828767703670545e-01 -2.127987524981332923e-01 7.960396384447367968e-01 -2.950497438378653636e-01 6.671291849457432477e-01 -2.279648530988817590e-01 7.068710554908506083e-01 -7.645591041293701151e-01 2.527717078634831860e-01 8.209577410730883873e-01 8.942869260010344323e-01
0.000000000000000000e+00 0.000000000000000000e+00 0.000000000000000000e+00 0.000000000000000000e+00 0.000000000000000000e+00 0.000000000000000000e+00 0.000000000000000000e+00 0.000000000000000000e+00 0.000000000000000000e+00 0.000000000000000000e+00 0.000000000000000000e+00 0.000000000000000000e+00 0.000000000000000000e+00 0.000000000000000000e+00 0.000000000000000000e+00 0.000000000000000000e+00 0.000000000000000000e+00 0.000000000000000000e+00 0.000000000000000000e+00 0.000000000000000000e+00 0.000000000000000000e+00 0.000000000000000000e+00 0.000000000000000000e+00 0.000000000000000000e+00 0.000000000000000000e+00 0.000000000000000000e+00 0.000000000000000000e+00 0.000000000000000000e+00 0.000000000000000000e+00 0.000000000000000000e+00 0.000000000000000000e+00 1.000000000000000000e+00 4.199905694860008865e+00 1.960143844544397274e+00 1.614797713341901364e+00 -6.993989867203389110e+00 -7.865216720540921358e+00 3.802646006211302332e+00 2.050333743650802010e+00 -4.441936814706436643e+00 5.013828539512544147e+00 6.500874729995405943e+00 1.575173466231459374e+00 5.620958539022820055e+00 4.946981026978969354e+00 -8.947912455539632770e-01 -3.193309933929056044e+00 2.113601106532569940e+00 4.510942607791140202e-01 9.260197165208326808e+00 3.723493465243917222e-01 1.411325881721947617e+00 -6.088663800086287381e+00 9.949558651835301859e+00 1.028890876894645201e+00 7.498839930040997359e+00 -4.570765493052169504e+00 2.571210522444209445e+00 4.787995650984347429e-01 8.800070243953959093e+00 -2.678754765725917864e+00 2.861812287237847752e+00 -2.484093563923323256e+00 7.711062288654393804e+00 9.536749128018049859e+00 3.663414383402030516e+00 7.335561057630553883e+00 -4.933157393591667272e-01 1.834813840892300929e+00 1.519265634817545674e-01 2.706792028618163926e+00 -2.438599167045836236e+00 2.288061706255385186e+00 1.130875428101555791e+01 6.164614699367363393e-01 4.922657061951974944e-01 8.544452700922555266e+00 8.547441805347734123e-01 2.599666658147498755e+00 4.992090860347985881e+00 2.520170590451024317e+00 8.850528716047127986e+00 -6.304342767147889326e+00 -8.961959517896984195e+00 1.881706119215762918e+00 7.560594035244464495e-01 2.141975543794298442e+00 4.185846043350215928e-01 -7.812131358125407488e+00 -6.579843245795744977e+00 -5.057243006937587104e+00 1.341820245325395256e+01 -1.685009149426292652e+00 1.006643450649208305e+01 -2.486355838989477152e-01 6.585675121781603636e+00 2.094979368165668543e+00 -2.602929868262234603e+00 4.587047682445193786e+00 8.042407658391509173e+00
0.000000000000000000e+00 0.000000000000000000e+00 0.000000000000000000e+00 0.000000000000000000e+00 0.000000000000000000e+00 0.000000000000000000e+00 0.000000000000000000e+00 0.000000000000000000e+00 0.000000000000000000e+00 0.000000000000000000e+00 0.000000000000000000e+00 0.000000000000000000e+00 0.000000000000000000e+00 0.000000000000000000e+00 0.000000000000000000e+00 0.000000000000000000e+00 0.000000000000000000e+00 0.000000000000000000e+00 0.000000000000000000e+00 0.000000000000000000e+00 0.000000000000000000e+00 0.000000000000000000e+00 0.000000000000000000e+00 0.000000000000000000e+00 0.000000000000000000e+00 0.000000000000000000e+00 0.000000000000000000e+00 0.000000000000000000e+00 0.000000000000000000e+00 0.000000000000000000e+00 0.000000000000000000e+00 0.000000000000000000e+00 1.000000000000000000e+00 5.845278081263373116e-01 1.274333555371184867e-01 -1.486644748855538989e+00 -1.704340614898802286e+00 3.588874904950100087e-01 5.329587020102971584e-01 -8.285819591890043467e-01 1.095562497583908446e+00 1.560737499318051169e+00 2.460900741492657029e-01 1.589350263309288191e+00 1.203968764067178343e+00 -1.604834542609221149e-01 -9.404978199995034371e-01 5.088312258511349384e-01 -4.479587029767183592e-01 1.903345656444829448e+00 2.676265770885064565e-01 5.883909874911676940e-01 -2.099023411627685576e+00 1.925233006456188445e+00 2.858629518676071846e-01 1.621324213431786454e+00 -1.593317517412531803e+00 8.146600629444060715e-01 5.363038103458690475e-01 2.043576489241761607e+00 -5.970634298389518868e-01 7.733230134709991876e-01 -5.602033901252754244e-01 1.779747513497923928e+00 2.016813769961745439e+00 7.311527627326539491e-01 1.580783556506055287e+00 1.469134088313669984e-01 8.672277795498672948e-01 3.175921223555087658e-01 5.593287385069466433e-01 -6.852721283973116639e-01 4.410706834194172421e-01 2.605486702477984640e+00 1.848564838336397287e-01 -6.011589599126478112e-02 1.822972643417535066e+00 3.474920191769096389e-01 4.873626984785012217e-01 1.007036784660746420e+00 4.492504531604676332e-01 1.784073173550936309e+00 -1.360228659501212745e+00 -1.626421723619166926e+00 1.972487003660624294e-01 3.617558635020545754e-01 8.508885840437333536e-01 -4.578155370303688826e-02 -1.547896203428765549e+00 -1.622457464775884040e+00 -1.198134104956588120e+00 2.796296480778870386e+00 -4.908446516264283188e-01 2.258168921834115217e+00 3.332251000137863572e-01 1.595453623546736921e+00 6.551244438768140110e-01 -3.269410401355295481e-01 1.357499247913285689e+00 1.477659461703469512e+00
0.000000000000000000e+00 0.000000000000000000e+00 0.000000000000000000e+00 0.000000000000000000e+00 0.000000000000000000e+00 0.000000000000000000e+00 0.000000000000000000e+00 0.000000000000000000e+00 0.000000000000000000e+00 0.000000000000000000e+00 0.000000000000000000e+00 0.000000000000000000e+00 0.000000000000000000e+00 0.000000000000000000e+00 0.000000000000000000e+00 0.000000000000000000e+00 0.000000000000000000e+00 0.000000000000000000e+00 0.000000000000000000e+00 0.000000000000000000e+00 0.000000000000000000e+00 0.000000000000000000e+00 0.000000000000000000e+00 0.000000000000000000e+00 0.000000000000000000e+00 0.000000000000000000e+00 0.000000000000000000e+00 0.000000000000000000e+00 0.000000000000000000e+00 0.000000000000000000e+00 0.000000000000000000e+00 0.000000000000000000e+00 0.000000000000000000e+00 1.000000000000000000e+00 -1.560052016272830688e-01 1.230112889690577888e-01 -2.655288725430034469e-01 1.289204260050579864e-01 -8.484678869543442747e-01 -2.910211829251687504e-02 4.843195392563244550e-02 -4.999861511659310365e-01 1.467657009477314700e+00 -5.966813618807907948e-01 6.410080708852599063e-01 1.461765609188226733e+00 -5.666220564392220049e-02 1.829418525131600581e-01 4.713548858706859690e-01 1.102147018294546532e+00 7.460664509278603918e-01 -1.185835819795095503e-01 1.160768156510026738e+00 1.800509991778645791e+00 -6.058910535710739786e-01 1.115279846790091511e+00 1.090335264912330127e+00 9.500848368978815905e-01 -6.035240581073482158e-01 1.357141722749019563e-01 -8.499510244425259042e-01 -2.571466680485582912e-01 6.849355699934105424e-01 -4.060465120557896213e-01 -2.787775987013523804e-01 1.251449567913247296e-01 8.593540092546940734e-01 4.092228139697188793e-01 -1.405618181945093026e+00 -1.148515274974771794e+00 9.653988019075030458e-01 7.612538544125577733e-01 -4.912611753181742036e-01 8.690100667598019690e-01 -6.373207473152957547e-01 6.201342548082809936e-01 -2.408632184626814665e-01 -9.928382649382210268e-01 4.218374394285230866e-01 1.778901399774427405e+00 2.434685583922035490e-01 1.891284913946342128e+00 -1.269782178281306795e+00 -1.199873222953958818e+00 -5.275282662395539557e-01 -6.664226031154074636e-02 -2.885038313089652307e-01 -8.028990820872243805e-01 -2.520117773660127680e-01 1.228468576878910312e+00 -5.564810023492703372e-01 9.206465807473079854e-01 7.162195815921492681e-01 1.121667540994383705e+00 -6.139415075652288056e-01 -2.509119893762485343e-01 1.704676002443925364e+00 4.547004961016812841e-01 1.223603949173420302e+00 -5.483207322434702213e-01
0.000000000000000000e+00 0.000000000000000000e+00 0.000000000000000000e+00 0.000000000000000000e+00 0.000000000000000000e+00 0.000000000000000000e+00 0.000000000000000000e+00 0.000000000000000000e+00 0.000000000000000000e+00 0.000000000000000000e+00 0.000000000000000000e+00 0.000000000000000000e+00 0.000000000000000000e+00 0.000000000000000000e+00 0.000000000000000000e+00 0.000000000000000000e+00 0.000000000000000000e+00 0.000000000000000000e+00 0.000000000000000000e+00 0.000000000000000000e+00 0.000000000000000000e+00 0.000000000000000000e+00 0.000000000000000000e+00 0.000000000000000000e+00 0.000000000000000000e+00 0.000000000000000000e+00 0.000000000000000000e+00 0.000000000000000000e+00 0.000000000000000000e+00 0.000000000000000000e+00 0.000000000000000000e+00 0.000000000000000000e+00 0.000000000000000000e+00 0.000000000000000000e+00 1.000000000000000000e+00 -6.074088740659645325e+00 4.398467699104353090e-01 -4.767194631909430491e+00 -4.533707883675408112e+00 -7.325190936293966004e+00 7.697186407543379794e+00 -4.715135700196639412e+00 1.554809487890739739e+01 -7.596790827026441484e+00 4.651681835004774612e+00 1.448922749613441319e+01 -7.993645884244282129e+00 1.910294191969686084e+00 8.179333071747182160e+00 6.597432971476608898e+00 8.622935672685839492e+00 2.570040568796254643e+00 1.277733118340287177e+01 2.331998950567497531e+01 -1.308659761606326555e+01 1.207807049491560214e+01 1.369525156572805891e+01 1.082867765510408731e+01 -1.105783086940128612e+00 8.180780363525524956e-01 -6.987270242059290482e+00 3.399578540388930925e+00 1.498490560349065426e+01 -1.065696777325366718e+01 1.572621551245585669e+00 -4.172646340520623554e+00 -2.588492977479155410e-01 1.495601985757402375e+01 -1.336904232277243132e+01 -9.215755361624839992e+00 6.846650393424200232e+00 7.464180644440699730e+00 -1.507911568106570854e+01 5.520364461528181721e+00 -1.353645234561975919e+01 1.007885526221028449e+01 -1.368995438007600374e+00 -2.729768933523070373e+00 1.964466803642227477e-01 2.173308530459777899e+01 3.814461288025042585e+00 1.609255347979529560e+01 -6.604060098158589298e+00 -1.425461228734413766e+01 -3.321184825652737871e+00 -3.428369198333056644e+00 2.826628440366852901e-01 -1.446802843997560650e+01 -2.769660255655666425e+00 1.739682331578132590e+01 -1.346503434748816375e+01 1.531181181870613273e+01 1.711661814878333021e-01 1.125840369627436743e+01 7.334122189478908815e+00 -9.532470889043045403e+00 1.817957150520437892e+01 -5.664232219537055357e+00 9.310760956707429870e+00 5.695738081225817373e-01
0.000000000000000000e+00 0.000000000000000000e+00 0.000000000000000000e+00 0.000000000000000000e+00 0.000000000000000000e+00 0.000000000000000000e+00 0.000000000000000000e+00 0.000000000000000000e+00 0.000000000000000000e+00 0.000000000000000000e+00 0.000000000000000000e+00 0.000000000000000000e+00 0.000000000000000000e+00 0.000000000000000000e+00 0.000000000000000000e+00 0.000000000000000000e+00 0.000000000000000000e+00 0.000000000000000000e+00 0.000000000000000000e+00 0.000000000000000000e+00 0.000000000000000000e+00 0.000000000000000000e+00 0.000000000000000000e+00 0.000000000000000000e+00 0.000000000000000000e+00 0.000000000000000000e+00 0.000000000000000000e+00 0.000000000000000000e+00 0.000000000000000000e+00 0.000000000000000000e+00 0.000000000000000000e+00 0.000000000000000000e+00 0.000000000000000000e+00 0.000000000000000000e+00 0.000000000000000000e+00 1.000000000000000000e+00 -1.200881917291234634e-02 1.846086866766374124e+00 1.352541377177302717e+00 2.055521922842276084e+00 -1.602119201550725069e+00 1.400456997400132853e+00 -4.453160433700420917e+00 1.870285395796859484e+00 -1.297492141568904023e+00 -4.309101951918648865e+00 1.900408047585422366e+00 -4.955861489624951433e-01 -1.484975209233234450e+00 -1.640538092326891961e+00 -2.054958632461242551e+00 -1.067000638053306139e+00 -2.795459100954977405e+00 -5.462691335127673575e+00 2.990213876066864618e+00 -2.919890392687999103e+00 -2.808284680059774274e+00 -3.487572719544816735e+00 1.243424246008503348e-01 1.644707579360846217e-02 1.932794144180535412e+00 -1.166644919750221332e+00 -3.959864363058213765e+00 2.515442416933213909e+00 -2.982456860925865039e-01 6.090295668456474631e-01 4.476314005658645900e-01 -4.427405721379932935e+00 2.849353840551647643e+00 1.942393637138725149e+00 -1.964012351797895573e+00 -1.802596348136101367e+00 4.150458144517538805e+00 -1.294569823195303782e+00 3.437009870722052440e+00 -2.429095051902716129e+00 3.941353305335388302e-01 1.227311882824012601e+00 1.732293417575274108e-01 -5.662705622569811581e+00 -5.348470295838437805e-01 -4.040725005722451968e+00 1.821093685377749960e+00 3.480186766387603825e+00 1.441556171991879687e+00 8.875723631313705564e-01 -4.712529414306340647e-01 4.096947381537165533e+00 3.459405775656581028e-01 -5.043950056906684409e+00 2.889780103818843315e+00 -3.422363254071802974e+00 1.668453858157597780e-01 -2.689965824340661449e+00 -2.177604200849988292e+00 2.187346063327259227e+00 -5.116395208044327347e+00 1.400545414904959429e+00 -2.510505086381991546e+00 8.181686064182620566e-01
0.000000000000000000e+00 0.000000000000000000e+00 0.000000000000000000e+00 0.000000000000000000e+00 0.000000000000000000e+00 0.000000000000000000e+00 0.000000000000000000e+00 0.000000000000000000e+00 0.000000000000000000e+00 0.000000000000000000e+00 0.000000000000000000e+00 0.000000000000000000e+00 0.000000000000000000e+00 0.000000000000000000e+00 0.000000000000000000e+00 0.000000000000000000e+00 0.000000000000000000e+00 0.000000000000000000e+00 0.000000000000000000e+00 0.000000000000000000e+00 0.000000000000000000e+00 0.000000000000000000e+00 0.000000000000000000e+00 0.000000000000000000e+00 0.000000000000000000e+00 0.000000000000000000e+00 0.000000000000000000e+00 0.000000000000000000e+00 0.000000000000000000e+00 0.000000000000000000e+00 0.000000000000000000e+00 0.000000000000000000e+00 0.000000000000000000e+00 0.000000000000000000e+00 0.000000000000000000e+00 0.000000000000000000e+00 1.000000000000000000e+00 -2.745728572188095740e+00 -1.581143965718133648e+00 -2.381443505368689539e+00 8.050352657149280056e-01 -2.175345361199270577e+00 5.203433279357700059e+00 -2.865960524627785055e+00 1.222653868245705988e+00 6.145805271110414303e+00 -1.745469884201059640e+00 -2.506206811188801432e-03 2.029934165958826142e+00 9.930044591523859987e-01 2.159360558231576466e+00 1.539175103795084709e+00 4.865650683152348499e+00 5.961295019981632137e+00 -3.216754980285143617e+00 2.266287199803521002e+00 3.912503434463964425e+00 4.842901394735821263e+00 -1.113184917320495737e+00 -1.222427039074808652e+00 -1.299260758095157176e+00 1.099654671682335438e+00 4.826093162705585193e+00 -4.413367275639981102e+00 -4.852033426188897547e-01 -8.513688481175410994e-01 -1.334610196541410332e+00 5.802773137452597041e+00 -3.782769044143909909e+00 -2.278836417853458585e+00 1.912463944920612890e+00 2.497857953166762623e+00 -5.095258906511293873e+00 3.675309012041946821e-02 -3.576804175360241977e+00 3.574946616555226608e+00 -1.457646366557929341e+00 -2.181678250403131791e+00 -2.879966897005155069e-01 6.882692383039668904e+00 2.473369017164826766e-01 4.752305232984201488e+00 -2.297057374569456467e+00 -3.574651437829211797e+00 -2.372310745622977279e+00 -1.332079776081311229e+00 -1.101226073900099939e-01 -5.242661541136975245e+00 1.505168743750639471e-01 7.312982716715067610e+00 -2.165288859759629148e+00 2.365302840438730847e+00 -1.172337671748432605e-02 1.457989193098802705e+00 2.247963322429552324e+00 -3.558280114582298204e+00 5.797303927861822359e+00 -1.387036120871166345e+00 1.661906550857730425e+00 -2.314648062205449275e+00
0.000000000000000000e+00 0.000000000000000000e+00 0.000000000000000000e+00 0.000000000000000000e+00 0.000000000000000000e+00 0.000000000000000000e+00 0.000000000000000000e+00 0.000000000000000000e+00 0.000000000000000000e+00 0.000000000000000000e+00 0.000000000000000000e+00 0.000000000000000000e+00 0.000000000000000000e+00 0.000000000000000000e+00 0.000000000000000000e+00 0.000000000000000000e+00 0.000000000000000000e+00 0.000000000000000000e+00 0.000000000000000000e+00 0.000000000000000000e+00 0.000000000000000000e+00 0.000000000000000000e+00 0.000000000000000000e+00 0.000000000000000000e+00 0.000000000000000000e+00 0.000000000000000000e+00 0.000000000000000000e+00 0.000000000000000000e+00 0.000000000000000000e+00 0.000000000000000000e+00 0.000000000000000000e+00 0.000000000000000000e+00 0.000000000000000000e+00 0.000000000000000000e+00 0.000000000000000000e+00 0.000000000000000000e+00 0.000000000000000000e+00 1.000000000000000000e+00 -2.444837170141777889e-03 2.469015493345184109e-01 -2.170424977775618769e-01 -2.227962696433331002e-01 -9.745887432275128770e-01 -1.683099661425396104e-02 -4.336743512887960006e-01 -1.267631247465140776e+00 6.487017510059974734e-01 -4.255149833823490546e-01 6.753591532615604853e-01 -2.503160180874393070e-01 -6.694417369497099868e-01 -8.733522161157742936e-01 9.091541517648614734e-01 -9.009565796877272437e-01 6.261950450109988742e-01 -8.510666670899643682e-01 4.543677774468046215e-01 -1.294721156088511904e+00 -7.691964648540511318e-01 6.755040465113847092e-02 4.195331264573705643e-01 -8.813039343570768791e-01 -7.839050103175825290e-01 -1.725723933358108350e-02 -9.542721634621710580e-02 4.017461363969970223e-01 3.904906319301585382e-01 -1.450225488022128140e+00 -6.943670363088391140e-01 -5.181991554879162853e-01 -6.550795770150307229e-01 1.030622261232411879e-01 1.245948628626657895e+00 -6.947730609749914743e-01 8.746144036194749560e-01 -2.375231553914150251e-01 1.192101687175082803e-01 3.647298589321561479e-01 1.300867320347854628e-01 -9.872944603338528191e-01 1.651722352780430891e-01 -5.181999551301269546e-01 4.348741597754012811e-01 2.621023648947294893e-01 8.590123945690775198e-01 1.211535896822566599e-01 -6.130754415723039807e-01 9.103810240035162815e-01 -2.119002449129400376e-02 -4.521576088284098294e-01 4.758714511965552174e-01 -3.104206579860157023e-01 3.503311886351863635e-01 -6.225308160625797615e-01 -1.073447296900477133e+00 9.494948561844075707e-02 -1.328767081776593306e+00 2.139759690395868774e-01 -1.172197550054125292e+00 5.906893330947465826e-01
0.000000000000000000e+00 0.000000000000000000e+00 0.000000000000000000e+00 0.000000000000000000e+00 0.000000000000000000e+00 0.000000000000000000e+00 0.000000000000000000e+00 0.000000000000000000e+00 0.000000000000000000e+00 0.000000000000000000e+00 0.000000000000000000e+00 0.000000000000000000e+00 0.000000000000000000e+00 0.000000000000000000e+00 0.000000000000000000e+00 0.000000000000000000e+00 0.000000000000000000e+00 0.000000000000000000e+00 0.000000000000000000e+00 0.000000000000000000e+00 0.000000000000000000e+00 0.000000000000000000e+00 0.000000000000000000e+00 0.000000000000000000e+00 0.000000000000000000e+00 0.000000000000000000e+00 0.000000000000000000e+00 0.000000000000000000e+00 0.000000000000000000e+00 0.000000000000000000e+00 0.000000000000000000e+00 0.000000000000000000e+00 0.000000000000000000e+00 0.000000000000000000e+00 0.000000000000000000e+00 0.000000000000000000e+00 0.000000000000000000e+00 0.000000000000000000e+00 1.000000000000000000e+00 1.029160194396782524e+00 -7.118599789995705418e-02 1.702027908375204124e+00 -1.765650773326759237e+00 1.457043594893407068e+00 -3.248184089929790491e-02 -1.566664948729167506e+00 -2.059049461945735571e-01 6.067586622155642928e-01 -1.808264421120586940e+00 -6.478296597470978302e-01 -2.669051232805299059e-02 6.830400322771809085e-01 -3.435264042160939724e+00 -1.371597942151271399e+00 2.901443112623225407e-01 -1.990635764548309150e-01 -1.990730712007784620e+00 -8.192312900331416570e-01 1.745771918529376521e+00 3.064566528622131858e-01 5.925378901074513927e-01 5.195103261733069466e-01 -1.318104729802265673e+00 1.496822433076363756e+00 1.609021094497562476e-01 -1.200131242052495883e+00 2.496704288936422295e-02 -9.213785925602835380e-01 2.546403101420138260e+00 1.766042928542530754e+00 -1.977805656849344340e-01 -1.328426109561775315e+00 6.426001666102286736e-01 7.006211838263175506e-01 5.064890077098399557e-01 -1.180857730267801609e+00 2.491769165475070935e-01 9.452785747497381985e-01 -8.484809006348560667e-02 -2.259014916391751449e+00 -1.521055301259109649e-01 -1.729188745520025217e+00 9.612439121878723070e-01 1.924611380268712368e+00 1.783722344136044746e-01 3.304794881335846313e-01 5.831807236247114057e-01 1.472640982092979778e+00 -1.488726310251520524e-01 -3.305076907009047549e+00 1.746231978435165977e-01 -1.178099670563532930e+00 -1.549062659183888802e-01 -3.333541025802816415e-01 4.478123313400629857e-01 1.055224196333131692e+00 -1.361680825286570196e+00 5.134421396218270539e-01 4.052337581568141167e-01 7.049436436834481956e-01
0.000000000000000000e+00 0.000000000000000000e+00 0.000000000000000000e+00 0.000000000000000000e+00 0.000000000000000000e+00 0.000000000000000000e+00 0.000000000000000000e+00 0.000000000000000000e+00 0.000000000000000000e+00 0.000000000000000000e+00 0.000000000000000000e+00 0.000000000000000000e+00 0.000000000000000000e+00 0.000000000000000000e+00 0.000000000000000000e+00 0.000000000000000000e+00 0.000000000000000000e+00 0.000000000000000000e+00 0.000000000000000000e+00 0.000000000000000000e+00 0.000000000000000000e+00 0.000000000000000000e+00 0.000000000000000000e+00 0.000000000000000000e+00 0.000000000000000000e+00 0.000000000000000000e+00 0.000000000000000000e+00 0.000000000000000000e+00 0.000000000000000000e+00 0.000000000000000000e+00 0.000000000000000000e+00 0.000000000000000000e+00 0.000000000000000000e+00 0.000000000000000000e+00 0.000000000000000000e+00 0.000000000000000000e+00 0.000000000000000000e+00 0.000000000000000000e+00 0.000000000000000000e+00 1.000000000000000000e+00 -1.348464229095274088e-02 7.907791847899070525e-01 -8.876980851793122573e-01 8.853124022078712185e-01 3.164013215730523965e-01 -8.819543267593085156e-01 -2.608993118749866613e-02 3.747797104619178810e-01 -1.295831406053014945e+00 -1.201561885641692917e-01 -1.227253882315272882e-01 8.011660626973700072e-01 -3.178515821696378474e+00 -1.124871025792756329e+00 3.609851914286828500e-01 3.313246645889861841e-01 -2.218619710584967208e+00 -4.992983151765593153e-01 1.350836988690323315e+00 9.672535997507245020e-02 -1.265068622154327804e-01 2.744646250441136193e-01 -9.468485248892063444e-01 1.606760799969677356e+00 3.435558513186960927e-01 -5.831397962071469543e-01 1.531965950999610027e-02 -9.020962446272711155e-01 1.877807265309495488e+00 1.434636099925613584e+00 6.137241189626581050e-01 -9.917724336441162691e-01 4.444715271055052486e-01 4.792806241848829862e-01 7.375433389631654013e-02 -1.161503246419094415e+00 4.146812307897055905e-01 7.710015495919232686e-02 -3.679640461730854240e-01 -1.823416818426672137e+00 5.249883529847686886e-02 -1.072777715642398322e+00 9.584813263605966860e-01 1.238303029894380458e+00 1.005970747176858499e-01 4.914057941188120227e-01 6.375791904810906852e-01 1.570675234330259684e+00 3.841241603612537414e-01 -2.658435773706810945e+00 7.925516706322722760e-01 -1.239968917891657529e+00 -2.674685810843170919e-01 1.872323196687923352e-01 4.022911639389264438e-01 1.302406769559163457e+00 -6.844843075317120773e-01 5.523791498416519286e-01 7.025597420439352314e-01 3.242298866373683475e-01
0.000000000000000000e+00 0.000000000000000000e+00 0.000000000000000000e+00 0.000000000000000000e+00 0.000000000000000000e+00 0.000000000000000000e+00 0.000000000000000000e+00 0.000000000000000000e+00 0.000000000000000000e+00 0.000000000000000000e+00 0.000000000000000000e+00 0.000000000000000000e+00 0.000000000000000000e+00 0.000000000000000000e+00 0.000000000000000000e+00 0.000000000000000000e+00 0.000000000000000000e+00 0.000000000000000000e+00 0.000000000000000000e+00 0.000000000000000000e+00 0.000000000000000000e+00 0.000000000000000000e+00 0.000000000000000000e+00 0.000000000000000000e+00 0.000000000000000000e+00 0.000000000000000000e+00 0.000000000000000000e+00 0.000000000000000000e+00 0.000000000000000000e+00 0.000000000000000000e+00 0.000000000000000000e+00 0.000000000000000000e+00 0.000000000000000000e+00 0.000000000000000000e+00 0.000000000000000000e+00 0.000000000000000000e+00 0.000000000000000000e+00 0.000000000000000000e+00 0.000000000000000000e+00 0.000000000000000000e+00 1.000000000000000000e+00 7.740333142167887814e+00 -5.957159875363867485e+00 5.434889880009929009e+00 3.101218570425047893e+00 -7.647696547894763164e+00 -2.831367420272087099e+00 2.759293469504326080e+00 -1.245840140275950469e+00 -1.435206993635804507e+00 -2.046244343941181931e+00 8.293867408338151392e+00 -8.616295440984577780e+00 5.671327081737942422e+00 -2.192930629653436991e+00 6.467821674063439774e-01 -3.694082691443428157e+00 -2.421507817121415052e+00 5.447668959478614070e+00 1.782819907914494628e+00 4.437215313445643794e+00 -2.825942969130292859e-01 -4.253051283442228048e+00 -9.936879252647815575e-01 2.953046204261398522e+00 -1.006888006001128133e+01 -2.701863424786600798e-01 -1.427439823462793855e+00 1.440085936257338828e+00 3.180233904818839274e+00 3.838261505949744912e+00 -5.927508525148956764e+00 -7.681675894959323347e-01 2.028966262156888245e+00 -1.883337244526081422e+00 -2.660732658997428945e+00 4.513742475665108778e+00 1.570305832852458616e+00 -2.899311806317169449e+00 -7.917675698708126042e+00 2.402332550433504910e+00 8.218484222458770638e-01 8.771317666971667038e+00 6.027082321118950148e+00 4.601492661828523012e+00 -4.115234834539974074e+00 2.191662985675551845e+00 6.188931405789598550e+00 -5.656000536717192828e-01 -1.129503066204568995e+01 2.469815366287391623e+00 -3.468053791351060067e+00 2.310098403552330204e+00 -1.140136748750079532e+00 4.618219428950723682e+00 1.527988290434185714e+00 -1.055282150650396211e+00 1.202849674731485186e+00 -4.926763667684644687e+00 9.595700611226991583e+00
0.000000000000000000e+00 0.000000000000000000e+00 0.000000000000000000e+00 0.000000000000000000e+00 0.000000000000000000e+00 0.000000000000000000e+00 0.000000000000000000e+00 0.000000000000000000e+00 0.000000000000000000e+00 0.000000000000000000e+00 0.000000000000000000e+00 0.000000000000000000e+00 0.000000000000000000e+00 0.000000000000000000e+00 0.000000000000000000e+00 0.000000000000000000e+00 0.000000000000000000e+00 0.000000000000000000e+00 0.000000000000000000e+00 0.000000000000000000e+00 0.000000000000000000e+00 0.000000000000000000e+00 0.000000000000000000e+00 0.000000000000000000e+00 0.000000000000000000e+00 0.000000000000000000e+00 0.000000000000000000e+00 0.000000000000000000e+00 0.000000000000000000e+00 0.000000000000000000e+00 0.000000000000000000e+00 0.000000000000000000e+00 0.000000000000000000e+00 0.000000000000000000e+00 0.000000000000000000e+00 0.000000000000000000e+00 0.000000000000000000e+00 0.000000000000000000e+00 0.000000000000000000e+00 0.000000000000000000e+00 0.000000000000000000e+00 1.000000000000000000e+00 1.211594588574090303e-01 5.701003986671082657e-01 4.522099412323296042e-01 2.146780539266278723e-02 -1.368887848757940617e-01 2.852332743629635847e-01 -3.535657283163780584e-01 5.112275579472581877e-02 -5.036935082199589520e-01 1.108893413883840662e+00 -1.608178326324413376e+00 5.546079590737673648e-01 2.842526544747847050e-01 3.722693187287733352e-01 -1.035230523052866225e+00 1.659897457354505002e-01 5.908590549077943344e-01 1.022607819447300948e-01 4.680971902261760187e-01 1.802772213258948819e-01 -4.775294917999834965e-01 5.682767111590567577e-01 6.806466026757179710e-01 -6.266418555452558659e-01 -2.328046283482047840e-01 1.128957169943126948e-01 8.048464996390616299e-01 5.467392668526616095e-01 6.999411254075550426e-01 -7.016234123795537236e-01 -2.309405059270971672e-01 5.971067751725388506e-01 -3.805489798341730179e-01 -2.406059754020598018e-03 7.619193362131762015e-01 1.274542944588044346e-01 -2.534100080930636323e-01 -9.565473214080369990e-01 2.782014138415415117e-01 1.139614457346564691e-01 8.769244825733062410e-01 6.149550525921219091e-01 2.218430903729640136e-01 2.724527136411775824e-02 7.440220790203467827e-01 1.154679984653712355e+00 1.614004403050600112e-01 -1.277705316801434732e+00 6.417971205228752973e-01 -6.779164443329002143e-01 9.567766304112367004e-02 3.047710483969060524e-01 4.021416091732774589e-01 6.447382398027710071e-01 -1.120796549688216417e-02 -1.990055330667077349e-01 -2.670898347093592640e-01 9.453023741319883655e-01
0.000000000000000000e+00 0.000000000000000000e+00 0.000000000000000000e+00 0.000000000000000000e+00 0.000000000000000000e+00 0.000000000000000000e+00 0.000000000000000000e+00 0.000000000000000000e+00 0.000000000000000000e+00 0.000000000000000000e+00 0.000000000000000000e+00 0.000000000000000000e+00 0.000000000000000000e+00 0.000000000000000000e+00 0.000000000000000000e+00 0.000000000000000000e+00 0.000000000000000000e+00 0.000000000000000000e+00 0.000000000000000000e+00 0.000000000000000000e+00 0.000000000000000000e+00 0.000000000000000000e+00 0.000000000000000000e+00 0.000000000000000000e+00 0.000000000000000000e+00 0.000000000000000000e+00 0.000000000000000000e+00 0.000000000000000000e+00 0.000000000000000000e+00 0.000000000000000000e+00 0.000000000000000000e+00 0.000000000000000000e+00 0.000000000000000000e+00 0.000000000000000000e+00 0.000000000000000000e+00 0.000000000000000000e+00 0.000000000000000000e+00 0.000000000000000000e+00 0.000000000000000000e+00 0.000000000000000000e+00 0.000000000000000000e+00 0.000000000000000000e+00 1.000000000000000000e+00 7.679567183999122526e-02 1.226154360322111586e-01 9.124793339134460446e-01 2.853918811161521019e-01 -1.476631347204620526e-01 -3.728182841166523542e-01 1.953433897835986088e-01 -1.990594505832468664e-01 -1.818652230643620360e-01 -7.776820366594356937e-01 -7.043476445958881671e-01 5.621564158418081991e-01 2.137359949758945998e-01 -5.067213085361085279e-01 3.909367751323477025e-01 5.380900752328497336e-03 -6.310943826265218159e-02 -1.165074060659058997e-01 3.994666422272992179e-01 -4.586757126034373550e-02 7.548276795183946897e-01 1.553166048052961601e-01 9.011112576529450857e-01 -1.949100476222280776e-01 2.338809165400167756e-01 1.050175676344888842e+00 2.211800112063981583e-01 1.573217941653958230e-01 3.259743159455791850e-01 1.100017451681995911e-01 1.287310267512605522e-01 7.633851149099343814e-02 2.963791803635643096e-01 2.169217291965744032e-01 6.919660725771822896e-02 8.838890775930209609e-02 1.406837203765436140e-02 -1.676789029178905321e-01 -3.270624051994235892e-01 -1.602372881913348424e-01 -6.135326415752363760e-02 -3.048887247268474709e-01 7.296342600886128738e-01 6.339993527283177555e-01 3.305204545478444000e-01 3.042367432562009255e-01 4.102122345945934390e-01 1.358546137173166912e-01 -4.292957085661651129e-01 -1.936420077244087878e-01 6.147662862984484278e-01 -1.222843155408818022e-01 5.053518018515349430e-01 -4.945471871533380775e-02 -4.423301891276172348e-01 5.214058037852481453e-01 -4.084142446210387578e-01
0.000000000000000000e+00 0.000000000000000000e+00 0.000000000000000000e+00 0.000000000000000000e+00 0.000000000000000000e+00 0.000000000000000000e+00 0.000000000000000000e+00 0.000000000000000000e+00 0.000000000000000000e+00 0.000000000000000000e+00 0.000000000000000000e+00 0.000000000000000000e+00 0.000000000000000000e+00 0.000000000000000000e+00 0.000000000000000000e+00 0.000000000000000000e+00 0.000000000000000000e+00 0.000000000000000000e+00 0.000000000000000000e+00 0.000000000000000000e+00 0.000000000000000000e+00 0.000000000000000000e+00 0.000000000000000000e+00 0.000000000000000000e+00 0.000000000000000000e+00 0.000000000000000000e+00 0.000000000000000000e+00 0.000000000000000000e+00 0.000000000000000000e+00 0.000000000000000000e+00 0.000000000000000000e+00 0.000000000000000000e+00 0.000000000000000000e+00 0.000000000000000000e+00 0.000000000000000000e+00 0.000000000000000000e+00 0.000000000000000000e+00 0.000000000000000000e+00 0.000000000000000000e+00 0.000000000000000000e+00 0.000000000000000000e+00 0.000000000000000000e+00 0.000000000000000000e+00 1.000000000000000000e+00 5.948261065774506501e-02 1.560638353993018534e-01 -5.510965282003105203e-01 -1.131835332811064410e+00 -9.467509537613976178e-01 -2.879815162282785557e-01 -6.596953989822239572e-01 -7.013776488827612177e-01 -7.035190380509035446e-01 -3.341166160953696451e+00 8.523753555211414090e-01 -1.345785960366868705e-01 -5.668979992326842465e-01 3.318487555244473697e-01 6.790774225472695491e-01 2.082768936746965949e-01 8.116392075276452900e-01 1.809817521877366886e+00 -8.700810558351462776e-01 4.649367121210913334e-01 -7.825437741811646086e-01 2.266638977939943178e+00 -8.843730218897736250e-01 1.248715445100281096e+00 3.457695570566832632e+00 1.525862691440161845e+00 -7.452708551356860278e-01 1.293963925363081024e+00 1.529514292656218633e+00 -1.749117960865107735e+00 1.188530459095941128e+00 -3.068504335023946039e-01 5.326781028988313016e-02 7.116316252649081964e-01 9.250584012352968538e-03 -3.871918255298337774e-01 -2.682764882239183635e-01 -1.837346198323961621e+00 8.794871704105253207e-02 8.951761656597138073e-01 -5.184778176241962022e-01 3.113693792896482515e-01 1.599030509863691218e+00 -4.268121624996496499e-01 1.001732380478639772e+00 1.377669296437270319e+00 -1.391283369933168368e-01 -6.711586681394140497e-01 -8.661639753982710577e-01 3.769217294173773936e-01 1.736536756676314353e+00 8.264810185928324060e-01 -6.172563716684100754e-01 -5.528338956121321424e-01 8.788794195950061505e-01 -1.100082541744453968e+00
0.000000000000000000e+00 0.000000000000000000e+00 0.000000000000000000e+00 0.000000000000000000e+00 0.000000000000000000e+00 0.000000000000000000e+00 0.000000000000000000e+00 0.000000000000000000e+00 0.000000000000000000e+00 0.000000000000000000e+00 0.000000000000000000e+00 0.000000000000000000e+00 0.000000000000000000e+00 0.000000000000000000e+00 0.000000000000000000e+00 0.000000000000000000e+00 0.000000000000000000e+00 0.000000000000000000e+00 0.000000000000000000e+00 0.000000000000000000e+00 0.000000000000000000e+00 0.000000000000000000e+00 0.000000000000000000e+00 0.000000000000000000e+00 0.000000000000000000e+00 0.000000000000000000e+00 0.000000000000000000e+00 0.000000000000000000e+00 0.000000000000000000e+00 0.000000000000000000e+00 0.000000000000000000e+00 0.000000000000000000e+00 0.000000000000000000e+00 0.000000000000000000e+00 0.000000000000000000e+00 0.000000000000000000e+00 0.000000000000000000e+00 0.000000000000000000e+00 0.000000000000000000e+00 0.000000000000000000e+00 0.000000000000000000e+00 0.000000000000000000e+00 0.000000000000000000e+00 0.000000000000000000e+00 1.000000000000000000e+00 -2.604227304227419437e-01 4.858105303346357040e+00 2.433064888430250150e+00 -1.502357051413440781e+00 3.134530115043201448e-01 1.598367233546849953e+00 1.445213660414165213e+00 -9.302333633067330965e+00 2.623744239091388764e+00 2.116691981275966139e+00 6.073819197887349031e-01 -7.997942782101642223e+00 -1.315644338975519689e+00 -9.359889595673235307e-01 -1.385583717293726203e+00 -2.376126896503458319e+00 -2.136188195418819991e+00 -7.646498987523880908e-01 6.840010249753188276e+00 3.084803528605463807e+00 -1.519226219000803457e+00 1.078875596443829687e+00 -6.724880283270791459e+00 -1.275169129606743557e-01 7.916728726679677086e-01 3.778923186526508715e+00 -3.744339073570299714e+00 -1.908584688880105018e+00 2.046837664063125839e+00 8.086284138752489747e-01 -9.971716606619785983e-01 -4.658922203489517799e-01 -2.477884116766884137e+00 1.024951243248027888e+00 -4.529712576597339613e+00 -1.429869045765312263e+00 5.727979952141919462e-01 -5.745185592623192061e-01 -2.572954589498093192e-01 -2.612783426761678407e-01 3.471187210635542364e+00 -4.986603003273440748e+00 5.696479836348879111e+00 5.855638008443632414e-02 -1.044926421016691975e+01 7.652789391158971277e+00 -4.046253133470787411e+00 -2.825407969267478059e+00 3.136892291339530292e-01 -6.036858969673313702e+00 2.179865634830641774e+00 -3.787564695103311951e+00 2.019771370988483028e+00 -7.419509202672092130e-01 -9.824051489205111454e-02
0.000000000000000000e+00 0.000000000000000000e+00 0.000000000000000000e+00 0.000000000000000000e+00 0.000000000000000000e+00 0.000000000000000000e+00 0.000000000000000000e+00 0.000000000000000000e+00 0.000000000000000000e+00 0.000000000000000000e+00 0.000000000000000000e+00 0.000000000000000000e+00 0.000000000000000000e+00 0.000000000000000000e+00 0.000000000000000000e+00 0.000000000000000000e+00 0.000000000000000000e+00 0.000000000000000000e+00 0.000000000000000000e+00 0.000000000000000000e+00 0.000000000000000000e+00 0.000000000000000000e+00 0.000000000000000000e+00 0.000000000000000000e+00 0.000000000000000000e+00 0.000000000000000000e+00 0.000000000000000000e+00 0.000000000000000000e+00 0.000000000000000000e+00 0.000000000000000000e+00 0.000000000000000000e+00 0.000000000000000000e+00 0.000000000000000000e+00 0.000000000000000000e+00 0.000000000000000000e+00 0.000000000000000000e+00 0.000000000000000000e+00 0.000000000000000000e+00 0.000000000000000000e+00 0.000000000000000000e+00 0.000000000000000000e+00 0.000000000000000000e+00 0.000000000000000000e+00 0.000000000000000000e+00 0.000000000000000000e+00 1.000000000000000000e+00 2.052532441841802835e-01 1.259238089971347785e+00 -1.197346512764916326e+00 8.751635468872850376e-01 -4.728045559528799013e-01 7.856748030312481479e-01 -2.874600065412963090e+00 1.426323799974251183e-01 1.092448701464400429e+00 1.814113270172332149e+00 -3.983091217280453122e+00 4.325448031547090566e-01 -1.095352769747910682e-01 -5.580529384916821378e-01 -6.035573232816556777e-01 6.417123433119297227e-01 3.968532461408126877e-01 3.052510065072548517e+00 3.734143934223371764e-01 6.650397497950644166e-01 -5.745447917718490283e-01 -5.723045972227612799e-01 1.548580439976745993e+00 1.268370250961196488e+00 9.105648846427095711e-01 -3.526438431617063274e-01 -2.255176398771555069e-01 -5.609290957827590685e-01 -3.679567806513694972e-01 -7.985502208289378956e-01 1.604182570125422397e-02 -1.055665944135400824e+00 1.094657649889327455e+00 -7.335502233378389247e-01 4.058953892465551050e-01 1.490764085047751111e-02 -4.445616336986880635e-01 -2.964301255278455893e-01 -1.654010617566982200e+00 5.470220928491810186e-01 -5.949415751587265877e-01 5.476979018388007381e-01 1.168806584122076941e+00 -3.361775264708723121e+00 2.469000766508158140e+00 -6.800098190563466094e-01 -2.908746556272356454e+00 4.870363620057455156e-01 7.534519002009616717e-02 6.364461549707480792e-01 -5.492078106925283310e-01 -6.405233752648983869e-02 6.022353197390161172e-01 -1.024980214435269543e+00
0.000000000000000000e+00 0.000000000000000000e+00 0.000000000000000000e+00 0.000000000000000000e+00 0.000000000000000000e+00 0.000000000000000000e+00 0.000000000000000000e+00 0.000000000000000000e+00 0.000000000000000000e+00 0.000000000000000000e+00 0.000000000000000000e+00 0.000000000000000000e+00 0.000000000000000000e+00 0.000000000000000000e+00 0.000000000000000000e+00 0.000000000000000000e+00 0.000000000000000000e+00 0.000000000000000000e+00 0.000000000000000000e+00 0.000000000000000000e+00 0.000000000000000000e+00 0.000000000000000000e+00 0.000000000000000000e+00 0.000000000000000000e+00 0.000000000000000000e+00 0.000000000000000000e+00 0.000000000000000000e+00 0.000000000000000000e+00 0.000000000000000000e+00 0.000000000000000000e+00 0.000000000000000000e+00 0.000000000000000000e+00 0.000000000000000000e+00 0.000000000000000000e+00 0.000000000000000000e+00 0.000000000000000000e+00 0.000000000000000000e+00 0.000000000000000000e+00 0.000000000000000000e+00 0.000000000000000000e+00 0.000000000000000000e+00 0.000000000000000000e+00 0.000000000000000000e+00 0.000000000000000000e+00 0.000000000000000000e+00 0.000000000000000000e+00 1.000000000000000000e+00 -7.034782132646145991e-02 -3.519545830845279694e-02 -3.775805136125232053e-01 5.495390012816643299e-01 -4.554497278243246905e-02 -1.199998500758865383e+00 1.209226241685129877e-01 -1.955895673029899862e-01 -4.872759679246275732e-01 -4.409096252069408806e-01 -3.260025524582581546e-01 -9.278888512440093550e-02 -2.912280909950535346e-01 -3.668664395095884712e-01 -7.905078984616684679e-01 -6.875778434813480111e-02 6.784629675339653998e-01 6.300593011802129162e-01 -2.907260882399593793e-01 1.138247256028305926e-01 -1.164591143620333780e+00 -3.072290968410725798e-01 -1.188439257770021323e-01 6.028762772135140002e-01 -8.121710040476258774e-01 -4.365454749732829431e-01 5.550937453996771520e-01 2.678857431846110027e-01 1.398385217251975066e-01 -3.085737246778502141e-01 6.623108925325432716e-02 -2.793930362344906326e-01 -8.390073571416281073e-01 -4.729166869001301121e-01 -3.231788641508654969e-01 3.023115279378886799e-01 2.302826697490543972e-01 4.284775011446972370e-01 9.468141319230058972e-01 -6.575324215534075201e-01 1.197376056746536133e+00 -7.630285671565080474e-02 -1.064917276422461478e+00 1.011056960496190760e+00 -1.308758483881306223e+00 4.769684886904578813e-01 -2.675084514701244753e-01 -1.355441359034190940e+00 2.978003548792566013e-01 -6.659115121816109317e-01 3.043080307109861660e-01 -1.800645339633127895e-01 7.323579124909988802e-02
0.000000000000000000e+00 0.000000000000000000e+00 0.000000000000000000e+00 0.000000000000000000e+00 0.000000000000000000e+00 0.000000000000000000e+00 0.000000000000000000e+00 0.000000000000000000e+00 0.000000000000000000e+00 0.000000000000000000e+00 0.000000000000000000e+00 0.000000000000000000e+00 0.000000000000000000e+00 0.000000000000000000e+00 0.000000000000000000e+00 0.000000000000000000e+00 0.000000000000000000e+00 0.000000000000000000e+00 0.000000000000000000e+00 0.000000000000000000e+00 0.000000000000000000e+00 0.000000000000000000e+00 0.000000000000000000e+00 0.000000000000000000e+00 0.000000000000000000e+00 0.000000000000000000e+00 0.000000000000000000e+00 0.000000000000000000e+00 0.000000000000000000e+00 0.000000000000000000e+00 0.000000000000000000e+00 0.000000000000000000e+00 0.000000000000000000e+00 0.000000000000000000e+00 0.000000000000000000e+00 0.000000000000000000e+00 0.000000000000000000e+00 0.000000000000000000e+00 0.000000000000000000e+00 0.000000000000000000e+00 0.000000000000000000e+00 0.000000000000000000e+00 0.000000000000000000e+00 0.000000000000000000e+00 0.000000000000000000e+00 0.000000000000000000e+00 0.000000000000000000e+00 1.000000000000000000e+00 -2.749494266947681842e-01 2.252947807451622167e-02 1.008561916019828697e+00 2.999899800261011662e-01 2.247302989103133475e-01 1.610981444895758452e+00 -5.953371043762926140e-01 -1.112081248251891447e-01 3.220087246647126977e-01 -1.923966165304222820e-01 -4.211237040385057417e-01 -3.184917488642318717e-01 1.945428716039083739e-01 -1.559578331808947615e-01 -1.691806038542038038e-01 -4.113773399197174219e-01 -1.978975744429361527e-01 -1.585718854729892824e+00 7.023896847117934161e-01 -8.600981760157568878e-01 -1.202064334783546462e+00 -1.211514380202415087e+00 2.267007306483748152e-01 4.882724119548333963e-01 -5.610202021327526101e-01 1.159809965221535177e-01 2.578582559348110426e-01 -2.081009140735420593e-01 -6.135026477801255318e-01 -3.015237447648433933e-01 5.596318929779808826e-01 8.867772915816184431e-01 1.468538908466728854e-01 1.068719723847180836e+00 -1.511713883907958023e+00 -7.659493907600221085e-01 -3.106417498274944289e-01 1.550842177273668680e-02 -1.358897893343187002e+00 -7.411279336150925490e-01 -9.509372871573329444e-01 -6.005152993365133751e-01 -1.381875471479038740e-02 2.318657791122995804e-01 -1.910602653511890014e-01 -4.196900104907691498e-01 -5.988545397363093103e-01 -1.217780279425409118e+00 -7.858286218516302712e-01 1.972204287016618984e-01 -4.728330555014749748e-01 -4.746048196417787524e-01
0.000000000000000000e+00 0.000000000000000000e+00 0.000000000000000000e+00 0.000000000000000000e+00 0.000000000000000000e+00 0.000000000000000000e+00 0.000000000000000000e+00 0.000000000000000000e+00 0.000000000000000000e+00 0.000000000000000000e+00 0.000000000000000000e+00 0.000000000000000000e+00 0.000000000000000000e+00 0.000000000000000000e+00 0.000000000000000000e+00 0.000000000000000000e+00 0.000000000000000000e+00 0.000000000000000000e+00 0.000000000000000000e+00 0.000000000000000000e+00 0.000000000000000000e+00 0.000000000000000000e+00 0.000000000000000000e+00 0.000000000000000000e+00 0.000000000000000000e+00 0.000000000000000000e+00 0.000000000000000000e+00 0.000000000000000000e+00 0.000000000000000000e+00 0.000000000000000000e+00 0.000000000000000000e+00 0.000000000000000000e+00 0.000000000000000000e+00 0.000000000000000000e+00 0.000000000000000000e+00 0.000000000000000000e+00 0.000000000000000000e+00 0.000000000000000000e+00 0.000000000000000000e+00 0.000000000000000000e+00 0.000000000000000000e+00 0.000000000000000000e+00 0.000000000000000000e+00 0.000000000000000000e+00 0.000000000000000000e+00 0.000000000000000000e+00 0.000000000000000000e+00 0.000000000000000000e+00 1.000000000000000000e+00 -6.223101565058287044e+00 1.464115013634410722e+01 7.247078924764012164e-01 6.223114316262488011e+00 1.061552517297367260e+01 -1.477774801229678303e+01 -1.227999681285519884e+01 1.880156029440910359e+01 -3.819995690505435526e+00 -2.507343587835682897e+00 -4.893018033405559741e+00 2.010807938497035874e+00 -8.855343420433497315e+00 -1.776256946177234008e-01 -1.574894290360868965e+01 -1.786088465690756522e+00 -1.799414570994546025e+01 9.002091671647379556e+00 -7.299075516416784204e+00 -1.601555344714130413e+01 -1.523317675921677328e+01 5.414647955215441399e-01 5.114807659772787396e+00 -7.648419159536159917e+00 6.712905995606813114e+00 3.962006287419065131e+00 5.343547477220606190e+00 -9.284841385895179044e+00 3.927669386166896981e+00 -2.846930088915251122e+00 9.378045335959326323e+00 -8.907085478123946132e-01 4.435644754969587211e+00 -9.071838495932128765e+00 -2.581112525875326025e+00 7.369998773951016879e+00 7.951476779241258619e+00 -8.151734264610734471e+00 -5.253957679019226390e+00 -1.297966699135530178e+01 9.306601133782169910e+00 -1.026887216944902192e+01 -6.926764809635749920e+00 1.505727100879525970e+01 -1.096260755639091045e+01 -8.583843509745944900e+00 -1.326601863628590117e+01 -9.094105242512684484e+00 5.110230015289414229e-01 -6.829851513899911630e+00 -5.099240499610048438e+00
0.000000000000000000e+00 0.000000000000000000e+00 0.000000000000000000e+00 0.000000000000000000e+00 0.000000000000000000e+00 0.000000000000000000e+00 0.000000000000000000e+00 0.000000000000000000e+00 0.000000000000000000e+00 0.000000000000000000e+00 0.000000000000000000e+00 0.000000000000000000e+00 0.000000000000000000e+00 0.000000000000000000e+00 0.000000000000000000e+00 0.000000000000000000e+00 0.000000000000000000e+00 0.000000000000000000e+00 0.000000000000000000e+00 0.000000000000000000e+00 0.000000000000000000e+00 0.000000000000000000e+00 0.000000000000000000e+00 0.000000000000000000e+00 0.000000000000000000e+00 0.000000000000000000e+00 0.000000000000000000e+00 0.000000000000000000e+00 0.000000000000000000e+00 0.000000000000000000e+00 0.000000000000000000e+00 0.000000000000000000e+00 0.000000000000000000e+00 0.000000000000000000e+00 0.000000000000000000e+00 0.000000000000000000e+00 0.000000000000000000e+00 0.000000000000000000e+00 0.000000000000000000e+00 0.000000000000000000e+00 0.000000000000000000e+00 0.000000000000000000e+00 0.000000000000000000e+00 0.000000000000000000e+00 0.000000000000000000e+00 0.000000000000000000e+00 0.000000000000000000e+00 0.000000000000000000e+00 0.000000000000000000e+00 1.000000000000000000e+00 -1.219544221984107057e+00 -9.399263516011834019e-02 -9.890770271403390712e-01 -6.785468727802096423e-01 1.723146181521605813e+00 8.394124064944027408e-01 -2.106633626432678152e+00 4.413771101261474983e-01 1.175293549470623478e-01 4.991095059466615358e-01 -4.089577745870304759e-01 6.172400770278845261e-01 -6.925199337970641689e-02 1.396022301637217744e+00 2.515066123941078757e-01 1.724167323132604679e+00 -9.737897556174267277e-02 6.125436159161852245e-01 1.155142749875898822e+00 1.258617878207845653e+00 -1.800721489279907550e-01 -3.114509004202344888e-01 8.580226338342575865e-01 2.699601215899813389e-01 -3.482315452566919767e-01 -3.831903571203432168e-01 1.131939959291148767e+00 -6.899703501122311788e-01 1.231624735121216591e-01 -5.797769657251323761e-01 -1.100663912655579224e-01 -1.973136085973553056e-01 3.109927379991652696e-01 -1.372192716521184741e-01 -3.609063430643688619e-01 -4.099180775045079828e-01 9.291641808198001229e-01 4.055950565567562616e-01 5.950886346904984414e-01 -8.169039126029742359e-01 4.113247348204244758e-01 1.006239577367414428e+00 -1.268136385289241108e+00 9.828206107790620205e-01 6.189757500188842743e-01 1.492566087003007080e+00 4.788887443908723673e-01 -1.184788048921503884e-01 4.012570144848747189e-01 2.950887523136658808e-01
0.000000000000000000e+00 0.000000000000000000e+00 0.000000000000000000e+00 0.000000000000000000e+00 0.000000000000000000e+00 0.000000000000000000e+00 0.000000000000000000e+00 0.000000000000000000e+00 0.000000000000000000e+00 0.000000000000000000e+00 0.000000000000000000e+00 0.000000000000000000e+00 0.000000000000000000e+00 0.000000000000000000e+00 0.000000000000000000e+00 0.000000000000000000e+00 0.000000000000000000e+00 0.000000000000000000e+00 0.000000000000000000e+00 0.000000000000000000e+00 0.000000000000000000e+00 0.000000000000000000e+00 0.000000000000000000e+00 0.000000000000000000e+00 0.000000000000000000e+00 0.000000000000000000e+00 0.000000000000000000e+00 0.000000000000000000e+00 0.000000000000000000e+00 0.000000000000000000e+00 0.000000000000000000e+00 0.000000000000000000e+00 0.000000000000000000e+00 0.000000000000000000e+00 0.000000000000000000e+00 0.000000000000000000e+00 0.000000000000000000e+00 0.000000000000000000e+00 0.000000000000000000e+00 0.000000000000000000e+00 0.000000000000000000e+00 0.000000000000000000e+00 0.000000000000000000e+00 0.000000000000000000e+00 0.000000000000000000e+00 0.000000000000000000e+00 0.000000000000000000e+00 0.000000000000000000e+00 0.000000000000000000e+00 0.000000000000000000e+00 1.000000000000000000e+00 -4.741896714931112533e-01 -2.415700077517559663e-01 2.179938333759201818e-01 -1.534180832257718841e-01 -1.147220362019276241e+00 8.656501769498285981e-01 5.819722466398804389e-02 -1.333182003355675715e-01 -1.414264072398217775e-01 -1.319740939403546698e-01 -3.237731428961027058e-02 -2.369103345693161222e-01 -8.294855536434194709e-01 -5.039881836563101514e-01 -6.336292124179419005e-01 1.323533260543847678e+00 -2.723777230865933596e-01 -4.591934404750811494e-01 -3.950505509458113185e-01 -4.675322584294747119e-01 5.842020707847007666e-01 -1.132314744436011683e-01 1.441099507023304360e+00 6.802492802602744248e-01 1.122823184722444717e-01 -1.262591111990357673e-01 -1.080633979840226327e-01 -3.845232578226313591e-01 7.467835953967117968e-01 -6.959658712857879070e-01 -9.789408494449454781e-03 -1.323393260578114461e+00 -3.950291581734715063e-01 9.491641454409489587e-01 5.765562471082245066e-01 -1.320670106107732500e-02 -6.642155098366627763e-01 -1.383293268331589276e+00 7.748234380363757667e-01 -1.509180857915221941e+00 3.392213036222629374e-01 8.940690003928810636e-01 -4.573311560111122942e-01 -4.338400216698263256e-01 -1.824893260208191037e-01 -7.504086697113981907e-01 1.335018076920206076e-01 -1.386109350826569830e-01 -6.517868997212864501e-01
0.000000000000000000e+00 0.000000000000000000e+00 0.000000000000000000e+00 0.000000000000000000e+00 0.000000000000000000e+00 0.000000000000000000e+00 0.000000000000000000e+00 0.000000000000000000e+00 0.000000000000000000e+00 0.000000000000000000e+00 0.000000000000000000e+00 0.000000000000000000e+00 0.000000000000000000e+00 0.000000000000000000e+00 0.000000000000000000e+00 0.000000000000000000e+00 0.000000000000000000e+00 0.000000000000000000e+00 0.000000000000000000e+00 0.000000000000000000e+00 0.000000000000000000e+00 0.000000000000000000e+00 0.000000000000000000e+00 0.000000000000000000e+00 0.000000000000000000e+00 0.000000000000000000e+00 0.000000000000000000e+00 0.000000000000000000e+00 0.000000000000000000e+00 0.000000000000000000e+00 0.000000000000000000e+00 0.000000000000000000e+00 0.000000000000000000e+00 0.000000000000000000e+00 0.000000000000000000e+00 0.000000000000000000e+00 0.000000000000000000e+00 0.000000000000000000e+00 0.000000000000000000e+00 0.000000000000000000e+00 0.000000000000000000e+00 0.000000000000000000e+00 0.000000000000000000e+00 0.000000000000000000e+00 0.000000000000000000e+00 0.000000000000000000e+00 0.000000000000000000e+00 0.000000000000000000e+00 0.000000000000000000e+00 0.000000000000000000e+00 0.000000000000000000e+00 1.000000000000000000e+00 -1.094636480186484372e-02 1.135445299433189614e+00 -9.145789615883122003e-01 3.108813599912334524e-01 -3.448465235981743593e-01 -5.645446615597157214e-01 -9.789990602343104364e-02 -2.442011572026605015e-01 -1.411412806235580464e-01 -1.472649519778207905e+00 4.405946837966482343e-01 -7.659181248626001359e-02 1.006699839014035147e+00 -7.727597701070036962e-01 -2.957752645647949152e-01 -6.441035571129996029e-01 -1.409722058246278831e+00 -1.161356557622280183e+00 8.351855959577810795e-01 -3.634608091857034484e-01 -5.129608589087270021e-01 -4.183854584927205189e-01 -1.004580385487688243e+00 5.851263838740001777e-01 -4.878374167756884816e-01 2.226844419263973862e-01 1.318271717851699498e-01 -3.271324026116696065e-02 9.970339204311065018e-01 7.435235415851718654e-01 7.199550327754886681e-01 -8.545213156482764361e-02 -3.709053152440215384e-01 7.095868294548767219e-01 -5.454487542810700917e-01 7.009137899619700685e-01 3.280341062008113595e-01 -5.002555438214483230e-01 8.159941244024669915e-01 -1.153879822210420070e+00 1.592889809258095091e-01 -4.266076338357363551e-01 -5.083955414721037513e-01 -7.056002513843463442e-01 -2.682627725022547205e-01 -3.488209750481316429e-01 -7.196576866626631652e-01 1.636982163803751278e-01
0.000000000000000000e+00 0.000000000000000000e+00 0.000000000000000000e+00 0.000000000000000000e+00 0.000000000000000000e+00 0.000000000000000000e+00 0.000000000000000000e+00 0.000000000000000000e+00 0.000000000000000000e+00 0.000000000000000000e+00 0.000000000000000000e+00 0.000000000000000000e+00 0.000000000000000000e+00 0.000000000000000000e+00 0.000000000000000000e+00 0.000000000000000000e+00 0.000000000000000000e+00 0.000000000000000000e+00 0.000000000000000000e+00 0.000000000000000000e+00 0.000000000000000000e+00 0.000000000000000000e+00 0.000000000000000000e+00 0.000000000000000000e+00 0.000000000000000000e+00 0.000000000000000000e+00 0.000000000000000000e+00 0.000000000000000000e+00 0.000000000000000000e+00 0.000000000000000000e+00 0.000000000000000000e+00 0.000000000000000000e+00 0.000000000000000000e+00 0.000000000000000000e+00 0.000000000000000000e+00 0.000000000000000000e+00 0.000000000000000000e+00 0.000000000000000000e+00 0.000000000000000000e+00 0.000000000000000000e+00 0.000000000000000000e+00 0.000000000000000000e+00 0.000000000000000000e+00 0.000000000000000000e+00 0.000000000000000000e+00 0.000000000000000000e+00 0.000000000000000000e+00 0.000000000000000000e+00 0.000000000000000000e+00 0.000000000000000000e+00 0.000000000000000000e+00 0.000000000000000000e+00 1.000000000000000000e+00 7.241696842344769180e-01 8.320607635917529610e-01 -8.389372297509086751e-01 1.142606551936178994e+00 9.070192127543657001e-01 -1.916638341861947870e-01 7.568409276678305098e-01 6.828092819317603812e-01 1.680316094844727326e+00 -4.708533676464637385e-01 -1.025999804739538890e+00 -1.788689434131772449e-01 -4.812944342461047409e-01 1.181694959158631431e+00 1.958596696458001274e+00 6.417542110099990760e-01 9.962673085490887370e-01 -1.074326132063217143e+00 -3.075475500509296523e-01 -1.137909929698288358e-01 1.789571983910197117e+00 4.715263162111817397e-01 -9.539854485184029453e-02 1.347282540465016831e+00 9.591740005141102809e-02 2.438883212069074546e-01 3.450419553305977272e-01 -1.048765564226793678e+00 3.156244837044445695e-01 -1.407622950855733190e+00 -6.222245693617072249e-01 4.059853678721523917e-01 -9.581868334212694238e-01 4.092386049563217498e-01 -1.835583488271852914e+00 -1.971063387603755990e+00 1.903292433301744246e-01 -1.668395898018869783e+00 2.920870094585473087e+00 -1.015036370228078744e-01 -7.663647292379013876e-02 9.355172380868023163e-01 -7.246523164774312797e-02 3.650857861426219930e-01 5.603821526943786324e-02 5.663315611542375505e-01 6.458864880911568962e-01
0.000000000000000000e+00 0.000000000000000000e+00 0.000000000000000000e+00 0.000000000000000000e+00 0.000000000000000000e+00 0.000000000000000000e+00 0.000000000000000000e+00 0.000000000000000000e+00 0.000000000000000000e+00 0.000000000000000000e+00 0.000000000000000000e+00 0.000000000000000000e+00 0.000000000000000000e+00 0.000000000000000000e+00 0.000000000000000000e+00 0.000000000000000000e+00 0.000000000000000000e+00 0.000000000000000000e+00 0.000000000000000000e+00 0.000000000000000000e+00 0.000000000000000000e+00 0.000000000000000000e+00 0.000000000000000000e+00 0.000000000000000000e+00 0.000000000000000000e+00 0.000000000000000000e+00 0.000000000000000000e+00 0.000000000000000000e+00 0.000000000000000000e+00 0.000000000000000000e+00 0.000000000000000000e+00 0.000000000000000000e+00 0.000000000000000000e+00 0.000000000000000000e+00 0.000000000000000000e+00 0.000000000000000000e+00 0.000000000000000000e+00 0.000000000000000000e+00 0.000000000000000000e+00 0.000000000000000000e+00 0.000000000000000000e+00 0.000000000000000000e+00 0.000000000000000000e+00 0.000000000000000000e+00 0.000000000000000000e+00 0.000000000000000000e+00 0.000000000000000000e+00 0.000000000000000000e+00 0.000000000000000000e+00 0.000000000000000000e+00 0.000000000000000000e+00 0.000000000000000000e+00 0.000000000000000000e+00 1.000000000000000000e+00 7.196942695285442504e+00 -3.309423993335935954e+00 2.130050189802897620e+00 5.731911694825001291e+00 7.867009744788383552e-01 2.359639349055185686e+00 3.220499848818747513e+00 1.108178828369159774e+01 -3.671950748206075144e+00 -2.496971972480672708e+00 -3.574437185710322762e+00 -1.484393249921228952e-01 6.404615586557631524e+00 9.675396135107865447e+00 6.241175183878178601e+00 8.425588747208060170e+00 -7.375876433911884966e+00 1.489352007401032241e+00 -5.486612314839590665e-01 1.011324801141774188e+01 5.105404640403229166e+00 -1.231384470843813972e+00 4.337812704183065193e+00 1.685080256947061872e-01 9.381002079344558098e-01 7.502060200756711650e-01 -5.518041037056835130e+00 -1.860459336384778561e+00 -9.276442841135590811e+00 -1.347477400443111151e+00 3.387065718531280911e+00 -2.165726436750170070e+00 3.065723301771908549e+00 -6.837723461771678224e+00 -9.246737524437195432e+00 -8.337917053278341983e-01 -8.755078467512081630e+00 1.255315381923034757e+01 -2.297996502286403953e+00 5.553216221193686408e-01 4.424604317888150007e+00 1.979460003536998247e+00 -6.528720067602091469e-03 2.303670458296755097e+00 1.702202501638861110e+00 6.374430444251187877e-01
0.000000000000000000e+00 0.000000000000000000e+00 0.000000000000000000e+00 0.000000000000000000e+00 0.000000000000000000e+00 0.000000000000000000e+00 0.000000000000000000e+00 0.000000000000000000e+00 0.000000000000000000e+00 0.000000000000000000e+00 0.000000000000000000e+00 0.000000000000000000e+00 0.000000000000000000e+00 0.000000000000000000e+00 0.000000000000000000e+00 0.000000000000000000e+00 0.000000000000000000e+00 0.000000000000000000e+00 0.000000000000000000e+00 0.000000000000000000e+00 0.000000000000000000e+00 0.000000000000000000e+00 0.000000000000000000e+00 0.000000000000000000e+00 0.000000000000000000e+00 0.000000000000000000e+00 0.000000000000000000e+00 0.000000000000000000e+00 0.000000000000000000e+00 0.000000000000000000e+00 0.000000000000000000e+00 0.000000000000000000e+00 0.000000000000000000e+00 0.000000000000000000e+00 0.000000000000000000e+00 0.000000000000000000e+00 0.000000000000000000e+00 0.000000000000000000e+00 0.000000000000000000e+00 0.000000000000000000e+00 0.000000000000000000e+00 0.000000000000000000e+00 0.000000000000000000e+00 0.000000000000000000e+00 0.000000000000000000e+00 0.000000000000000000e+00 0.000000000000000000e+00 0.000000000000000000e+00 0.000000000000000000e+00 0.000000000000000000e+00 0.000000000000000000e+00 0.000000000000000000e+00 0.000000000000000000e+00 0.000000000000000000e+00 1.000000000000000000e+00 5.183946932788608547e-02 -9.366982775337728828e-02 9.520317807852348713e-01 6.088555885142906687e-01 3.717871974078815200e-01 5.846709010254136363e-01 1.790286712537395353e+00 -8.810202854251435456e-01 5.894816552653863589e-02 -4.990252619166503090e-01 6.237979788903250666e-01 1.705773719970925251e-01 1.433666946157102329e+00 1.002579776134481016e+00 1.280570696058059177e+00 -6.497057141495290455e-01 3.304867684410240924e-01 3.715456808388000742e-01 8.717730648613792876e-01 6.557483511957370448e-01 -3.291462490450403067e-01 1.607477506126631928e-01 -7.593455422847203429e-02 3.813191795564897513e-01 1.069905377830783072e-01 -3.781362689784093511e-01 -3.767264461477519144e-01 -1.057382501483408177e+00 2.873616590624125406e-03 1.044161572297008234e-01 -1.697195776433053638e-01 9.375060240139171386e-02 -3.078887734289920686e-01 -6.589268898004255748e-01 -1.308086530714846485e-01 -6.211589161950257232e-01 1.272733724591131432e+00 -5.426629546430626894e-01 4.983170584327759056e-01 7.133914670842712580e-01 5.651552579663919884e-01 1.341531689180481546e-01 5.351973367922960856e-01 4.435217679095358467e-01 -1.714016362108169433e-01
0.000000000000000000e+00 0.000000000000000000e+00 0.000000000000000000e+00 0.000000000000000000e+00 0.000000000000000000e+00 0.000000000000000000e+00 0.000000000000000000e+00 0.000000000000000000e+00 0.000000000000000000e+00 0.000000000000000000e+00 0.000000000000000000e+00 0.000000000000000000e+00 0.000000000000000000e+00 0.000000000000000000e+00 0.000000000000000000e+00 0.000000000000000000e+00 0.000000000000000000e+00 0.000000000000000000e+00 0.000000000000000000e+00 0.000000000000000000e+00 0.000000000000000000e+00 0.000000000000000000e+00 0.000000000000000000e+00 0.000000000000000000e+00 0.000000000000000000e+00 0.000000000000000000e+00 0.000000000000000000e+00 0.000000000000000000e+00 0.000000000000000000e+00 0.000000000000000000e+00 0.000000000000000000e+00 0.000000000000000000e+00 0.000000000000000000e+00 0.000000000000000000e+00 0.000000000000000000e+00 0.000000000000000000e+00 0.000000000000000000e+00 0.000000000000000000e+00 0.000000000000000000e+00 0.000000000000000000e+00 0.000000000000000000e+00 0.000000000000000000e+00 0.000000000000000000e+00 0.000000000000000000e+00 0.000000000000000000e+00 0.000000000000000000e+00 0.000000000000000000e+00 0.000000000000000000e+00 0.000000000000000000e+00 0.000000000000000000e+00 0.000000000000000000e+00 0.000000000000000000e+00 0.000000000000000000e+00 0.000000000000000000e+00 0.000000000000000000e+00 1.000000000000000000e+00 -1.410915271388458736e+00 -4.290770593449460754e-03 8.198989576376869426e-01 1.848297161827528734e-01 2.904290260502863652e-01 -2.507071172418497973e-01 -1.041985365037431777e+00 7.608162044582366113e-01 4.838382296076405020e-01 1.794788077066809429e+00 -1.432837406356050503e+00 -1.300230461054296127e-01 -2.645323497931688084e-01 -6.341294476355041621e-01 9.181989345673347014e-01 6.203997802414329410e-01 1.231634476649269061e+00 -1.706947228447712961e+00 -8.025864008702180419e-01 -5.472846751428762230e-02 -1.014269074524623226e+00 -3.407320602816522048e-01 1.114548457698552042e+00 3.801060966423344678e-01 1.695952221076531208e+00 7.006414643240467255e-01 2.293610003386965523e-01 8.475118108391695160e-02 -1.032555753197458293e+00 8.672916942632397097e-01 -1.274894460794928630e+00 1.652377476748098761e+00 1.172078273129306014e+00 2.329280135559240461e-01 1.506160653934471405e+00 -1.132991399995931348e+00 -1.049190008208379377e+00 6.776563511308116849e-01 2.292428279506799338e-01 7.206233663806959067e-01 -6.132561041713809891e-01 -1.809820491434141754e-01 -3.509830359812554090e-01 -7.360125753732958964e-01
0.000000000000000000e+00 0.000000000000000000e+00 0.000000000000000000e+00 0.000000000000000000e+00 0.000000000000000000e+00 0.000000000000000000e+00 0.000000000000000000e+00 0.000000000000000000e+00 0.000000000000000000e+00 0.000000000000000000e+00 0.000000000000000000e+00 0.000000000000000000e+00 0.000000000000000000e+00 0.000000000000000000e+00 0.000000000000000000e+00 0.000000000000000000e+00 0.000000000000000000e+00 0.000000000000000000e+00 0.000000000000000000e+00 0.000000000000000000e+00 0.000000000000000000e+00 0.000000000000000000e+00 0.000000000000000000e+00 0.000000000000000000e+00 0.000000000000000000e+00 0.000000000000000000e+00 0.000000000000000000e+00 0.000000000000000000e+00 0.000000000000000000e+00 0.000000000000000000e+00 0.000000000000000000e+00 0.000000000000000000e+00 0.000000000000000000e+00 0.000000000000000000e+00 0.000000000000000000e+00 0.000000000000000000e+00 0.000000000000000000e+00 0.000000000000000000e+00 0.000000000000000000e+00 0.000000000000000000e+00 0.000000000000000000e+00 0.000000000000000000e+00 0.000000000000000000e+00 0.000000000000000000e+00 0.000000000000000000e+00 0.000000000000000000e+00 0.000000000000000000e+00 0.000000000000000000e+00 0.000000000000000000e+00 0.000000000000000000e+00 0.000000000000000000e+00 0.000000000000000000e+00 0.000000000000000000e+00 0.000000000000000000e+00 0.000000000000000000e+00 0.000000000000000000e+00 1.000000000000000000e+00 7.670616890077689431e-01 7.387701659633855167e-01 2.139213199590964676e-01 5.052009155489330938e-01 2.133771102978960332e+00 -6.612538496407639743e-02 1.080956162055822511e-01 -2.367220698174566512e-02 -5.995635455887599052e-01 -5.393338073440094860e-01 1.316863645628550961e+00 1.079264879863780058e+00 1.404890231520923072e+00 -1.751256310464860688e-01 -1.024787675304395629e+00 -3.489649328285366892e-01 1.641257344558541664e+00 1.157907280875198452e+00 -7.874667985800364312e-01 6.843817455327733112e-01 4.331190252761649151e-01 -1.067921847855600959e+00 -8.229122523205451012e-01 -1.372566841401803073e+00 -1.793809733712500742e+00 5.660911137487638634e-01 5.098958809780588242e-01 7.956997144428120672e-01 -1.080025862327869790e+00 1.281726149920720870e+00 -3.004275636918915526e-01 2.758663059204452539e-01 -5.327201239082632878e-01 -6.457830519168665795e-01 8.969965548986328363e-01 1.046888140275153312e+00 5.253964165457566393e-01 5.910653988001910442e-01 -4.661098819621060652e-01 1.324810822903108365e+00 7.668183582043720525e-01 1.543947053466039332e+00 6.982826641542001500e-01
0.000000000000000000e+00 0.000000000000000000e+00 0.000000000000000000e+00 0.000000000000000000e+00 0.000000000000000000e+00 0.000000000000000000e+00 0.000000000000000000e+00 0.000000000000000000e+00 0.000000000000000000e+00 0.000000000000000000e+00 0.000000000000000000e+00 0.000000000000000000e+00 0.000000000000000000e+00 0.000000000000000000e+00 0.000000000000000000e+00 0.000000000000000000e+00 0.000000000000000000e+00 0.000000000000000000e+00 0.000000000000000000e+00 0.000000000000000000e+00 0.000000000000000000e+00 0.000000000000000000e+00 0.000000000000000000e+00 0.000000000000000000e+00 0.000000000000000000e+00 0.000000000000000000e+00 0.000000000000000000e+00 0.000000000000000000e+00 0.000000000000000000e+00 0.000000000000000000e+00 0.000000000000000000e+00 0.000000000000000000e+00 0.000000000000000000e+00 0.000000000000000000e+00 0.000000000000000000e+00 0.000000000000000000e+00 0.000000000000000000e+00 0.000000000000000000e+00 0.000000000000000000e+00 0.000000000000000000e+00 0.000000000000000000e+00 0.000000000000000000e+00 0.000000000000000000e+00 0.000000000000000000e+00 0.000000000000000000e+00 0.000000000000000000e+00 0.000000000000000000e+00 0.000000000000000000e+00 0.000000000000000000e+00 0.000000000000000000e+00 0.000000000000000000e+00 0.000000000000000000e+00 0.000000000000000000e+00 0.000000000000000000e+00 0.000000000000000000e+00 0.000000000000000000e+00 0.000000000000000000e+00 1.000000000000000000e+00 1.611495235381367852e+00 5.286383168774044794e-01 1.380063396820004007e+00 2.236188564823420322e+00 -2.687106840896443583e+00 2.592490962897623374e-01 8.011996804927115079e-01 1.202323091795695520e+00 -1.887440045515370812e+00 1.297487006286553557e+00 9.699551704524252138e-02 -9.135363863475255697e-02 1.272985482112629851e+00 -1.391310317518712654e-02 2.541557721094563682e+00 -8.285010145756196986e-02 5.124539544314068440e-01 -7.639569307515703400e-01 -1.174345907929931487e-02 2.516119628805932318e-02 1.262878795797842679e-01 -2.929387494815511306e-01 7.731132520376133854e-01 -7.860648119746707074e-01 6.421821729261201206e-01 5.078354097112097731e-01 1.989077454198902861e-01 -1.944885016434022840e-01 2.911854473232184173e-02 1.972562962740403991e+00 1.433623197721864528e+00 9.306460264816940331e-02 3.873688118062125207e-01 -9.670153199105427921e-01 1.187542355000635874e-01 7.646966866125036733e-01 1.339365709606183952e+00 2.101872793147714358e-01 1.811419239702989348e-01 4.115937676822342683e-01 3.080134662887621944e-01 -9.870188605878373878e-01
0.000000000000000000e+00 0.000000000000000000e+00 0.000000000000000000e+00 0.000000000000000000e+00 0.000000000000000000e+00 0.000000000000000000e+00 0.000000000000000000e+00 0.000000000000000000e+00 0.000000000000000000e+00 0.000000000000000000e+00 0.000000000000000000e+00 0.000000000000000000e+00 0.000000000000000000e+00 0.000000000000000000e+00 0.000000000000000000e+00 0.000000000000000000e+00 0.000000000000000000e+00 0.000000000000000000e+00 0.000000000000000000e+00 0.000000000000000000e+00 0.000000000000000000e+00 0.000000000000000000e+00 0.000000000000000000e+00 0.000000000000000000e+00 0.000000000000000000e+00 0.000000000000000000e+00 0.000000000000000000e+00 0.000000000000000000e+00 0.000000000000000000e+00 0.000000000000000000e+00 0.000000000000000000e+00 0.000000000000000000e+00 0.000000000000000000e+00 0.000000000000000000e+00 0.000000000000000000e+00 0.000000000000000000e+00 0.000000000000000000e+00 0.000000000000000000e+00 0.000000000000000000e+00 0.000000000000000000e+00 0.000000000000000000e+00 0.000000000000000000e+00 0.000000000000000000e+00 0.000000000000000000e+00 0.000000000000000000e+00 0.000000000000000000e+00 0.000000000000000000e+00 0.000000000000000000e+00 0.000000000000000000e+00 0.000000000000000000e+00 0.000000000000000000e+00 0.000000000000000000e+00 0.000000000000000000e+00 0.000000000000000000e+00 0.000000000000000000e+00 0.000000000000000000e+00 0.000000000000000000e+00 0.000000000000000000e+00 1.000000000000000000e+00 -8.738190161462865146e-02 -4.861252057429862883e-02 -9.249784362451731745e-01 -1.336170082156477257e+00 -3.922107893968740377e-01 -9.064236537133444349e-01 1.200946717801557817e+00 8.835423195481161285e-01 -3.590536103269850732e-01 -2.293842630791030679e+00 -1.465628560615557019e+00 2.686438113130019123e-01 2.410651781520343651e+00 2.421217073469760894e+00 -1.576378555211244370e+00 -1.479891962027844343e+00 1.543119355955425487e+00 -1.413549621493604080e+00 -3.490627479095136376e-01 2.093411138310508957e+00 1.809977172649087862e+00 2.391896785985637486e+00 2.228671325686207627e+00 -1.134693927504962785e+00 -2.753177248271934108e-01 -1.095161244812834500e-01 1.835938523976935688e+00 -1.734118894797012089e+00 6.806942121067082185e-01 -4.140390885271508226e-01 1.024479397682098725e+00 -1.442449801430533141e+00 -1.311069236908834590e+00 -1.712356186196525076e+00 -4.224599196814177726e-01 3.222393216488820822e-01 9.575396626672014744e-01 -7.751372815482835410e-01 2.152135654164372414e-01 -1.663575957944604111e+00 -3.034030129181825686e+00
0.000000000000000000e+00 0.000000000000000000e+00 0.000000000000000000e+00 0.000000000000000000e+00 0.000000000000000000e+00 0.000000000000000000e+00 0.000000000000000000e+00 0.000000000000000000e+00 0.000000000000000000e+00 0.000000000000000000e+00 0.000000000000000000e+00 0.000000000000000000e+00 0.000000000000000000e+00 0.000000000000000000e+00 0.000000000000000000e+00 0.000000000000000000e+00 0.000000000000000000e+00 0.000000000000000000e+00 0.000000000000000000e+00 0.000000000000000000e+00 0.000000000000000000e+00 0.000000000000000000e+00 0.000000000000000000e+00 0.000000000000000000e+00 0.000000000000000000e+00 0.000000000000000000e+00 0.000000000000000000e+00 0.000000000000000000e+00 0.000000000000000000e+00 0.000000000000000000e+00 0.000000000000000000e+00 0.000000000000000000e+00 0.000000000000000000e+00 0.000000000000000000e+00 0.000000000000000000e+00 0.000000000000000000e+00 0.000000000000000000e+00 0.000000000000000000e+00 0.000000000000000000e+00 0.000000000000000000e+00 0.000000000000000000e+00 0.000000000000000000e+00 0.000000000000000000e+00 0.000000000000000000e+00 0.000000000000000000e+00 0.000000000000000000e+00 0.000000000000000000e+00 0.000000000000000000e+00 0.000000000000000000e+00 0.000000000000000000e+00 0.000000000000000000e+00 0.000000000000000000e+00 0.000000000000000000e+00 0.000000000000000000e+00 0.000000000000000000e+00 0.000000000000000000e+00 0.000000000000000000e+00 0.000000000000000000e+00 0.000000000000000000e+00 1.000000000000000000e+00 1.120960186039267059e+00 2.236636453924901513e+00 -9.055197804529276917e-01 5.344234849854717639e-01 2.118718268243481084e+00 -5.566912074011135525e-01 -2.667433361641156964e+00 8.704368442740235690e-01 2.632687937258994193e+00 1.377609287851299991e+00 8.379221295602163888e-01 -3.260446161072048543e+00 -8.171128871128733318e-01 1.093151192303217778e+00 1.527414004944332993e+00 -2.186951154947316844e+00 1.284369294705176801e+00 8.447273833104340657e-01 -1.887316337217823214e+00 -2.732698439633787668e+00 -1.254884228781537825e+00 -2.761304907083167670e+00 1.703291016300043870e+00 4.803262172480844416e-01 -3.042386543456566117e-01 -2.482847343459180678e+00 1.601253059210406393e+00 1.958881879341344501e+00 2.430134216102812772e+00 -7.864680143629064757e-01 2.846413539466331244e+00 6.920442516421199119e-01 2.219483060388614426e+00 6.262676270103854081e-01 7.553105249131000232e-01 -1.472838878874394464e+00 1.307610280847999018e+00 8.593287452089742873e-02 2.069781892212737340e+00 2.748641464730876560e+00
0.000000000000000000e+00 0.000000000000000000e+00 0.000000000000000000e+00 0.000000000000000000e+00 0.000000000000000000e+00 0.000000000000000000e+00 0.000000000000000000e+00 0.000000000000000000e+00 0.000000000000000000e+00 0.000000000000000000e+00 0.000000000000000000e+00 0.000000000000000000e+00 0.000000000000000000e+00 0.000000000000000000e+00 0.000000000000000000e+00 0.000000000000000000e+00 0.000000000000000000e+00 0.000000000000000000e+00 0.000000000000000000e+00 0.000000000000000000e+00 0.000000000000000000e+00 0.000000000000000000e+00 0.000000000000000000e+00 0.000000000000000000e+00 0.000000000000000000e+00 0.000000000000000000e+00 0.000000000000000000e+00 0.000000000000000000e+00 0.000000000000000000e+00 0.000000000000000000e+00 0.000000000000000000e+00 0.000000000000000000e+00 0.000000000000000000e+00 0.000000000000000000e+00 0.000000000000000000e+00 0.000000000000000000e+00 0.000000000000000000e+00 0.000000000000000000e+00 0.000000000000000000e+00 0.000000000000000000e+00 0.000000000000000000e+00 0.000000000000000000e+00 0.000000000000000000e+00 0.000000000000000000e+00 0.000000000000000000e+00 0.000000000000000000e+00 0.000000000000000000e+00 0.000000000000000000e+00 0.000000000000000000e+00 0.000000000000000000e+00 0.000000000000000000e+00 0.000000000000000000e+00 0.000000000000000000e+00 0.000000000000000000e+00 0.000000000000000000e+00 0.000000000000000000e+00 0.000000000000000000e+00 0.000000000000000000e+00 0.000000000000000000e+00 0.000000000000000000e+00 1.000000000000000000e+00 1.184783487191232609e+00 1.441872366412284556e+00 2.666475081280325621e-01 1.577772789385915031e-01 -7.021584796651146876e-01 9.549749386375493421e-01 5.069449685291095298e-01 1.397497210982125093e+00 -4.848566279367236831e-01 -8.120257000254545998e-01 -6.917743119619300662e-01 -9.391001879936770047e-01 1.359814520059923648e+00 8.096609168618997820e-01 -4.722725157204307744e-01 2.316297501004019654e+00 -3.475747567262494342e-01 -1.231880982209439201e+00 -3.376891503815107609e-01 -3.226879692570752578e+00 -9.527627289219507967e-01 9.622742827872828864e-01 -2.585557072625349617e-01 9.829295905551841406e-01 -1.145827653594708284e+00 8.669570901714240829e-01 -1.617453517301923327e+00 -1.515999118464758544e+00 -3.864300733823904377e-01 -5.145586629806382373e-01 3.067016810373755842e+00 8.932526688398073622e-01 5.366551595470707703e-01 3.518301800575242555e-01 -7.821836942565689732e-01 -5.847119960754336709e-01 -1.617821331208220692e-01 1.840631406321419306e+00 2.644091446428478598e+00
0.000000000000000000e+00 0.000000000000000000e+00 0.000000000000000000e+00 0.000000000000000000e+00 0.000000000000000000e+00 0.000000000000000000e+00 0.000000000000000000e+00 0.000000000000000000e+00 0.000000000000000000e+00 0.000000000000000000e+00 0.000000000000000000e+00 0.000000000000000000e+00 0.000000000000000000e+00 0.000000000000000000e+00 0.000000000000000000e+00 0.000000000000000000e+00 0.000000000000000000e+00 0.000000000000000000e+00 0.000000000000000000e+00 0.000000000000000000e+00 0.000000000000000000e+00 0.000000000000000000e+00 0.000000000000000000e+00 0.000000000000000000e+00 0.000000000000000000e+00 0.000000000000000000e+00 0.000000000000000000e+00 0.000000000000000000e+00 0.000000000000000000e+00 0.000000000000000000e+00 0.000000000000000000e+00 0.000000000000000000e+00 0.000000000000000000e+00 0.000000000000000000e+00 0.000000000000000000e+00 0.000000000000000000e+00 0.000000000000000000e+00 0.000000000000000000e+00 0.000000000000000000e+00 0.000000000000000000e+00 0.000000000000000000e+00 0.000000000000000000e+00 0.000000000000000000e+00 0.000000000000000000e+00 0.000000000000000000e+00 0.000000000000000000e+00 0.000000000000000000e+00 0.000000000000000000e+00 0.000000000000000000e+00 0.000000000000000000e+00 0.000000000000000000e+00 0.000000000000000000e+00 0.000000000000000000e+00 0.000000000000000000e+00 0.000000000000000000e+00 0.000000000000000000e+00 0.000000000000000000e+00 0.000000000000000000e+00 0.000000000000000000e+00 0.000000000000000000e+00 0.000000000000000000e+00 1.000000000000000000e+00 -1.208002982561458438e+00 1.083202816110789696e-01 1.459277605421021251e+00 -1.789307519686478554e-01 -1.982559977375456972e+00 4.425743772690995947e-01 3.805916679601253905e-01 1.273340919334452925e+00 1.832875263771698710e-02 -1.147513817282474369e+00 -8.003843020770644578e-01 5.577319923354340236e-01 9.491634958997082760e-01 -1.302284415871367562e+00 -8.221410621801424901e-01 1.371674290673221330e+00 -4.935936584342858757e-01 -1.191390840255738715e+00 1.681245570636286990e+00 -1.835858688787783688e+00 -1.708343358297754674e-02 5.770763573591736195e-01 1.400967136486136189e-01 2.147087110194939585e-01 1.447039154783860582e+00 1.103611236050435540e+00 1.929789281885884389e+00 -5.224866193916036794e-01 8.495358366076994905e-01 -1.433367598730380665e+00 4.064116370696190805e-01 1.406670447207097330e-01 2.718156128288584106e-01 -1.557058765994851213e-01 9.998943823671356812e-01 7.388577142366844347e-04 -7.656751980511135314e-02 -2.337664723197110939e-01
0.000000000000000000e+00 0.000000000000000000e+00 0.000000000000000000e+00 0.000000000000000000e+00 0.000000000000000000e+00 0.000000000000000000e+00 0.000000000000000000e+00 0.000000000000000000e+00 0.000000000000000000e+00 0.000000000000000000e+00 0.000000000000000000e+00 0.000000000000000000e+00 0.000000000000000000e+00 0.000000000000000000e+00 0.000000000000000000e+00 0.000000000000000000e+00 0.000000000000000000e+00 0.000000000000000000e+00 0.000000000000000000e+00 0.000000000000000000e+00 0.000000000000000000e+00 0.000000000000000000e+00 0.000000000000000000e+00 0.000000000000000000e+00 0.000000000000000000e+00 0.000000000000000000e+00 0.000000000000000000e+00 0.000000000000000000e+00 0.000000000000000000e+00 0.000000000000000000e+00 0.000000000000000000e+00 0.000000000000000000e+00 0.000000000000000000e+00 0.000000000000000000e+00 0.000000000000000000e+00 0.000000000000000000e+00 0.000000000000000000e+00 0.000000000000000000e+00 0.000000000000000000e+00 0.000000000000000000e+00 0.000000000000000000e+00 0.000000000000000000e+00 0.000000000000000000e+00 0.000000000000000000e+00 0.000000000000000000e+00 0.000000000000000000e+00 0.000000000000000000e+00 0.000000000000000000e+00 0.000000000000000000e+00 0.000000000000000000e+00 0.000000000000000000e+00 0.000000000000000000e+00 0.000000000000000000e+00 0.000000000000000000e+00 0.000000000000000000e+00 0.000000000000000000e+00 0.000000000000000000e+00 0.000000000000000000e+00 0.000000000000000000e+00 0.000000000000000000e+00 0.000000000000000000e+00 0.000000000000000000e+00 1.000000000000000000e+00 1.159300595812366025e-01 -2.132154316471930600e-01 -3.186903807192952853e-01 4.478401431567413105e-01 2.285580304219582692e-01 8.366271744265899590e-01 4.589140458013910018e-03 -1.640307221737182242e-01 -3.964196851265722188e-01 -6.055766116319211134e-01 6.392482589405339422e-01 2.898510717801138781e-01 -9.302704822667128004e-02 8.223462094810805034e-01 -1.992601538567467800e-01 -4.814794117493695902e-01 -7.508368428365481961e-02 -1.567208306284423092e+00 -2.544254172935684899e-01 3.891096817931487539e-01 -5.911228061092648660e-04 -5.766653152839053276e-02 -6.562054731250375195e-01 1.202493711747238958e-01 -8.126424257120818950e-01 -7.623984957989186073e-01 -8.050113869879862993e-02 -2.913202896168675116e-01 1.429741950101086401e+00 4.148068550333757765e-01 3.871624206074935487e-02 5.911041086280663381e-02 -2.742833214800132202e-01 -1.941148575738108895e-01 -1.829154543692049495e-01 7.829237074613465408e-01 1.162703691269338035e+00
0.000000000000000000e+00 0.000000000000000000e+00 0.000000000000000000e+00 0.000000000000000000e+00 0.000000000000000000e+00 0.000000000000000000e+00 0.000000000000000000e+00 0.000000000000000000e+00 0.000000000000000000e+00 0.000000000000000000e+00 0.000000000000000000e+00 0.000000000000000000e+00 0.000000000000000000e+00 0.000000000000000000e+00 0.000000000000000000e+00 0.000000000000000000e+00 0.000000000000000000e+00 0.000000000000000000e+00 0.000000000000000000e+00 0.000000000000000000e+00 0.000000000000000000e+00 0.000000000000000000e+00 0.000000000000000000e+00 0.000000000000000000e+00 0.000000000000000000e+00 0.000000000000000000e+00 0.000000000000000000e+00 0.000000000000000000e+00 0.000000000000000000e+00 0.000000000000000000e+00 0.000000000000000000e+00 0.000000000000000000e+00 0.000000000000000000e+00 0.000000000000000000e+00 0.000000000000000000e+00 0.000000000000000000e+00 0.000000000000000000e+00 0.000000000000000000e+00 0.000000000000000000e+00 0.000000000000000000e+00 0.000000000000000000e+00 0.000000000000000000e+00 0.000000000000000000e+00 0.000000000000000000e+00 0.000000000000000000e+00 0.000000000000000000e+00 0.000000000000000000e+00 0.000000000000000000e+00 0.000000000000000000e+00 0.000000000000000000e+00 0.000000000000000000e+00 0.000000000000000000e+00 0.000000000000000000e+00 0.000000000000000000e+00 0.000000000000000000e+00 0.000000000000000000e+00 0.000000000000000000e+00 0.000000000000000000e+00 0.000000000000000000e+00 0.000000000000000000e+00 0.000000000000000000e+00 0.000000000000000000e+00 0.000000000000000000e+00 1.000000000000000000e+00 8.314765353557252991e-01 -2.666186906457285732e-01 1.343331879314746402e+00 -1.795335682889294127e+00 -1.038058919118335810e+00 -1.632289923339242721e+00 1.316858968818873654e+00 -1.497999887193127933e+00 7.483271430159983417e-01 1.297055326093433436e+00 6.317514216662895032e-01 -8.681908574148939906e-01 2.590333747057312230e+00 -1.870346902835064717e-01 -1.319913086167458394e+00 -1.261161333959208264e+00 -3.072950486842685347e+00 2.809488551850508609e-01 3.129868827742753545e+00 7.253479140546187365e-01 3.298450885655629161e+00 -5.322806339251756613e-01 1.086723625604942178e+00 9.661689769446503429e-02 2.624436491913507141e-01 -1.850109032919730945e+00 1.210548517657521056e-01 2.567622064852180808e-01 1.447535772845817359e+00 8.176466148449526017e-01 -8.400350734111885487e-01 1.576982012702816460e+00 1.666539588898215518e+00 1.269520657897593274e+00 1.847525729580239418e+00 2.178724374818565845e+00
0.000000000000000000e+00 0.000000000000000000e+00 0.000000000000000000e+00 0.000000000000000000e+00 0.000000000000000000e+00 0.000000000000000000e+00 0.000000000000000000e+00 0.000000000000000000e+00 0.000000000000000000e+00 0.000000000000000000e+00 0.000000000000000000e+00 0.000000000000000000e+00 0.000000000000000000e+00 0.000000000000000000e+00 0.000000000000000000e+00 0.000000000000000000e+00 0.000000000000000000e+00 0.000000000000000000e+00 0.000000000000000000e+00 0.000000000000000000e+00 0.000000000000000000e+00 0.000000000000000000e+00 0.000000000000000000e+00 0.000000000000000000e+00 0.000000000000000000e+00 0.000000000000000000e+00 0.000000000000000000e+00 0.000000000000000000e+00 0.000000000000000000e+00 0.000000000000000000e+00 0.000000000000000000e+00 0.000000000000000000e+00 0.000000000000000000e+00 0.000000000000000000e+00 0.000000000000000000e+00 0.000000000000000000e+00 0.000000000000000000e+00 0.000000000000000000e+00 0.000000000000000000e+00 0.000000000000000000e+00 0.000000000000000000e+00 0.000000000000000000e+00 0.000000000000000000e+00 0.000000000000000000e+00 0.000000000000000000e+00 0.000000000000000000e+00 0.000000000000000000e+00 0.000000000000000000e+00 0.000000000000000000e+00 0.000000000000000000e+00 0.000000000000000000e+00 0.000000000000000000e+00 0.000000000000000000e+00 0.000000000000000000e+00 0.000000000000000000e+00 0.000000000000000000e+00 0.000000000000000000e+00 0.000000000000000000e+00 0.000000000000000000e+00 0.000000000000000000e+00 0.000000000000000000e+00 0.000000000000000000e+00 0.000000000000000000e+00 0.000000000000000000e+00 1.000000000000000000e+00 -5.609516101012785860e-01 -1.914729048881459006e+00 2.147903234954304352e+00 2.128624741562875400e+00 2.160017604825692050e+00 -3.480096444196902339e-01 -4.900854304099278372e-03 -1.154873910159391004e+00 -2.177042969042102705e+00 -1.228279537549940237e+00 1.038828770416668323e+00 -1.409711245730288498e+00 1.042673475623255297e-01 2.123337808342687261e+00 7.602251499548737801e-01 2.507623248532247828e+00 9.070073122939530386e-01 -3.012397245927976641e+00 -6.792341919245964421e-01 -4.520398622541564215e+00 -1.846472609504568263e+00 -1.487916851347932834e+00 -7.433551260705778541e-01 1.642149430545191136e-01 2.043916143588762058e+00 7.425533406692668148e-01 1.120207573136815071e+00 -1.456194719189231712e+00 -1.261792933539998884e+00 1.365863305460063959e+00 -1.315183390372341110e+00 -1.108979330905848437e+00 -1.840904552323871401e+00 -1.014608312994644379e+00 -1.068603189388301455e+00
0.000000000000000000e+00 0.000000000000000000e+00 0.000000000000000000e+00 0.000000000000000000e+00 0.000000000000000000e+00 0.000000000000000000e+00 0.000000000000000000e+00 0.000000000000000000e+00 0.000000000000000000e+00 0.000000000000000000e+00 0.000000000000000000e+00 0.000000000000000000e+00 0.000000000000000000e+00 0.000000000000000000e+00 0.000000000000000000e+00 0.000000000000000000e+00 0.000000000000000000e+00 0.000000000000000000e+00 0.000000000000000000e+00 0.000000000000000000e+00 0.000000000000000000e+00 0.000000000000000000e+00 0.000000000000000000e+00 0.000000000000000000e+00 0.000000000000000000e+00 0.000000000000000000e+00 0.000000000000000000e+00 0.000000000000000000e+00 0.000000000000000000e+00 0.000000000000000000e+00 0.000000000000000000e+00 0.000000000000000000e+00 0.000000000000000000e+00 0.000000000000000000e+00 0.000000000000000000e+00 0.000000000000000000e+00 0.000000000000000000e+00 0.000000000000000000e+00 0.000000000000000000e+00 0.000000000000000000e+00 0.000000000000000000e+00 0.000000000000000000e+00 0.000000000000000000e+00 0.000000000000000000e+00 0.000000000000000000e+00 0.000000000000000000e+00 0.000000000000000000e+00 0.000000000000000000e+00 0.000000000000000000e+00 0.000000000000000000e+00 0.000000000000000000e+00 0.000000000000000000e+00 0.000000000000000000e+00 0.000000000000000000e+00 0.000000000000000000e+00 0.000000000000000000e+00 0.000000000000000000e+00 0.000000000000000000e+00 0.000000000000000000e+00 0.000000000000000000e+00 0.000000000000000000e+00 0.000000000000000000e+00 0.000000000000000000e+00 0.000000000000000000e+00 0.000000000000000000e+00 1.000000000000000000e+00 2.847686960189973693e+00 -1.794855386535644803e-01 -2.728385768778784914e+00 -1.797313767485443137e+00 -3.864305692797109781e-01 1.313797363007835672e+00 1.219561888815689388e+00 1.124053212290832882e+00 -1.384847822418385332e+00 6.813842851936675604e-01 1.770861712844449931e+00 -8.794862180070446289e-01 6.753384781476724497e-01 1.679364859415345634e+00 1.376090099318279421e-02 2.007774239736256572e+00 -7.036948870665621358e-02 -1.001456063680826292e+00 3.745929046626023773e+00 2.647539111901703546e+00 1.070441066886338444e+00 -1.709553037001416920e+00 -2.592910608419395579e+00 -3.561172139007070386e-02 -2.356074342355085616e+00 6.588001267201674116e-01 -8.388910554368764760e-01 1.326261560918184923e+00 -1.869946416728950067e-01 2.838616757344411212e+00 2.355790798042767531e-01 5.570890378001820409e-01 2.376682827363603145e-01 -1.097692336885040199e+00
0.000000000000000000e+00 0.000000000000000000e+00 0.000000000000000000e+00 0.000000000000000000e+00 0.000000000000000000e+00 0.000000000000000000e+00 0.000000000000000000e+00 0.000000000000000000e+00 0.000000000000000000e+00 0.000000000000000000e+00 0.000000000000000000e+00 0.000000000000000000e+00 0.000000000000000000e+00 0.000000000000000000e+00 0.000000000000000000e+00 0.000000000000000000e+00 0.000000000000000000e+00 0.000000000000000000e+00 0.000000000000000000e+00 0.000000000000000000e+00 0.000000000000000000e+00 0.000000000000000000e+00 0.000000000000000000e+00 0.000000000000000000e+00 0.000000000000000000e+00 0.000000000000000000e+00 0.000000000000000000e+00 0.000000000000000000e+00 0.000000000000000000e+00 0.000000000000000000e+00 0.000000000000000000e+00 0.000000000000000000e+00 0.000000000000000000e+00 0.000000000000000000e+00 0.000000000000000000e+00 0.000000000000000000e+00 0.000000000000000000e+00 0.000000000000000000e+00 0.000000000000000000e+00 0.000000000000000000e+00 0.000000000000000000e+00 0.000000000000000000e+00 0.000000000000000000e+00 0.000000000000000000e+00 0.000000000000000000e+00 0.000000000000000000e+00 0.000000000000000000e+00 0.000000000000000000e+00 0.000000000000000000e+00 0.000000000000000000e+00 0.000000000000000000e+00 0.000000000000000000e+00 0.000000000000000000e+00 0.000000000000000000e+00 0.000000000000000000e+00 0.000000000000000000e+00 0.000000000000000000e+00 0.000000000000000000e+00 0.000000000000000000e+00 0.000000000000000000e+00 0.000000000000000000e+00 0.000000000000000000e+00 0.000000000000000000e+00 0.000000000000000000e+00 0.000000000000000000e+00 0.000000000000000000e+00 1.000000000000000000e+00 -9.314007984391878825e-01 -1.200993269531267282e+00 -5.168177128683743016e-01 -2.207890500581293214e-01 4.811435997850705554e-02 2.676248731092298883e-01 9.999396586474290638e-01 2.770189542880311939e-01 -4.864745027284079759e-01 9.387687687846825169e-01 2.311529128302143021e-01 -8.395296517436783290e-01 -3.259168370100545831e-01 -7.708595678849694544e-01 -5.774359518527417690e-01 1.334991556812740621e+00 5.891999039861866433e-02 2.535976516788036150e+00 1.241004056828808544e+00 1.055932075547534987e+00 -1.077822885948032661e-01 -2.591350659435611714e-01 -7.419738109775935175e-01 -7.932597759123792835e-01 -5.754894059042637844e-01 4.285259836135943412e-01 4.468266978597594252e-01 -6.385899029792437842e-01 4.729940578789501582e-01 5.777789605948930873e-01 4.913157632836017696e-01 2.907958896395813064e-01 6.788469278970888920e-01
0.000000000000000000e+00 0.000000000000000000e+00 0.000000000000000000e+00 0.000000000000000000e+00 0.000000000000000000e+00 0.000000000000000000e+00 0.000000000000000000e+00 0.000000000000000000e+00 0.000000000000000000e+00 0.000000000000000000e+00 0.000000000000000000e+00 0.000000000000000000e+00 0.000000000000000000e+00 0.000000000000000000e+00 0.000000000000000000e+00 0.000000000000000000e+00 0.000000000000000000e+00 0.000000000000000000e+00 0.000000000000000000e+00 0.000000000000000000e+00 0.000000000000000000e+00 0.000000000000000000e+00 0.000000000000000000e+00 0.000000000000000000e+00 0.000000000000000000e+00 0.000000000000000000e+00 0.000000000000000000e+00 0.000000000000000000e+00 0.000000000000000000e+00 0.000000000000000000e+00 0.000000000000000000e+00 0.000000000000000000e+00 0.000000000000000000e+00 0.000000000000000000e+00 0.000000000000000000e+00 0.000000000000000000e+00 0.000000000000000000e+00 0.000000000000000000e+00 0.000000000000000000e+00 0.000000000000000000e+00 0.000000000000000000e+00 0.000000000000000000e+00 0.000000000000000000e+00 0.000000000000000000e+00 0.000000000000000000e+00 0.000000000000000000e+00 0.000000000000000000e+00 0.000000000000000000e+00 0.000000000000000000e+00 0.000000000000000000e+00 0.000000000000000000e+00 0.000000000000000000e+00 0.000000000000000000e+00 0.000000000000000000e+00 0.000000000000000000e+00 0.000000000000000000e+00 0.000000000000000000e+00 0.000000000000000000e+00 0.000000000000000000e+00 0.000000000000000000e+00 0.000000000000000000e+00 0.000000000000000000e+00 0.000000000000000000e+00 0.000000000000000000e+00 0.000000000000000000e+00 0.000000000000000000e+00 0.000000000000000000e+00 1.000000000000000000e+00 -2.234151342290109296e-02 1.080719144320119174e+00 -4.156278569868534500e-01 7.630100408713526017e-01 4.647893961358994797e-01 -3.534461290740754102e-01 -3.388018628182908887e-01 7.823220428830587325e-01 -5.074755794497894934e-01 -2.328826729893117564e-01 6.423514929971749776e-01 7.949893141320164558e-01 1.426670151746978643e+00 4.155408666154927211e-01 -1.442412912065436537e+00 -6.770987352065113152e-01 -4.299417003685767624e-01 7.180556645631803736e-01 -4.814581140430796435e-01 -1.161361552593928315e-01 -9.928594358343856285e-01 1.936510031942763888e-01 -6.135935936029872639e-01 -1.190790120302487737e-01 -1.553877033684317510e+00 -5.941367203781796613e-01 1.059712637057409201e-01 -9.200592489314571853e-01 -1.722146398507187426e+00 -9.329259136300762645e-01 -1.311827033429995071e+00 -1.055315854460272762e+00
0.000000000000000000e+00 0.000000000000000000e+00 0.000000000000000000e+00 0.000000000000000000e+00 0.000000000000000000e+00 0.000000000000000000e+00 0.000000000000000000e+00 0.000000000000000000e+00 0.000000000000000000e+00 0.000000000000000000e+00 0.000000000000000000e+00 0.000000000000000000e+00 0.000000000000000000e+00 0.000000000000000000e+00 0.000000000000000000e+00 0.000000000000000000e+00 0.000000000000000000e+00 0.000000000000000000e+00 0.000000000000000000e+00 0.000000000000000000e+00 0.000000000000000000e+00 0.000000000000000000e+00 0.000000000000000000e+00 0.000000000000000000e+00 0.000000000000000000e+00 0.000000000000000000e+00 0.000000000000000000e+00 0.000000000000000000e+00 0.000000000000000000e+00 0.000000000000000000e+00 0.000000000000000000e+00 0.000000000000000000e+00 0.000000000000000000e+00 0.000000000000000000e+00 0.000000000000000000e+00 0.000000000000000000e+00 0.000000000000000000e+00 0.000000000000000000e+00 0.000000000000000000e+00 0.000000000000000000e+00 0.000000000000000000e+00 0.000000000000000000e+00 0.000000000000000000e+00 0.000000000000000000e+00 0.000000000000000000e+00 0.000000000000000000e+00 0.000000000000000000e+00 0.000000000000000000e+00 0.000000000000000000e+00 0.000000000000000000e+00 0.000000000000000000e+00 0.000000000000000000e+00 0.000000000000000000e+00 0.000000000000000000e+00 0.000000000000000000e+00 0.000000000000000000e+00 0.000000000000000000e+00 0.000000000000000000e+00 0.000000000000000000e+00 0.000000000000000000e+00 0.000000000000000000e+00 0.000000000000000000e+00 0.000000000000000000e+00 0.000000000000000000e+00 0.000000000000000000e+00 0.000000000000000000e+00 0.000000000000000000e+00 0.000000000000000000e+00 1.000000000000000000e+00 6.624466111820039027e-02 6.904809817543610118e-01 -1.234756973419264936e+00 1.233283771015228680e+00 1.172026407958769889e+00 8.879805813214912691e-01 -9.685462699611806503e-01 1.359797792411895356e+00 -9.864839488181936789e-01 -1.537724836821873220e+00 -1.360820700534630667e+00 -2.109410721939378064e+00 -1.111310958696812623e+00 2.338370729284575233e+00 1.612360045733435832e-01 6.042469830446047796e-01 -1.094637364260968804e+00 7.068727545729645012e-01 5.237469568400261455e-01 -1.255194739391122822e-03 -1.564886066675580167e+00 1.920221030853334343e-01 -3.432866006233052381e-01 6.598650786688224912e-01 4.698826862424584361e-01 -5.675945547129747082e-01 -2.133799668584749898e-01 -7.311441199752738429e-01 -6.202019358185077991e-01 -9.795554075739594524e-02 1.646507747920630260e+00
0.000000000000000000e+00 0.000000000000000000e+00 0.000000000000000000e+00 0.000000000000000000e+00 0.000000000000000000e+00 0.000000000000000000e+00 0.000000000000000000e+00 0.000000000000000000e+00 0.000000000000000000e+00 0.000000000000000000e+00 0.000000000000000000e+00 0.000000000000000000e+00 0.000000000000000000e+00 0.000000000000000000e+00 0.000000000000000000e+00 0.000000000000000000e+00 0.000000000000000000e+00 0.000000000000000000e+00 0.000000000000000000e+00 0.000000000000000000e+00 0.000000000000000000e+00 0.000000000000000000e+00 0.000000000000000000e+00 0.000000000000000000e+00 0.000000000000000000e+00 0.000000000000000000e+00 0.000000000000000000e+00 0.000000000000000000e+00 0.000000000000000000e+00 0.000000000000000000e+00 0.000000000000000000e+00 0.000000000000000000e+00 0.000000000000000000e+00 0.000000000000000000e+00 0.000000000000000000e+00 0.000000000000000000e+00 0.000000000000000000e+00 0.000000000000000000e+00 0.000000000000000000e+00 0.000000000000000000e+00 0.000000000000000000e+00 0.000000000000000000e+00 0.000000000000000000e+00 0.000000000000000000e+00 0.000000000000000000e+00 0.000000000000000000e+00 0.000000000000000000e+00 0.000000000000000000e+00 0.000000000000000000e+00 0.000000000000000000e+00 0.000000000000000000e+00 0.000000000000000000e+00 0.000000000000000000e+00 0.000000000000000000e+00 0.000000000000000000e+00 0.000000000000000000e+00 0.000000000000000000e+00 0.000000000000000000e+00 0.000000000000000000e+00 0.000000000000000000e+00 0.000000000000000000e+00 0.000000000000000000e+00 0.000000000000000000e+00 0.000000000000000000e+00 0.000000000000000000e+00 0.000000000000000000e+00 0.000000000000000000e+00 0.000000000000000000e+00 0.000000000000000000e+00 1.000000000000000000e+00 1.758123478509487081e-01 -5.257902688791863399e-01 1.029633963335969904e+00 1.899669247408832140e+00 1.783980242263417226e+00 -1.187997204163042442e+00 6.088674594294386511e-01 3.094314135087652962e-01 -1.722365175648064461e+00 -1.113106409116948248e+00 -6.231382599712680381e-01 -2.210376854540356373e+00 1.697422427187298410e+00 3.391469918957336627e-01 2.367518948175659776e+00 1.481370432348335209e+00 1.397743783850722066e+00 1.031626196951523244e+00 -1.552484372141904427e-02 -2.207231125581418318e+00 -6.051197689764153953e-01 -1.552455593839188630e+00 -3.147650264334236891e-01 3.178677175072370381e-02 -8.210123834534492904e-01 -1.183095854206083208e+00 -1.340432651561436650e+00 -5.300022485012566564e-01 -6.877557551079184206e-01 8.574192296773964772e-01
0.000000000000000000e+00 0.000000000000000000e+00 0.000000000000000000e+00 0.000000000000000000e+00 0.000000000000000000e+00 0.000000000000000000e+00 0.000000000000000000e+00 0.000000000000000000e+00 0.000000000000000000e+00 0.000000000000000000e+00 0.000000000000000000e+00 0.000000000000000000e+00 0.000000000000000000e+00 0.000000000000000000e+00 0.000000000000000000e+00 0.000000000000000000e+00 0.000000000000000000e+00 0.000000000000000000e+00 0.000000000000000000e+00 0.000000000000000000e+00 0.000000000000000000e+00 0.000000000000000000e+00 0.000000000000000000e+00 0.000000000000000000e+00 0.000000000000000000e+00 0.000000000000000000e+00 0.000000000000000000e+00 0.000000000000000000e+00 0.000000000000000000e+00 0.000000000000000000e+00 0.000000000000000000e+00 0.000000000000000000e+00 0.000000000000000000e+00 0.000000000000000000e+00 0.000000000000000000e+00 0.000000000000000000e+00 0.000000000000000000e+00 0.000000000000000000e+00 0.000000000000000000e+00 0.000000000000000000e+00 0.000000000000000000e+00 0.000000000000000000e+00 0.000000000000000000e+00 0.000000000000000000e+00 0.000000000000000000e+00 0.000000000000000000e+00 0.000000000000000000e+00 0.000000000000000000e+00 0.000000000000000000e+00 0.000000000000000000e+00 0.000000000000000000e+00 0.000000000000000000e+00 0.000000000000000000e+00 0.000000000000000000e+00 0.000000000000000000e+00 0.000000000000000000e+00 0.000000000000000000e+00 0.000000000000000000e+00 0.000000000000000000e+00 0.000000000000000000e+00 0.000000000000000000e+00 0.000000000000000000e+00 0.000000000000000000e+00 0.000000000000000000e+00 0.000000000000000000e+00 0.000000000000000000e+00 0.000000000000000000e+00 0.000000000000000000e+00 0.000000000000000000e+00 0.000000000000000000e+00 1.000000000000000000e+00 -3.327663300855079331e-01 3.615779963734323754e+00 2.193029786214026444e+00 2.448777686170351853e+00 -1.717494723558889547e+00 1.549151246112893121e+00 -1.357280422387927343e+00 -5.892083822496122281e+00 -2.033644352162224944e+00 -3.299373986035133655e+00 -4.120650333016703470e+00 4.396771065539888390e+00 9.785476793076378632e-01 2.508094670506332058e+00 -2.704073100489507442e-01 3.321003332680812825e+00 3.265927625549625013e+00 -6.471329259623305186e-01 -3.096303221473109879e+00 -1.557420659142354724e+00 -3.455433715901772729e+00 8.464208217563516934e-01 1.197552705294147035e+00 -1.998014752532404570e+00 -4.212844220175912646e+00 -6.141798716144671211e+00 -1.999394545824979330e+00 -3.634846210542138412e+00 3.211589781207145666e+00
0.000000000000000000e+00 0.000000000000000000e+00 0.000000000000000000e+00 0.000000000000000000e+00 0.000000000000000000e+00 0.000000000000000000e+00 0.000000000000000000e+00 0.000000000000000000e+00 0.000000000000000000e+00 0.000000000000000000e+00 0.000000000000000000e+00 0.000000000000000000e+00 0.000000000000000000e+00 0.000000000000000000e+00 0.000000000000000000e+00 0.000000000000000000e+00 0.000000000000000000e+00 0.000000000000000000e+00 0.000000000000000000e+00 0.000000000000000000e+00 0.000000000000000000e+00 0.000000000000000000e+00 0.000000000000000000e+00 0.000000000000000000e+00 0.000000000000000000e+00 0.000000000000000000e+00 0.000000000000000000e+00 0.000000000000000000e+00 0.000000000000000000e+00 0.000000000000000000e+00 0.000000000000000000e+00 0.000000000000000000e+00 0.000000000000000000e+00 0.000000000000000000e+00 0.000000000000000000e+00 0.000000000000000000e+00 0.000000000000000000e+00 0.000000000000000000e+00 0.000000000000000000e+00 0.000000000000000000e+00 0.000000000000000000e+00 0.000000000000000000e+00 0.000000000000000000e+00 0.000000000000000000e+00 0.000000000000000000e+00 0.000000000000000000e+00 0.000000000000000000e+00 0.000000000000000000e+00 0.000000000000000000e+00 0.000000000000000000e+00 0.000000000000000000e+00 0.000000000000000000e+00 0.000000000000000000e+00 0.000000000000000000e+00 0.000000000000000000e+00 0.000000000000000000e+00 0.000000000000000000e+00 0.000000000000000000e+00 0.000000000000000000e+00 0.000000000000000000e+00 0.000000000000000000e+00 0.000000000000000000e+00 0.000000000000000000e+00 0.000000000000000000e+00 0.000000000000000000e+00 0.000000000000000000e+00 0.000000000000000000e+00 0.000000000000000000e+00 0.000000000000000000e+00 0.000000000000000000e+00 0.000000000000000000e+00 1.000000000000000000e+00 1.664068575615145762e-01 -4.368271247913711797e+00 -3.690330577568290416e+00 1.252901882214745077e+00 3.283875561258716491e+00 -3.343853297185095386e+00 1.290795436363923354e+00 5.730784989684093444e-01 7.452336660772422849e-01 2.737108664401652902e+00 1.966927322261336597e+00 -1.834960304124594543e+00 -3.621598023720147275e+00 -2.981136319452293293e+00 -1.362909981816466498e+00 -3.716132730731689371e+00 -1.677431528418199536e+00 4.073034795942382935e+00 -8.644067846787966136e-01 8.743766120152919596e-02 -1.134762882643921555e+00 -4.560497591199344503e-01 7.366500028044563608e-01 2.046821330639365666e+00 1.581883917171921783e-01 -3.754432595819050089e+00 -3.047123154014481194e+00 1.517266683153253304e+00
0.000000000000000000e+00 0.000000000000000000e+00 0.000000000000000000e+00 0.000000000000000000e+00 0.000000000000000000e+00 0.000000000000000000e+00 0.000000000000000000e+00 0.000000000000000000e+00 0.000000000000000000e+00 0.000000000000000000e+00 0.000000000000000000e+00 0.000000000000000000e+00 0.000000000000000000e+00 0.000000000000000000e+00 0.000000000000000000e+00 0.000000000000000000e+00 0.000000000000000000e+00 0.000000000000000000e+00 0.000000000000000000e+00 0.000000000000000000e+00 0.000000000000000000e+00 0.000000000000000000e+00 0.000000000000000000e+00 0.000000000000000000e+00 0.000000000000000000e+00 0.000000000000000000e+00 0.000000000000000000e+00 0.000000000000000000e+00 0.000000000000000000e+00 0.000000000000000000e+00 0.000000000000000000e+00 0.000000000000000000e+00 0.000000000000000000e+00 0.000000000000000000e+00 0.000000000000000000e+00 0.000000000000000000e+00 0.000000000000000000e+00 0.000000000000000000e+00 0.000000000000000000e+00 0.000000000000000000e+00 0.000000000000000000e+00 0.000000000000000000e+00 0.000000000000000000e+00 0.000000000000000000e+00 0.000000000000000000e+00 0.000000000000000000e+00 0.000000000000000000e+00 0.000000000000000000e+00 0.000000000000000000e+00 0.000000000000000000e+00 0.000000000000000000e+00 0.000000000000000000e+00 0.000000000000000000e+00 0.000000000000000000e+00 0.000000000000000000e+00 0.000000000000000000e+00 0.000000000000000000e+00 0.000000000000000000e+00 0.000000000000000000e+00 0.000000000000000000e+00 0.000000000000000000e+00 0.000000000000000000e+00 0.000000000000000000e+00 0.000000000000000000e+00 0.000000000000000000e+00 0.000000000000000000e+00 0.000000000000000000e+00 0.000000000000000000e+00 0.000000000000000000e+00 0.000000000000000000e+00 0.000000000000000000e+00 0.000000000000000000e+00 1.000000000000000000e+00 6.281062434702172625e-01 9.225935688778715837e-01 -5.237514509172054300e-01 5.415736155709583999e-01 -4.050951932845271442e-01 -2.397260766986299529e+00 -7.786386960351996400e-01 -1.135070869934222015e+00 -1.579728151563312810e+00 1.698118034221550054e+00 3.760573386667250273e-01 7.195067566746231602e-01 -5.678244743485334756e-02 1.258377800769150623e+00 9.970393824197026911e-01 -5.278441127052160287e-01 -8.831676310969444055e-01 -5.913577494318218442e-01 -1.392036138416637980e+00 4.385938407763271818e-01 4.029319808012086779e-01 -9.002727870626140438e-01 -1.611458919172886306e+00 -2.330116236168671584e+00 -9.161168159489102569e-01 -1.633078480509233321e+00 1.518386267363419195e+00
0.000000000000000000e+00 0.000000000000000000e+00 0.000000000000000000e+00 0.000000000000000000e+00 0.000000000000000000e+00 0.000000000000000000e+00 0.000000000000000000e+00 0.000000000000000000e+00 0.000000000000000000e+00 0.000000000000000000e+00 0.000000000000000000e+00 0.000000000000000000e+00 0.000000000000000000e+00 0.000000000000000000e+00 0.000000000000000000e+00 0.000000000000000000e+00 0.000000000000000000e+00 0.000000000000000000e+00 0.000000000000000000e+00 0.000000000000000000e+00 0.000000000000000000e+00 0.000000000000000000e+00 0.000000000000000000e+00 0.000000000000000000e+00 0.000000000000000000e+00 0.000000000000000000e+00 0.000000000000000000e+00 0.000000000000000000e+00 0.000000000000000000e+00 0.000000000000000000e+00 0.000000000000000000e+00 0.000000000000000000e+00 0.000000000000000000e+00 0.000000000000000000e+00 0.000000000000000000e+00 0.000000000000000000e+00 0.000000000000000000e+00 0.000000000000000000e+00 0.000000000000000000e+00 0.000000000000000000e+00 0.000000000000000000e+00 0.000000000000000000e+00 0.000000000000000000e+00 0.000000000000000000e+00 0.000000000000000000e+00 0.000000000000000000e+00 0.000000000000000000e+00 0.000000000000000000e+00 0.000000000000000000e+00 0.000000000000000000e+00 0.000000000000000000e+00 0.000000000000000000e+00 0.000000000000000000e+00 0.000000000000000000e+00 0.000000000000000000e+00 0.000000000000000000e+00 0.000000000000000000e+00 0.000000000000000000e+00 0.000000000000000000e+00 0.000000000000000000e+00 0.000000000000000000e+00 0.000000000000000000e+00 0.000000000000000000e+00 0.000000000000000000e+00 0.000000000000000000e+00 0.000000000000000000e+00 0.000000000000000000e+00 0.000000000000000000e+00 0.000000000000000000e+00 0.000000000000000000e+00 0.000000000000000000e+00 0.000000000000000000e+00 0.000000000000000000e+00 1.000000000000000000e+00 -7.765715326017429143e-02 8.354085403707780522e-01 -1.843426707739340698e+00 1.478105484371657674e+00 2.304753098090133179e+00 8.339264250492535169e-01 3.388337257532037516e-01 6.641536662618091613e-01 -3.164109873274647100e+00 -9.659536460711862227e-02 8.672575758597994566e-01 1.283987620574139621e+00 -1.936325053067059487e+00 7.552579735567863661e-01 9.739640883429576679e-01 -4.828294821801488168e-01 8.020485445687642878e-01 1.946453059050196943e+00 7.927343594828149820e-02 -6.304129271307966353e-02 3.716372082679294531e-01 -2.294804720427054134e-01 1.116497219854891254e+00 2.700006578903860088e+00 3.445370198833935582e+00 -2.750845976542662719e+00
0.000000000000000000e+00 0.000000000000000000e+00 0.000000000000000000e+00 0.000000000000000000e+00 0.000000000000000000e+00 0.000000000000000000e+00 0.000000000000000000e+00 0.000000000000000000e+00 0.000000000000000000e+00 0.000000000000000000e+00 0.000000000000000000e+00 0.000000000000000000e+00 0.000000000000000000e+00 0.000000000000000000e+00 0.000000000000000000e+00 0.000000000000000000e+00 0.000000000000000000e+00 0.000000000000000000e+00 0.000000000000000000e+00 0.000000000000000000e+00 0.000000000000000000e+00 0.000000000000000000e+00 0.000000000000000000e+00 0.000000000000000000e+00 0.000000000000000000e+00 0.000000000000000000e+00 0.000000000000000000e+00 0.000000000000000000e+00 0.000000000000000000e+00 0.000000000000000000e+00 0.000000000000000000e+00 0.000000000000000000e+00 0.000000000000000000e+00 0.000000000000000000e+00 0.000000000000000000e+00 0.000000000000000000e+00 0.000000000000000000e+00 0.000000000000000000e+00 0.000000000000000000e+00 0.000000000000000000e+00 0.000000000000000000e+00 0.000000000000000000e+00 0.000000000000000000e+00 0.000000000000000000e+00 0.000000000000000000e+00 0.000000000000000000e+00 0.000000000000000000e+00 0.000000000000000000e+00 0.000000000000000000e+00 0.000000000000000000e+00 0.000000000000000000e+00 0.000000000000000000e+00 0.000000000000000000e+00 0.000000000000000000e+00 0.000000000000000000e+00 0.000000000000000000e+00 0.000000000000000000e+00 0.000000000000000000e+00 0.000000000000000000e+00 0.000000000000000000e+00 0.000000000000000000e+00 0.000000000000000000e+00 0.000000000000000000e+00 0.000000000000000000e+00 0.000000000000000000e+00 0.000000000000000000e+00 0.000000000000000000e+00 0.000000000000000000e+00 0.000000000000000000e+00 0.000000000000000000e+00 0.000000000000000000e+00 0.000000000000000000e+00 0.000000000000000000e+00 0.000000000000000000e+00 1.000000000000000000e+00 -9.629179191846113373e-01 4.966919363393618725e-01 -3.358700245844408183e-01 -2.602059429624771880e+00 -7.425772651893541854e-01 -4.126008280003899409e-01 -1.263925691024088360e+00 1.981432311255950873e+00 7.148726771696941595e-01 5.925451019601403468e-02 -4.893062902914914747e-01 2.168891850855870107e+00 6.663517321042925490e-01 -4.723088805532424383e-01 -4.747594414937739149e-01 -6.708207961010882459e-01 -1.847089281929554794e+00 1.068249629437420106e-01 6.102218191010572168e-02 -3.798997673564400435e-01 -9.960321433288159554e-01 -1.715352943030324040e+00 -1.535366698734348390e+00 -2.723252123876815478e+00 2.086340050384794864e+00
0.000000000000000000e+00 0.000000000000000000e+00 0.000000000000000000e+00 0.000000000000000000e+00 0.000000000000000000e+00 0.000000000000000000e+00 0.000000000000000000e+00 0.000000000000000000e+00 0.000000000000000000e+00 0.000000000000000000e+00 0.000000000000000000e+00 0.000000000000000000e+00 0.000000000000000000e+00 0.000000000000000000e+00 0.000000000000000000e+00 0.000000000000000000e+00 0.000000000000000000e+00 0.000000000000000000e+00 0.000000000000000000e+00 0.000000000000000000e+00 0.000000000000000000e+00 0.000000000000000000e+00 0.000000000000000000e+00 0.000000000000000000e+00 0.000000000000000000e+00 0.000000000000000000e+00 0.000000000000000000e+00 0.000000000000000000e+00 0.000000000000000000e+00 0.000000000000000000e+00 0.000000000000000000e+00 0.000000000000000000e+00 0.000000000000000000e+00 0.000000000000000000e+00 0.000000000000000000e+00 0.000000000000000000e+00 0.000000000000000000e+00 0.000000000000000000e+00 0.000000000000000000e+00 0.000000000000000000e+00 0.000000000000000000e+00 0.000000000000000000e+00 0.000000000000000000e+00 0.000000000000000000e+00 0.000000000000000000e+00 0.000000000000000000e+00 0.000000000000000000e+00 0.000000000000000000e+00 0.000000000000000000e+00 0.000000000000000000e+00 0.000000000000000000e+00 0.000000000000000000e+00 0.000000000000000000e+00 0.000000000000000000e+00 0.000000000000000000e+00 0.000000000000000000e+00 0.000000000000000000e+00 0.000000000000000000e+00 0.000000000000000000e+00 0.000000000000000000e+00 0.000000000000000000e+00 0.000000000000000000e+00 0.000000000000000000e+00 0.000000000000000000e+00 0.000000000000000000e+00 0.000000000000000000e+00 0.000000000000000000e+00 0.000000000000000000e+00 0.000000000000000000e+00 0.000000000000000000e+00 0.000000000000000000e+00 0.000000000000000000e+00 0.000000000000000000e+00 0.000000000000000000e+00 0.000000000000000000e+00 1.000000000000000000e+00 7.416591724267548313e-01 1.260763435784147957e+00 2.686595297257589277e+00 -7.154885874836696136e-01 -8.944149966723383693e-01 -4.089418388472231269e-01 -7.024256137081136275e-02 -2.671505011406026808e-01 9.325558378666309878e-01 1.764845249286846718e+00 -2.631312200580420591e+00 -2.770345002534893464e+00 3.960222097481929104e-01 3.447792057062838006e-02 6.438068362179341086e-01 1.322982986669196448e+00 6.265023264610175557e-01 4.814610807861137709e-01 -7.096578402812611097e-01 1.847191878784596231e+00 3.488483232276615720e+00 1.718211596678889341e+00 4.500950414157109059e+00 -1.691586339143499984e+00
0.000000000000000000e+00 0.000000000000000000e+00 0.000000000000000000e+00 0.000000000000000000e+00 0.000000000000000000e+00 0.000000000000000000e+00 0.000000000000000000e+00 0.000000000000000000e+00 0.000000000000000000e+00 0.000000000000000000e+00 0.000000000000000000e+00 0.000000000000000000e+00 0.000000000000000000e+00 0.000000000000000000e+00 0.000000000000000000e+00 0.000000000000000000e+00 0.000000000000000000e+00 0.000000000000000000e+00 0.000000000000000000e+00 0.000000000000000000e+00 0.000000000000000000e+00 0.000000000000000000e+00 0.000000000000000000e+00 0.000000000000000000e+00 0.000000000000000000e+00 0.000000000000000000e+00 0.000000000000000000e+00 0.000000000000000000e+00 0.000000000000000000e+00 0.000000000000000000e+00 0.000000000000000000e+00 0.000000000000000000e+00 0.000000000000000000e+00 0.000000000000000000e+00 0.000000000000000000e+00 0.000000000000000000e+00 0.000000000000000000e+00 0.000000000000000000e+00 0.000000000000000000e+00 0.000000000000000000e+00 0.000000000000000000e+00 0.000000000000000000e+00 0.000000000000000000e+00 0.000000000000000000e+00 0.000000000000000000e+00 0.000000000000000000e+00 0.000000000000000000e+00 0.000000000000000000e+00 0.000000000000000000e+00 0.000000000000000000e+00 0.000000000000000000e+00 0.000000000000000000e+00 0.000000000000000000e+00 0.000000000000000000e+00 0.000000000000000000e+00 0.000000000000000000e+00 0.000000000000000000e+00 0.000000000000000000e+00 0.000000000000000000e+00 0.000000000000000000e+00 0.000000000000000000e+00 0.000000000000000000e+00 0.000000000000000000e+00 0.000000000000000000e+00 0.000000000000000000e+00 0.000000000000000000e+00 0.000000000000000000e+00 0.000000000000000000e+00 0.000000000000000000e+00 0.000000000000000000e+00 0.000000000000000000e+00 0.000000000000000000e+00 0.000000000000000000e+00 0.000000000000000000e+00 0.000000000000000000e+00 0.000000000000000000e+00 1.000000000000000000e+00 1.273882790745376747e-01 8.444988731213187716e-01 -3.009710394333894312e-01 -3.716837607570739888e-01 -2.903782585907102587e-01 7.675696452159315175e-01 -1.944804074055453413e-01 3.335459990923834162e-01 5.400810361968182427e-01 -4.395123847285160035e-01 -1.559644131460176775e+00 -7.819474605659933186e-02 1.436809379030501710e-01 -1.766272325215742789e-01 3.018213117137378831e-01 4.973905280981130717e-02 2.931574364293187407e-01 -1.028935801825919677e-01 1.162134236083790517e+00 1.411895943425858002e+00 -3.564935360533940528e-02 1.117080558485248121e+00 -1.397689536279088096e-01
0.000000000000000000e+00 0.000000000000000000e+00 0.000000000000000000e+00 0.000000000000000000e+00 0.000000000000000000e+00 0.000000000000000000e+00 0.000000000000000000e+00 0.000000000000000000e+00 0.000000000000000000e+00 0.000000000000000000e+00 0.000000000000000000e+00 0.000000000000000000e+00 0.000000000000000000e+00 0.000000000000000000e+00 0.000000000000000000e+00 0.000000000000000000e+00 0.000000000000000000e+00 0.000000000000000000e+00 0.000000000000000000e+00 0.000000000000000000e+00 0.000000000000000000e+00 0.000000000000000000e+00 0.000000000000000000e+00 0.000000000000000000e+00 0.000000000000000000e+00 0.000000000000000000e+00 0.000000000000000000e+00 0.000000000000000000e+00 0.000000000000000000e+00 0.000000000000000000e+00 0.000000000000000000e+00 0.000000000000000000e+00 0.000000000000000000e+00 0.000000000000000000e+00 0.000000000000000000e+00 0.000000000000000000e+00 0.000000000000000000e+00 0.000000000000000000e+00 0.000000000000000000e+00 0.000000000000000000e+00 0.000000000000000000e+00 0.000000000000000000e+00 0.000000000000000000e+00 0.000000000000000000e+00 0.000000000000000000e+00 0.000000000000000000e+00 0.000000000000000000e+00 0.000000000000000000e+00 0.000000000000000000e+00 0.000000000000000000e+00 0.000000000000000000e+00 0.000000000000000000e+00 0.000000000000000000e+00 0.000000000000000000e+00 0.000000000000000000e+00 0.000000000000000000e+00 0.000000000000000000e+00 0.000000000000000000e+00 0.000000000000000000e+00 0.000000000000000000e+00 0.000000000000000000e+00 0.000000000000000000e+00 0.000000000000000000e+00 0.000000000000000000e+00 0.000000000000000000e+00 0.000000000000000000e+00 0.000000000000000000e+00 0.000000000000000000e+00 0.000000000000000000e+00 0.000000000000000000e+00 0.000000000000000000e+00 0.000000000000000000e+00 0.000000000000000000e+00 0.000000000000000000e+00 0.000000000000000000e+00 0.000000000000000000e+00 0.000000000000000000e+00 1.000000000000000000e+00 3.437435967980263030e+01 2.086097933151064865e+01 2.114893954735768844e+01 2.159698293945715264e+01 -1.708662196507393816e+01 -4.422254508013823582e+00 -3.533238303224724763e+00 1.856575278741923629e+00 -3.482916553888125932e+00 -6.831314970965124189e+00 4.971445302697770963e+00 -2.342281192936416456e+00 -4.318009632287680866e+00 1.896906942669019358e+01 -2.373425797852247854e+01 -6.690285158953900968e+00 3.429576702482957273e+01 1.211981222540087799e+01 2.016266643679737669e+01 5.789988621453687756e+00 5.322900269632741654e+00 -1.743730928670443703e+01
0.000000000000000000e+00 0.000000000000000000e+00 0.000000000000000000e+00 0.000000000000000000e+00 0.000000000000000000e+00 0.000000000000000000e+00 0.000000000000000000e+00 0.000000000000000000e+00 0.000000000000000000e+00 0.000000000000000000e+00 0.000000000000000000e+00 0.000000000000000000e+00 0.000000000000000000e+00 0.000000000000000000e+00 0.000000000000000000e+00 0.000000000000000000e+00 0.000000000000000000e+00 0.000000000000000000e+00 0.000000000000000000e+00 0.000000000000000000e+00 0.000000000000000000e+00 0.000000000000000000e+00 0.000000000000000000e+00 0.000000000000000000e+00 0.000000000000000000e+00 0.000000000000000000e+00 0.000000000000000000e+00 0.000000000000000000e+00 0.000000000000000000e+00 0.000000000000000000e+00 0.000000000000000000e+00 0.000000000000000000e+00 0.000000000000000000e+00 0.000000000000000000e+00 0.000000000000000000e+00 0.000000000000000000e+00 0.000000000000000000e+00 0.000000000000000000e+00 0.000000000000000000e+00 0.000000000000000000e+00 0.000000000000000000e+00 0.000000000000000000e+00 0.000000000000000000e+00 0.000000000000000000e+00 0.000000000000000000e+00 0.000000000000000000e+00 0.000000000000000000e+00 0.000000000000000000e+00 0.000000000000000000e+00 0.000000000000000000e+00 0.000000000000000000e+00 0.000000000000000000e+00 0.000000000000000000e+00 0.000000000000000000e+00 0.000000000000000000e+00 0.000000000000000000e+00 0.000000000000000000e+00 0.000000000000000000e+00 0.000000000000000000e+00 0.000000000000000000e+00 0.000000000000000000e+00 0.000000000000000000e+00 0.000000000000000000e+00 0.000000000000000000e+00 0.000000000000000000e+00 0.000000000000000000e+00 0.000000000000000000e+00 0.000000000000000000e+00 0.000000000000000000e+00 0.000000000000000000e+00 0.000000000000000000e+00 0.000000000000000000e+00 0.000000000000000000e+00 0.000000000000000000e+00 0.000000000000000000e+00 0.000000000000000000e+00 0.000000000000000000e+00 0.000000000000000000e+00 1.000000000000000000e+00 6.417479478026453243e-01 6.550870293618682449e-01 6.561662338200242583e-01 -5.213526671376960131e-01 -1.602495464359246780e-01 -1.413749006350973336e-01 3.247849903645944059e-02 -8.015784992916753782e-02 -1.927869875987148762e-01 1.318937241794716497e-01 -3.403931157896722404e-02 -1.347091114394337596e-01 5.532364238743996410e-01 -6.934701302639433296e-01 -1.908332817110054147e-01 1.034290468957076881e+00 3.676193571130934590e-01 6.053825400128171053e-01 1.570718826993305617e-01 1.059353031457387906e-01 -5.239681413682412137e-01
0.000000000000000000e+00 0.000000000000000000e+00 0.000000000000000000e+00 0.000000000000000000e+00 0.000000000000000000e+00 0.000000000000000000e+00 0.000000000000000000e+00 0.000000000000000000e+00 0.000000000000000000e+00 0.000000000000000000e+00 0.000000000000000000e+00 0.000000000000000000e+00 0.000000000000000000e+00 0.000000000000000000e+00 0.000000000000000000e+00 0.000000000000000000e+00 0.000000000000000000e+00 0.000000000000000000e+00 0.000000000000000000e+00 0.000000000000000000e+00 0.000000000000000000e+00 0.000000000000000000e+00 0.000000000000000000e+00 0.000000000000000000e+00 0.000000000000000000e+00 0.000000000000000000e+00 0.000000000000000000e+00 0.000000000000000000e+00 0.000000000000000000e+00 0.000000000000000000e+00 0.000000000000000000e+00 0.000000000000000000e+00 0.000000000000000000e+00 0.000000000000000000e+00 0.000000000000000000e+00 0.000000000000000000e+00 0.000000000000000000e+00 0.000000000000000000e+00 0.000000000000000000e+00 0.000000000000000000e+00 0.000000000000000000e+00 0.000000000000000000e+00 0.000000000000000000e+00 0.000000000000000000e+00 0.000000000000000000e+00 0.000000000000000000e+00 0.000000000000000000e+00 0.000000000000000000e+00 0.000000000000000000e+00 0.000000000000000000e+00 0.000000000000000000e+00 0.000000000000000000e+00 0.000000000000000000e+00 0.000000000000000000e+00 0.000000000000000000e+00 0.000000000000000000e+00 0.000000000000000000e+00 0.000000000000000000e+00 0.000000000000000000e+00 0.000000000000000000e+00 0.000000000000000000e+00 0.000000000000000000e+00 0.000000000000000000e+00 0.000000000000000000e+00 0.000000000000000000e+00 0.000000000000000000e+00 0.000000000000000000e+00 0.000000000000000000e+00 0.000000000000000000e+00 0.000000000000000000e+00 0.000000000000000000e+00 0.000000000000000000e+00 0.000000000000000000e+00 0.000000000000000000e+00 0.000000000000000000e+00 0.000000000000000000e+00 0.000000000000000000e+00 0.000000000000000000e+00 0.000000000000000000e+00 1.000000000000000000e+00 -7.910256887132148584e+00 2.722686398710092437e+00 -4.668542029016371941e+00 -2.578018487227610844e+00 1.708347645948348870e+00 -2.164692695247985910e+00 1.007030080039750430e+01 -4.158668555551605195e+00 2.205628052351406687e+00 4.727427689546158440e+00 4.052101140942527824e-01 9.665338691093285917e+00 9.848279619298480725e+00 6.658233176201580505e+00 -4.643940905423180610e+00 6.640187362997777676e+00 1.538430957985065461e+01 6.096714486434660962e+00 7.488110028606967394e-02 4.542809409492556405e+00
0.000000000000000000e+00 0.000000000000000000e+00 0.000000000000000000e+00 0.000000000000000000e+00 0.000000000000000000e+00 0.000000000000000000e+00 0.000000000000000000e+00 0.000000000000000000e+00 0.000000000000000000e+00 0.000000000000000000e+00 0.000000000000000000e+00 0.000000000000000000e+00 0.000000000000000000e+00 0.000000000000000000e+00 0.000000000000000000e+00 0.000000000000000000e+00 0.000000000000000000e+00 0.000000000000000000e+00 0.000000000000000000e+00 0.000000000000000000e+00 0.000000000000000000e+00 0.000000000000000000e+00 0.000000000000000000e+00 0.000000000000000000e+00 0.000000000000000000e+00 0.000000000000000000e+00 0.000000000000000000e+00 0.000000000000000000e+00 0.000000000000000000e+00 0.000000000000000000e+00 0.000000000000000000e+00 0.000000000000000000e+00 0.000000000000000000e+00 0.000000000000000000e+00 0.000000000000000000e+00 0.000000000000000000e+00 0.000000000000000000e+00 0.000000000000000000e+00 0.000000000000000000e+00 0.000000000000000000e+00 0.000000000000000000e+00 0.000000000000000000e+00 0.000000000000000000e+00 0.000000000000000000e+00 0.000000000000000000e+00 0.000000000000000000e+00 0.000000000000000000e+00 0.000000000000000000e+00 0.000000000000000000e+00 0.000000000000000000e+00 0.000000000000000000e+00 0.000000000000000000e+00 0.000000000000000000e+00 0.000000000000000000e+00 0.000000000000000000e+00 0.000000000000000000e+00 0.000000000000000000e+00 0.000000000000000000e+00 0.000000000000000000e+00 0.000000000000000000e+00 0.000000000000000000e+00 0.000000000000000000e+00 0.000000000000000000e+00 0.000000000000000000e+00 0.000000000000000000e+00 0.000000000000000000e+00 0.000000000000000000e+00 0.000000000000000000e+00 0.000000000000000000e+00 0.000000000000000000e+00 0.000000000000000000e+00 0.000000000000000000e+00 0.000000000000000000e+00 0.000000000000000000e+00 0.000000000000000000e+00 0.000000000000000000e+00 0.000000000000000000e+00 0.000000000000000000e+00 0.000000000000000000e+00 0.000000000000000000e+00 1.000000000000000000e+00 -2.822464100643707896e-01 6.149220897685527820e-01 6.034773686867638265e-01 -7.070461560178720184e-01 1.207573034062960626e-01 -1.238243037412490200e+00 4.713190864308721695e-01 -9.478645075875892223e-01 -1.286910512081890667e+00 -1.362119711748417394e-01 -1.244228620883123027e+00 -2.259385230082465057e+00 -1.084002511716585904e+00 9.072114830680236830e-01 -1.201256428518114650e+00 -2.873744431275668365e+00 -1.359718243854356690e+00 -4.170064236333776431e-01 -4.678716405210937013e-01
0.000000000000000000e+00 0.000000000000000000e+00 0.000000000000000000e+00 0.000000000000000000e+00 0.000000000000000000e+00 0.000000000000000000e+00 0.000000000000000000e+00 0.000000000000000000e+00 0.000000000000000000e+00 0.000000000000000000e+00 0.000000000000000000e+00 0.000000000000000000e+00 0.000000000000000000e+00 0.000000000000000000e+00 0.000000000000000000e+00 0.000000000000000000e+00 0.000000000000000000e+00 0.000000000000000000e+00 0.000000000000000000e+00 0.000000000000000000e+00 0.000000000000000000e+00 0.000000000000000000e+00 0.000000000000000000e+00 0.000000000000000000e+00 0.000000000000000000e+00 0.000000000000000000e+00 0.000000000000000000e+00 0.000000000000000000e+00 0.000000000000000000e+00 0.000000000000000000e+00 0.000000000000000000e+00 0.000000000000000000e+00 0.000000000000000000e+00 0.000000000000000000e+00 0.000000000000000000e+00 0.000000000000000000e+00 0.000000000000000000e+00 0.000000000000000000e+00 0.000000000000000000e+00 0.000000000000000000e+00 0.000000000000000000e+00 0.000000000000000000e+00 0.000000000000000000e+00 0.000000000000000000e+00 0.000000000000000000e+00 0.000000000000000000e+00 0.000000000000000000e+00 0.000000000000000000e+00 0.000000000000000000e+00 0.000000000000000000e+00 0.000000000000000000e+00 0.000000000000000000e+00 0.000000000000000000e+00 0.000000000000000000e+00 0.000000000000000000e+00 0.000000000000000000e+00 0.000000000000000000e+00 0.000000000000000000e+00 0.000000000000000000e+00 0.000000000000000000e+00 0.000000000000000000e+00 0.000000000000000000e+00 0.000000000000000000e+00 0.000000000000000000e+00 0.000000000000000000e+00 0.000000000000000000e+00 0.000000000000000000e+00 0.000000000000000000e+00 0.000000000000000000e+00 0.000000000000000000e+00 0.000000000000000000e+00 0.000000000000000000e+00 0.000000000000000000e+00 0.000000000000000000e+00 0.000000000000000000e+00 0.000000000000000000e+00 0.000000000000000000e+00 0.000000000000000000e+00 0.000000000000000000e+00 0.000000000000000000e+00 0.000000000000000000e+00 1.000000000000000000e+00 -3.914585163366914422e+00 -5.650753697894038474e+00 6.455391459574446600e+00 1.326447435212580572e+00 3.557618006647890407e+00 -8.596570696282833657e-01 1.052318574489714464e+01 1.331368737134787494e+01 -2.398543338586031359e-01 3.765811406110437964e+00 1.767263705853138589e+01 7.199396272440626632e+00 -4.131981400878924404e+00 8.655485764726353892e+00 1.850826575173967470e+01 1.100125245956186326e+01 5.514059867069278198e+00 -1.166375447839548718e+00
0.000000000000000000e+00 0.000000000000000000e+00 0.000000000000000000e+00 0.000000000000000000e+00 0.000000000000000000e+00 0.000000000000000000e+00 0.000000000000000000e+00 0.000000000000000000e+00 0.000000000000000000e+00 0.000000000000000000e+00 0.000000000000000000e+00 0.000000000000000000e+00 0.000000000000000000e+00 0.000000000000000000e+00 0.000000000000000000e+00 0.000000000000000000e+00 0.000000000000000000e+00 0.000000000000000000e+00 0.000000000000000000e+00 0.000000000000000000e+00 0.000000000000000000e+00 0.000000000000000000e+00 0.000000000000000000e+00 0.000000000000000000e+00 0.000000000000000000e+00 0.000000000000000000e+00 0.000000000000000000e+00 0.000000000000000000e+00 0.000000000000000000e+00 0.000000000000000000e+00 0.000000000000000000e+00 0.000000000000000000e+00 0.000000000000000000e+00 0.000000000000000000e+00 0.000000000000000000e+00 0.000000000000000000e+00 0.000000000000000000e+00 0.000000000000000000e+00 0.000000000000000000e+00 0.000000000000000000e+00 0.000000000000000000e+00 0.000000000000000000e+00 0.000000000000000000e+00 0.000000000000000000e+00 0.000000000000000000e+00 0.000000000000000000e+00 0.000000000000000000e+00 0.000000000000000000e+00 0.000000000000000000e+00 0.000000000000000000e+00 0.000000000000000000e+00 0.000000000000000000e+00 0.000000000000000000e+00 0.000000000000000000e+00 0.000000000000000000e+00 0.000000000000000000e+00 0.000000000000000000e+00 0.000000000000000000e+00 0.000000000000000000e+00 0.000000000000000000e+00 0.000000000000000000e+00 0.000000000000000000e+00 0.000000000000000000e+00 0.000000000000000000e+00 0.000000000000000000e+00 0.000000000000000000e+00 0.000000000000000000e+00 0.000000000000000000e+00 0.000000000000000000e+00 0.000000000000000000e+00 0.000000000000000000e+00 0.000000000000000000e+00 0.000000000000000000e+00 0.000000000000000000e+00 0.000000000000000000e+00 0.000000000000000000e+00 0.000000000000000000e+00 0.000000000000000000e+00 0.000000000000000000e+00 0.000000000000000000e+00 0.000000000000000000e+00 0.000000000000000000e+00 1.000000000000000000e+00 1.316155136950925453e+00 -6.077331692778108474e-01 -1.328532607840077484e-01 -9.952975668566680367e-01 6.984135888431347583e-01 -1.903133847341678342e+00 -2.916840759034472264e+00 1.929833512462963419e-01 -9.605878667258839210e-01 -3.579363132447963114e+00 -1.766757073038577097e+00 9.388674882587823012e-01 -2.083551603312570499e+00 -4.014045396519884790e+00 -2.046888543793063953e+00 -9.449324249952165689e-01 3.454679426356059291e-01
0.000000000000000000e+00 0.000000000000000000e+00 0.000000000000000000e+00 0.000000000000000000e+00 0.000000000000000000e+00 0.000000000000000000e+00 0.000000000000000000e+00 0.000000000000000000e+00 0.000000000000000000e+00 0.000000000000000000e+00 0.000000000000000000e+00 0.000000000000000000e+00 0.000000000000000000e+00 0.000000000000000000e+00 0.000000000000000000e+00 0.000000000000000000e+00 0.000000000000000000e+00 0.000000000000000000e+00 0.000000000000000000e+00 0.000000000000000000e+00 0.000000000000000000e+00 0.000000000000000000e+00 0.000000000000000000e+00 0.000000000000000000e+00 0.000000000000000000e+00 0.000000000000000000e+00 0.000000000000000000e+00 0.000000000000000000e+00 0.000000000000000000e+00 0.000000000000000000e+00 0.000000000000000000e+00 0.000000000000000000e+00 0.000000000000000000e+00 0.000000000000000000e+00 0.000000000000000000e+00 0.000000000000000000e+00 0.000000000000000000e+00 0.000000000000000000e+00 0.000000000000000000e+00 0.000000000000000000e+00 0.000000000000000000e+00 0.000000000000000000e+00 0.000000000000000000e+00 0.000000000000000000e+00 0.000000000000000000e+00 0.000000000000000000e+00 0.000000000000000000e+00 0.000000000000000000e+00 0.000000000000000000e+00 0.000000000000000000e+00 0.000000000000000000e+00 0.000000000000000000e+00 0.000000000000000000e+00 0.000000000000000000e+00 0.000000000000000000e+00 0.000000000000000000e+00 0.000000000000000000e+00 0.000000000000000000e+00 0.000000000000000000e+00 0.000000000000000000e+00 0.000000000000000000e+00 0.000000000000000000e+00 0.000000000000000000e+00 0.000000000000000000e+00 0.000000000000000000e+00 0.000000000000000000e+00 0.000000000000000000e+00 0.000000000000000000e+00 0.000000000000000000e+00 0.000000000000000000e+00 0.000000000000000000e+00 0.000000000000000000e+00 0.000000000000000000e+00 0.000000000000000000e+00 0.000000000000000000e+00 0.000000000000000000e+00 0.000000000000000000e+00 0.000000000000000000e+00 0.000000000000000000e+00 0.000000000000000000e+00 0.000000000000000000e+00 0.000000000000000000e+00 0.000000000000000000e+00 1.000000000000000000e+00 9.373554413809463526e+00 9.883792012633297874e-01 1.100061861179568368e+01 1.503909410787339640e+00 1.903372604493850062e+01 1.096473982081918308e+01 -1.180557061051182188e+00 6.602619078944478304e+00 1.817874535583905882e+01 4.760977694706759245e+00 -5.603578270873386558e+00 9.187116159688917705e+00 2.005999929509411928e+01 1.281170785338554019e+01 -2.486839528085471152e+00 5.585650924609025125e+00
0.000000000000000000e+00 0.000000000000000000e+00 0.000000000000000000e+00 0.000000000000000000e+00 0.000000000000000000e+00 0.000000000000000000e+00 0.000000000000000000e+00 0.000000000000000000e+00 0.000000000000000000e+00 0.000000000000000000e+00 0.000000000000000000e+00 0.000000000000000000e+00 0.000000000000000000e+00 0.000000000000000000e+00 0.000000000000000000e+00 0.000000000000000000e+00 0.000000000000000000e+00 0.000000000000000000e+00 0.000000000000000000e+00 0.000000000000000000e+00 0.000000000000000000e+00 0.000000000000000000e+00 0.000000000000000000e+00 0.000000000000000000e+00 0.000000000000000000e+00 0.000000000000000000e+00 0.000000000000000000e+00 0.000000000000000000e+00 0.000000000000000000e+00 0.000000000000000000e+00 0.000000000000000000e+00 0.000000000000000000e+00 0.000000000000000000e+00 0.000000000000000000e+00 0.000000000000000000e+00 0.000000000000000000e+00 0.000000000000000000e+00 0.000000000000000000e+00 0.000000000000000000e+00 0.000000000000000000e+00 0.000000000000000000e+00 0.000000000000000000e+00 0.000000000000000000e+00 0.000000000000000000e+00 0.000000000000000000e+00 0.000000000000000000e+00 0.000000000000000000e+00 0.000000000000000000e+00 0.000000000000000000e+00 0.000000000000000000e+00 0.000000000000000000e+00 0.000000000000000000e+00 0.000000000000000000e+00 0.000000000000000000e+00 0.000000000000000000e+00 0.000000000000000000e+00 0.000000000000000000e+00 0.000000000000000000e+00 0.000000000000000000e+00 0.000000000000000000e+00 0.000000000000000000e+00 0.000000000000000000e+00 0.000000000000000000e+00 0.000000000000000000e+00 0.000000000000000000e+00 0.000000000000000000e+00 0.000000000000000000e+00 0.000000000000000000e+00 0.000000000000000000e+00 0.000000000000000000e+00 0.000000000000000000e+00 0.000000000000000000e+00 0.000000000000000000e+00 0.000000000000000000e+00 0.000000000000000000e+00 0.000000000000000000e+00 0.000000000000000000e+00 0.000000000000000000e+00 0.000000000000000000e+00 0.000000000000000000e+00 0.000000000000000000e+00 0.000000000000000000e+00 0.000000000000000000e+00 0.000000000000000000e+00 1.000000000000000000e+00 9.555421128983519752e-02 9.799776862173646963e-01 1.556540018377066681e-01 2.021797813704424129e+00 1.331554073192216636e+00 -7.501671705262530354e-02 5.996951968716350834e-01 1.995832024147419670e+00 4.374988857092122485e-01 -6.205258061777620959e-01 9.311695856988648767e-01 2.178843588925490682e+00 1.355290568039409393e+00 -1.545910571185576954e-01 4.753874550792879239e-01
0.000000000000000000e+00 0.000000000000000000e+00 0.000000000000000000e+00 0.000000000000000000e+00 0.000000000000000000e+00 0.000000000000000000e+00 0.000000000000000000e+00 0.000000000000000000e+00 0.000000000000000000e+00 0.000000000000000000e+00 0.000000000000000000e+00 0.000000000000000000e+00 0.000000000000000000e+00 0.000000000000000000e+00 0.000000000000000000e+00 0.000000000000000000e+00 0.000000000000000000e+00 0.000000000000000000e+00 0.000000000000000000e+00 0.000000000000000000e+00 0.000000000000000000e+00 0.000000000000000000e+00 0.000000000000000000e+00 0.000000000000000000e+00 0.000000000000000000e+00 0.000000000000000000e+00 0.000000000000000000e+00 0.000000000000000000e+00 0.000000000000000000e+00 0.000000000000000000e+00 0.000000000000000000e+00 0.000000000000000000e+00 0.000000000000000000e+00 0.000000000000000000e+00 0.000000000000000000e+00 0.000000000000000000e+00 0.000000000000000000e+00 0.000000000000000000e+00 0.000000000000000000e+00 0.000000000000000000e+00 0.000000000000000000e+00 0.000000000000000000e+00 0.000000000000000000e+00 0.000000000000000000e+00 0.000000000000000000e+00 0.000000000000000000e+00 0.000000000000000000e+00 0.000000000000000000e+00 0.000000000000000000e+00 0.000000000000000000e+00 0.000000000000000000e+00 0.000000000000000000e+00 0.000000000000000000e+00 0.000000000000000000e+00 0.000000000000000000e+00 0.000000000000000000e+00 0.000000000000000000e+00 0.000000000000000000e+00 0.000000000000000000e+00 0.000000000000000000e+00 0.000000000000000000e+00 0.000000000000000000e+00 0.000000000000000000e+00 0.000000000000000000e+00 0.000000000000000000e+00 0.000000000000000000e+00 0.000000000000000000e+00 0.000000000000000000e+00 0.000000000000000000e+00 0.000000000000000000e+00 0.000000000000000000e+00 0.000000000000000000e+00 0.000000000000000000e+00 0.000000000000000000e+00 0.000000000000000000e+00 0.000000000000000000e+00 0.000000000000000000e+00 0.000000000000000000e+00 0.000000000000000000e+00 0.000000000000000000e+00 0.000000000000000000e+00 0.000000000000000000e+00 0.000000000000000000e+00 0.000000000000000000e+00 0.000000000000000000e+00 1.000000000000000000e+00 8.436247117994065547e+01 6.559450096913464279e+01 5.071091720410800718e+01 -7.794815553684285581e-01 1.976381401033781771e+01 5.287670005629872350e+01 5.185931643950387837e+01 -9.519267876144338558e+00 3.359281059358193744e+01 -6.795722936567833017e+01 2.438091087884363972e+01 1.704320909500756898e+01 -7.165145831566181300e+01 8.517321117515608364e+01
0.000000000000000000e+00 0.000000000000000000e+00 0.000000000000000000e+00 0.000000000000000000e+00 0.000000000000000000e+00 0.000000000000000000e+00 0.000000000000000000e+00 0.000000000000000000e+00 0.000000000000000000e+00 0.000000000000000000e+00 0.000000000000000000e+00 0.000000000000000000e+00 0.000000000000000000e+00 0.000000000000000000e+00 0.000000000000000000e+00 0.000000000000000000e+00 0.000000000000000000e+00 0.000000000000000000e+00 0.000000000000000000e+00 0.000000000000000000e+00 0.000000000000000000e+00 0.000000000000000000e+00 0.000000000000000000e+00 0.000000000000000000e+00 0.000000000000000000e+00 0.000000000000000000e+00 0.000000000000000000e+00 0.000000000000000000e+00 0.000000000000000000e+00 0.000000000000000000e+00 0.000000000000000000e+00 0.000000000000000000e+00 0.000000000000000000e+00 0.000000000000000000e+00 0.000000000000000000e+00 0.000000000000000000e+00 0.000000000000000000e+00 0.000000000000000000e+00 0.000000000000000000e+00 0.000000000000000000e+00 0.000000000000000000e+00 0.000000000000000000e+00 0.000000000000000000e+00 0.000000000000000000e+00 0.000000000000000000e+00 0.000000000000000000e+00 0.000000000000000000e+00 0.000000000000000000e+00 0.000000000000000000e+00 0.000000000000000000e+00 0.000000000000000000e+00 0.000000000000000000e+00 0.000000000000000000e+00 0.000000000000000000e+00 0.000000000000000000e+00 0.000000000000000000e+00 0.000000000000000000e+00 0.000000000000000000e+00 0.000000000000000000e+00 0.000000000000000000e+00 0.000000000000000000e+00 0.000000000000000000e+00 0.000000000000000000e+00 0.000000000000000000e+00 0.000000000000000000e+00 0.000000000000000000e+00 0.000000000000000000e+00 0.000000000000000000e+00 0.000000000000000000e+00 0.000000000000000000e+00 0.000000000000000000e+00 0.000000000000000000e+00 0.000000000000000000e+00 0.000000000000000000e+00 0.000000000000000000e+00 0.000000000000000000e+00 0.000000000000000000e+00 0.000000000000000000e+00 0.000000000000000000e+00 0.000000000000000000e+00 0.000000000000000000e+00 0.000000000000000000e+00 0.000000000000000000e+00 0.000000000000000000e+00 0.000000000000000000e+00 0.000000000000000000e+00 1.000000000000000000e+00 8.147671354095540330e-01 6.051361595552045003e-01 -3.542253936843696438e-02 2.367319677846380921e-01 6.397730617928980568e-01 6.103315123593049396e-01 -1.367386439914512752e-01 4.328065289334351307e-01 -8.552268220879514216e-01 2.631810254184914766e-01 1.999157448465734288e-01 -8.647697537459252404e-01 1.012107790001790519e+00
0.000000000000000000e+00 0.000000000000000000e+00 0.000000000000000000e+00 0.000000000000000000e+00 0.000000000000000000e+00 0.000000000000000000e+00 0.000000000000000000e+00 0.000000000000000000e+00 0.000000000000000000e+00 0.000000000000000000e+00 0.000000000000000000e+00 0.000000000000000000e+00 0.000000000000000000e+00 0.000000000000000000e+00 0.000000000000000000e+00 0.000000000000000000e+00 0.000000000000000000e+00 0.000000000000000000e+00 0.000000000000000000e+00 0.000000000000000000e+00 0.000000000000000000e+00 0.000000000000000000e+00 0.000000000000000000e+00 0.000000000000000000e+00 0.000000000000000000e+00 0.000000000000000000e+00 0.000000000000000000e+00 0.000000000000000000e+00 0.000000000000000000e+00 0.000000000000000000e+00 0.000000000000000000e+00 0.000000000000000000e+00 0.000000000000000000e+00 0.000000000000000000e+00 0.000000000000000000e+00 0.000000000000000000e+00 0.000000000000000000e+00 0.000000000000000000e+00 0.000000000000000000e+00 0.000000000000000000e+00 0.000000000000000000e+00 0.000000000000000000e+00 0.000000000000000000e+00 0.000000000000000000e+00 0.000000000000000000e+00 0.000000000000000000e+00 0.000000000000000000e+00 0.000000000000000000e+00 0.000000000000000000e+00 0.000000000000000000e+00 0.000000000000000000e+00 0.000000000000000000e+00 0.000000000000000000e+00 0.000000000000000000e+00 0.000000000000000000e+00 0.000000000000000000e+00 0.000000000000000000e+00 0.000000000000000000e+00 0.000000000000000000e+00 0.000000000000000000e+00 0.000000000000000000e+00 0.000000000000000000e+00 0.000000000000000000e+00 0.000000000000000000e+00 0.000000000000000000e+00 0.000000000000000000e+00 0.000000000000000000e+00 0.000000000000000000e+00 0.000000000000000000e+00 0.000000000000000000e+00 0.000000000000000000e+00 0.000000000000000000e+00 0.000000000000000000e+00 0.000000000000000000e+00 0.000000000000000000e+00 0.000000000000000000e+00 0.000000000000000000e+00 0.000000000000000000e+00 0.000000000000000000e+00 0.000000000000000000e+00 0.000000000000000000e+00 0.000000000000000000e+00 0.000000000000000000e+00 0.000000000000000000e+00 0.000000000000000000e+00 0.000000000000000000e+00 0.000000000000000000e+00 1.000000000000000000e+00 -3.651412081901172613e+00 -3.496863372269797043e+00 -1.246575768262131456e+00 2.718800047514224882e+00 -1.223299864372498158e+00 2.490734465075561399e+00 2.527148467139846311e+00 3.614326507815059930e+00 -7.409689471501168523e-01 1.469971738050027232e+00 2.017260635632979415e+00 -2.412107055927814159e+00
0.000000000000000000e+00 0.000000000000000000e+00 0.000000000000000000e+00 0.000000000000000000e+00 0.000000000000000000e+00 0.000000000000000000e+00 0.000000000000000000e+00 0.000000000000000000e+00 0.000000000000000000e+00 0.000000000000000000e+00 0.000000000000000000e+00 0.000000000000000000e+00 0.000000000000000000e+00 0.000000000000000000e+00 0.000000000000000000e+00 0.000000000000000000e+00 0.000000000000000000e+00 0.000000000000000000e+00 0.000000000000000000e+00 0.000000000000000000e+00 0.000000000000000000e+00 0.000000000000000000e+00 0.000000000000000000e+00 0.000000000000000000e+00 0.000000000000000000e+00 0.000000000000000000e+00 0.000000000000000000e+00 0.000000000000000000e+00 0.000000000000000000e+00 0.000000000000000000e+00 0.000000000000000000e+00 0.000000000000000000e+00 0.000000000000000000e+00 0.000000000000000000e+00 0.000000000000000000e+00 0.000000000000000000e+00 0.000000000000000000e+00 0.000000000000000000e+00 0.000000000000000000e+00 0.000000000000000000e+00 0.000000000000000000e+00 0.000000000000000000e+00 0.000000000000000000e+00 0.000000000000000000e+00 0.000000000000000000e+00 0.000000000000000000e+00 0.000000000000000000e+00 0.000000000000000000e+00 0.000000000000000000e+00 0.000000000000000000e+00 0.000000000000000000e+00 0.000000000000000000e+00 0.000000000000000000e+00 0.000000000000000000e+00 0.000000000000000000e+00 0.000000000000000000e+00 0.000000000000000000e+00 0.000000000000000000e+00 0.000000000000000000e+00 0.000000000000000000e+00 0.000000000000000000e+00 0.000000000000000000e+00 0.000000000000000000e+00 0.000000000000000000e+00 0.000000000000000000e+00 0.000000000000000000e+00 0.000000000000000000e+00 0.000000000000000000e+00 0.000000000000000000e+00 0.000000000000000000e+00 0.000000000000000000e+00 0.000000000000000000e+00 0.000000000000000000e+00 0.000000000000000000e+00 0.000000000000000000e+00 0.000000000000000000e+00 0.000000000000000000e+00 0.000000000000000000e+00 0.000000000000000000e+00 0.000000000000000000e+00 0.000000000000000000e+00 0.000000000000000000e+00 0.000000000000000000e+00 0.000000000000000000e+00 0.000000000000000000e+00 0.000000000000000000e+00 0.000000000000000000e+00 0.000000000000000000e+00 1.000000000000000000e+00 7.986821430204837924e-01 4.251895148068636776e-01 -6.603000693557545819e-01 3.116195377646672204e-01 -8.355402726345410036e-01 -4.774767663791305572e-01 -1.411732273346212541e+00 6.303387200899225129e-04 -4.185493679326168781e-01 -6.250487118108483120e-01 7.774811836278348043e-01
0.000000000000000000e+00 0.000000000000000000e+00 0.000000000000000000e+00 0.000000000000000000e+00 0.000000000000000000e+00 0.000000000000000000e+00 0.000000000000000000e+00 0.000000000000000000e+00 0.000000000000000000e+00 0.000000000000000000e+00 0.000000000000000000e+00 0.000000000000000000e+00 0.000000000000000000e+00 0.000000000000000000e+00 0.000000000000000000e+00 0.000000000000000000e+00 0.000000000000000000e+00 0.000000000000000000e+00 0.000000000000000000e+00 0.000000000000000000e+00 0.000000000000000000e+00 0.000000000000000000e+00 0.000000000000000000e+00 0.000000000000000000e+00 0.000000000000000000e+00 0.000000000000000000e+00 0.000000000000000000e+00 0.000000000000000000e+00 0.000000000000000000e+00 0.000000000000000000e+00 0.000000000000000000e+00 0.000000000000000000e+00 0.000000000000000000e+00 0.000000000000000000e+00 0.000000000000000000e+00 0.000000000000000000e+00 0.000000000000000000e+00 0.000000000000000000e+00 0.000000000000000000e+00 0.000000000000000000e+00 0.000000000000000000e+00 0.000000000000000000e+00 0.000000000000000000e+00 0.000000000000000000e+00 0.000000000000000000e+00 0.000000000000000000e+00 0.000000000000000000e+00 0.000000000000000000e+00 0.000000000000000000e+00 0.000000000000000000e+00 0.000000000000000000e+00 0.000000000000000000e+00 0.000000000000000000e+00 0.000000000000000000e+00 0.000000000000000000e+00 0.000000000000000000e+00 0.000000000000000000e+00 0.000000000000000000e+00 0.000000000000000000e+00 0.000000000000000000e+00 0.000000000000000000e+00 0.000000000000000000e+00 0.000000000000000000e+00 0.000000000000000000e+00 0.000000000000000000e+00 0.000000000000000000e+00 0.000000000000000000e+00 0.000000000000000000e+00 0.000000000000000000e+00 0.000000000000000000e+00 0.000000000000000000e+00 0.000000000000000000e+00 0.000000000000000000e+00 0.000000000000000000e+00 0.000000000000000000e+00 0.000000000000000000e+00 0.000000000000000000e+00 0.000000000000000000e+00 0.000000000000000000e+00 0.000000000000000000e+00 0.000000000000000000e+00 0.000000000000000000e+00 0.000000000000000000e+00 0.000000000000000000e+00 0.000000000000000000e+00 0.000000000000000000e+00 0.000000000000000000e+00 0.000000000000000000e+00 0.000000000000000000e+00 1.000000000000000000e+00 -5.677907192778087087e+00 3.789214305099264379e+01 3.081927691814226833e+01 4.987841371919942191e+01 1.707121497623182549e+01 6.061088945549985851e+01 3.645242598587152827e+01 4.229827468026898885e+01 3.434915552928463711e+01 -1.303004308352152840e+01
0.000000000000000000e+00 0.000000000000000000e+00 0.000000000000000000e+00 0.000000000000000000e+00 0.000000000000000000e+00 0.000000000000000000e+00 0.000000000000000000e+00 0.000000000000000000e+00 0.000000000000000000e+00 0.000000000000000000e+00 0.000000000000000000e+00 0.000000000000000000e+00 0.000000000000000000e+00 0.000000000000000000e+00 0.000000000000000000e+00 0.000000000000000000e+00 0.000000000000000000e+00 0.000000000000000000e+00 0.000000000000000000e+00 0.000000000000000000e+00 0.000000000000000000e+00 0.000000000000000000e+00 0.000000000000000000e+00 0.000000000000000000e+00 0.000000000000000000e+00 0.000000000000000000e+00 0.000000000000000000e+00 0.000000000000000000e+00 0.000000000000000000e+00 0.000000000000000000e+00 0.000000000000000000e+00 0.000000000000000000e+00 0.000000000000000000e+00 0.000000000000000000e+00 0.000000000000000000e+00 0.000000000000000000e+00 0.000000000000000000e+00 0.000000000000000000e+00 0.000000000000000000e+00 0.000000000000000000e+00 0.000000000000000000e+00 0.000000000000000000e+00 0.000000000000000000e+00 0.000000000000000000e+00 0.000000000000000000e+00 0.000000000000000000e+00 0.000000000000000000e+00 0.000000000000000000e+00 0.000000000000000000e+00 0.000000000000000000e+00 0.000000000000000000e+00 0.000000000000000000e+00 0.000000000000000000e+00 0.000000000000000000e+00 0.000000000000000000e+00 0.000000000000000000e+00 0.000000000000000000e+00 0.000000000000000000e+00 0.000000000000000000e+00 0.000000000000000000e+00 0.000000000000000000e+00 0.000000000000000000e+00 0.000000000000000000e+00 0.000000000000000000e+00 0.000000000000000000e+00 0.000000000000000000e+00 0.000000000000000000e+00 0.000000000000000000e+00 0.000000000000000000e+00 0.000000000000000000e+00 0.000000000000000000e+00 0.000000000000000000e+00 0.000000000000000000e+00 0.000000000000000000e+00 0.000000000000000000e+00 0.000000000000000000e+00 0.000000000000000000e+00 0.000000000000000000e+00 0.000000000000000000e+00 0.000000000000000000e+00 0.000000000000000000e+00 0.000000000000000000e+00 0.000000000000000000e+00 0.000000000000000000e+00 0.000000000000000000e+00 0.000000000000000000e+00 0.000000000000000000e+00 0.000000000000000000e+00 0.000000000000000000e+00 0.000000000000000000e+00 1.000000000000000000e+00 -6.283237351180668284e+00 -5.056822625668176308e+00 -8.126913194358603931e+00 -2.678640985410817965e+00 -9.944398115836216689e+00 -5.894335431267911929e+00 -6.965248161227591162e+00 -5.613312677185332333e+00 2.070463090166764886e+00
0.000000000000000000e+00 0.000000000000000000e+00 0.000000000000000000e+00 0.000000000000000000e+00 0.000000000000000000e+00 0.000000000000000000e+00 0.000000000000000000e+00 0.000000000000000000e+00 0.000000000000000000e+00 0.000000000000000000e+00 0.000000000000000000e+00 0.000000000000000000e+00 0.000000000000000000e+00 0.000000000000000000e+00 0.000000000000000000e+00 0.000000000000000000e+00 0.000000000000000000e+00 0.000000000000000000e+00 0.000000000000000000e+00 0.000000000000000000e+00 0.000000000000000000e+00 0.000000000000000000e+00 0.000000000000000000e+00 0.000000000000000000e+00 0.000000000000000000e+00 0.000000000000000000e+00 0.000000000000000000e+00 0.000000000000000000e+00 0.000000000000000000e+00 0.000000000000000000e+00 0.000000000000000000e+00 0.000000000000000000e+00 0.000000000000000000e+00 0.000000000000000000e+00 0.000000000000000000e+00 0.000000000000000000e+00 0.000000000000000000e+00 0.000000000000000000e+00 0.000000000000000000e+00 0.000000000000000000e+00 0.000000000000000000e+00 0.000000000000000000e+00 0.000000000000000000e+00 0.000000000000000000e+00 0.000000000000000000e+00 0.000000000000000000e+00 0.000000000000000000e+00 0.000000000000000000e+00 0.000000000000000000e+00 0.000000000000000000e+00 0.000000000000000000e+00 0.000000000000000000e+00 0.000000000000000000e+00 0.000000000000000000e+00 0.000000000000000000e+00 0.000000000000000000e+00 0.000000000000000000e+00 0.000000000000000000e+00 0.000000000000000000e+00 0.000000000000000000e+00 0.000000000000000000e+00 0.000000000000000000e+00 0.000000000000000000e+00 0.000000000000000000e+00 0.000000000000000000e+00 0.000000000000000000e+00 0.000000000000000000e+00 0.000000000000000000e+00 0.000000000000000000e+00 0.000000000000000000e+00 0.000000000000000000e+00 0.000000000000000000e+00 0.000000000000000000e+00 0.000000000000000000e+00 0.000000000000000000e+00 0.000000000000000000e+00 0.000000000000000000e+00 0.000000000000000000e+00 0.000000000000000000e+00 0.000000000000000000e+00 0.000000000000000000e+00 0.000000000000000000e+00 0.000000000000000000e+00 0.000000000000000000e+00 0.000000000000000000e+00 0.000000000000000000e+00 0.000000000000000000e+00 0.000000000000000000e+00 0.000000000000000000e+00 0.000000000000000000e+00 0.000000000000000000e+00 1.000000000000000000e+00 -3.198996850754327881e-02 -3.109101624096775929e+00 -3.351142179104730889e+00 1.436054351681284702e+00 7.823846562607195132e-01 1.437221225608912745e+00 -1.533122121243305047e+00 -3.345921635227417368e-01
0.000000000000000000e+00 0.000000000000000000e+00 0.000000000000000000e+00 0.000000000000000000e+00 0.000000000000000000e+00 0.000000000000000000e+00 0.000000000000000000e+00 0.000000000000000000e+00 0.000000000000000000e+00 0.000000000000000000e+00 0.000000000000000000e+00 0.000000000000000000e+00 0.000000000000000000e+00 0.000000000000000000e+00 0.000000000000000000e+00 0.000000000000000000e+00 0.000000000000000000e+00 0.000000000000000000e+00 0.000000000000000000e+00 0.000000000000000000e+00 0.000000000000000000e+00 0.000000000000000000e+00 0.000000000000000000e+00 0.000000000000000000e+00 0.000000000000000000e+00 0.000000000000000000e+00 0.000000000000000000e+00 0.000000000000000000e+00 0.000000000000000000e+00 0.000000000000000000e+00 0.000000000000000000e+00 0.000000000000000000e+00 0.000000000000000000e+00 0.000000000000000000e+00 0.000000000000000000e+00 0.000000000000000000e+00 0.000000000000000000e+00 0.000000000000000000e+00 0.000000000000000000e+00 0.000000000000000000e+00 0.000000000000000000e+00 0.000000000000000000e+00 0.000000000000000000e+00 0.000000000000000000e+00 0.000000000000000000e+00 0.000000000000000000e+00 0.000000000000000000e+00 0.000000000000000000e+00 0.000000000000000000e+00 0.000000000000000000e+00 0.000000000000000000e+00 0.000000000000000000e+00 0.000000000000000000e+00 0.000000000000000000e+00 0.000000000000000000e+00 0.000000000000000000e+00 0.000000000000000000e+00 0.000000000000000000e+00 0.000000000000000000e+00 0.000000000000000000e+00 0.000000000000000000e+00 0.000000000000000000e+00 0.000000000000000000e+00 0.000000000000000000e+00 0.000000000000000000e+00 0.000000000000000000e+00 0.000000000000000000e+00 0.000000000000000000e+00 0.000000000000000000e+00 0.000000000000000000e+00 0.000000000000000000e+00 0.000000000000000000e+00 0.000000000000000000e+00 0.000000000000000000e+00 0.000000000000000000e+00 0.000000000000000000e+00 0.000000000000000000e+00 0.000000000000000000e+00 0.000000000000000000e+00 0.000000000000000000e+00 0.000000000000000000e+00 0.000000000000000000e+00 0.000000000000000000e+00 0.000000000000000000e+00 0.000000000000000000e+00 0.000000000000000000e+00 0.000000000000000000e+00 0.000000000000000000e+00 0.000000000000000000e+00 0.000000000000000000e+00 0.000000000000000000e+00 0.000000000000000000e+00 1.000000000000000000e+00 6.780523157697206926e+00 5.727584464643665108e+00 -3.710569844419678298e-01 5.415334053489099381e-02 -4.083980788812601181e-01 3.729320013238607068e+00 2.053831448286621841e-01
0.000000000000000000e+00 0.000000000000000000e+00 0.000000000000000000e+00 0.000000000000000000e+00 0.000000000000000000e+00 0.000000000000000000e+00 0.000000000000000000e+00 0.000000000000000000e+00 0.000000000000000000e+00 0.000000000000000000e+00 0.000000000000000000e+00 0.000000000000000000e+00 0.000000000000000000e+00 0.000000000000000000e+00 0.000000000000000000e+00 0.000000000000000000e+00 0.000000000000000000e+00 0.000000000000000000e+00 0.000000000000000000e+00 0.000000000000000000e+00 0.000000000000000000e+00 0.000000000000000000e+00 0.000000000000000000e+00 0.000000000000000000e+00 0.000000000000000000e+00 0.000000000000000000e+00 0.000000000000000000e+00 0.000000000000000000e+00 0.000000000000000000e+00 0.000000000000000000e+00 0.000000000000000000e+00 0.000000000000000000e+00 0.000000000000000000e+00 0.000000000000000000e+00 0.000000000000000000e+00 0.000000000000000000e+00 0.000000000000000000e+00 0.000000000000000000e+00 0.000000000000000000e+00 0.000000000000000000e+00 0.000000000000000000e+00 0.000000000000000000e+00 0.000000000000000000e+00 0.000000000000000000e+00 0.000000000000000000e+00 0.000000000000000000e+00 0.000000000000000000e+00 0.000000000000000000e+00 0.000000000000000000e+00 0.000000000000000000e+00 0.000000000000000000e+00 0.000000000000000000e+00 0.000000000000000000e+00 0.000000000000000000e+00 0.000000000000000000e+00 0.000000000000000000e+00 0.000000000000000000e+00 0.000000000000000000e+00 0.000000000000000000e+00 0.000000000000000000e+00 0.000000000000000000e+00 0.000000000000000000e+00 0.000000000000000000e+00 0.000000000000000000e+00 0.000000000000000000e+00 0.000000000000000000e+00 0.000000000000000000e+00 0.000000000000000000e+00 0.000000000000000000e+00 0.000000000000000000e+00 0.000000000000000000e+00 0.000000000000000000e+00 0.000000000000000000e+00 0.000000000000000000e+00 0.000000000000000000e+00 0.000000000000000000e+00 0.000000000000000000e+00 0.000000000000000000e+00 0.000000000000000000e+00 0.000000000000000000e+00 0.000000000000000000e+00 0.000000000000000000e+00 0.000000000000000000e+00 0.000000000000000000e+00 0.000000000000000000e+00 0.000000000000000000e+00 0.000000000000000000e+00 0.000000000000000000e+00 0.000000000000000000e+00 0.000000000000000000e+00 0.000000000000000000e+00 0.000000000000000000e+00 0.000000000000000000e+00 1.000000000000000000e+00 8.534905881565126862e-01 -2.027034285947750258e-01 -2.118538782791134500e-01 -1.623268548757716145e-01 5.272540985022492466e-01 7.258643717422054442e-02
0.000000000000000000e+00 0.000000000000000000e+00 0.000000000000000000e+00 0.000000000000000000e+00 0.000000000000000000e+00 0.000000000000000000e+00 0.000000000000000000e+00 0.000000000000000000e+00 0.000000000000000000e+00 0.000000000000000000e+00 0.000000000000000000e+00 0.000000000000000000e+00 0.000000000000000000e+00 0.000000000000000000e+00 0.000000000000000000e+00 0.000000000000000000e+00 0.000000000000000000e+00 0.000000000000000000e+00 0.000000000000000000e+00 0.000000000000000000e+00 0.000000000000000000e+00 0.000000000000000000e+00 0.000000000000000000e+00 0.000000000000000000e+00 0.000000000000000000e+00 0.000000000000000000e+00 0.000000000000000000e+00 0.000000000000000000e+00 0.000000000000000000e+00 0.000000000000000000e+00 0.000000000000000000e+00 0.000000000000000000e+00 0.000000000000000000e+00 0.000000000000000000e+00 0.000000000000000000e+00 0.000000000000000000e+00 0.000000000000000000e+00 0.000000000000000000e+00 0.000000000000000000e+00 0.000000000000000000e+00 0.000000000000000000e+00 0.000000000000000000e+00 0.000000000000000000e+00 0.000000000000000000e+00 0.000000000000000000e+00 0.000000000000000000e+00 0.000000000000000000e+00 0.000000000000000000e+00 0.000000000000000000e+00 0.000000000000000000e+00 0.000000000000000000e+00 0.000000000000000000e+00 0.000000000000000000e+00 0.000000000000000000e+00 0.000000000000000000e+00 0.000000000000000000e+00 0.000000000000000000e+00 0.000000000000000000e+00 0.000000000000000000e+00 0.000000000000000000e+00 0.000000000000000000e+00 0.000000000000000000e+00 0.000000000000000000e+00 0.000000000000000000e+00 0.000000000000000000e+00 0.000000000000000000e+00 0.000000000000000000e+00 0.000000000000000000e+00 0.000000000000000000e+00 0.000000000000000000e+00 0.000000000000000000e+00 0.000000000000000000e+00 0.000000000000000000e+00 0.000000000000000000e+00 0.000000000000000000e+00 0.000000000000000000e+00 0.000000000000000000e+00 0.000000000000000000e+00 0.000000000000000000e+00 0.000000000000000000e+00 0.000000000000000000e+00 0.000000000000000000e+00 0.000000000000000000e+00 0.000000000000000000e+00 0.000000000000000000e+00 0.000000000000000000e+00 0.000000000000000000e+00 0.000000000000000000e+00 0.000000000000000000e+00 0.000000000000000000e+00 0.000000000000000000e+00 0.000000000000000000e+00 0.000000000000000000e+00 0.000000000000000000e+00 1.000000000000000000e+00 -4.828134412367481865e-01 4.198041356859348316e-01 -5.131286776499133229e-01 2.295710047683675037e-01 5.805899676712569235e-01
0.000000000000000000e+00 0.000000000000000000e+00 0.000000000000000000e+00 0.000000000000000000e+00 0.000000000000000000e+00 0.000000000000000000e+00 0.000000000000000000e+00 0.000000000000000000e+00 0.000000000000000000e+00 0.000000000000000000e+00 0.000000000000000000e+00 0.000000000000000000e+00 0.000000000000000000e+00 0.000000000000000000e+00 0.000000000000000000e+00 0.000000000000000000e+00 0.000000000000000000e+00 0.000000000000000000e+00 0.000000000000000000e+00 0.000000000000000000e+00 0.000000000000000000e+00 0.000000000000000000e+00 0.000000000000000000e+00 0.000000000000000000e+00 0.000000000000000000e+00 0.000000000000000000e+00 0.000000000000000000e+00 0.000000000000000000e+00 0.000000000000000000e+00 0.000000000000000000e+00 0.000000000000000000e+00 0.000000000000000000e+00 0.000000000000000000e+00 0.000000000000000000e+00 0.000000000000000000e+00 0.000000000000000000e+00 0.000000000000000000e+00 0.000000000000000000e+00 0.000000000000000000e+00 0.000000000000000000e+00 0.000000000000000000e+00 0.000000000000000000e+00 0.000000000000000000e+00 0.000000000000000000e+00 0.000000000000000000e+00 0.000000000000000000e+00 0.000000000000000000e+00 0.000000000000000000e+00 0.000000000000000000e+00 0.000000000000000000e+00 0.000000000000000000e+00 0.000000000000000000e+00 0.000000000000000000e+00 0.000000000000000000e+00 0.000000000000000000e+00 0.000000000000000000e+00 0.000000000000000000e+00 0.000000000000000000e+00 0.000000000000000000e+00 0.000000000000000000e+00 0.000000000000000000e+00 0.000000000000000000e+00 0.000000000000000000e+00 0.000000000000000000e+00 0.000000000000000000e+00 0.000000000000000000e+00 0.000000000000000000e+00 0.000000000000000000e+00 0.000000000000000000e+00 0.000000000000000000e+00 0.000000000000000000e+00 0.000000000000000000e+00 0.000000000000000000e+00 0.000000000000000000e+00 0.000000000000000000e+00 0.000000000000000000e+00 0.000000000000000000e+00 0.000000000000000000e+00 0.000000000000000000e+00 0.000000000000000000e+00 0.000000000000000000e+00 0.000000000000000000e+00 0.000000000000000000e+00 0.000000000000000000e+00 0.000000000000000000e+00 0.000000000000000000e+00 0.000000000000000000e+00 0.000000000000000000e+00 0.000000000000000000e+00 0.000000000000000000e+00 0.000000000000000000e+00 0.000000000000000000e+00 0.000000000000000000e+00 0.000000000000000000e+00 0.000000000000000000e+00 1.000000000000000000e+00 2.257736578221630208e-01 -1.437663059201022830e-01 -8.013165955796930362e-01 -1.511691655912812404e+00
0.000000000000000000e+00 0.000000000000000000e+00 0.000000000000000000e+00 0.000000000000000000e+00 0.000000000000000000e+00 0.000000000000000000e+00 0.000000000000000000e+00 0.000000000000000000e+00 0.000000000000000000e+00 0.000000000000000000e+00 0.000000000000000000e+00 0.000000000000000000e+00 0.000000000000000000e+00 0.000000000000000000e+00 0.000000000000000000e+00 0.000000000000000000e+00 0.000000000000000000e+00 0.000000000000000000e+00 0.000000000000000000e+00 0.000000000000000000e+00 0.000000000000000000e+00 0.000000000000000000e+00 0.000000000000000000e+00 0.000000000000000000e+00 0.000000000000000000e+00 0.000000000000000000e+00 0.000000000000000000e+00 0.000000000000000000e+00 0.000000000000000000e+00 0.000000000000000000e+00 0.000000000000000000e+00 0.000000000000000000e+00 0.000000000000000000e+00 0.000000000000000000e+00 0.000000000000000000e+00 0.000000000000000000e+00 0.000000000000000000e+00 0.000000000000000000e+00 0.000000000000000000e+00 0.000000000000000000e+00 0.000000000000000000e+00 0.000000000000000000e+00 0.000000000000000000e+00 0.000000000000000000e+00 0.000000000000000000e+00 0.000000000000000000e+00 0.000000000000000000e+00 0.000000000000000000e+00 0.000000000000000000e+00 0.000000000000000000e+00 0.000000000000000000e+00 0.000000000000000000e+00 0.000000000000000000e+00 0.000000000000000000e+00 0.000000000000000000e+00 0.000000000000000000e+00 0.000000000000000000e+00 0.000000000000000000e+00 0.000000000000000000e+00 0.000000000000000000e+00 0.000000000000000000e+00 0.000000000000000000e+00 0.000000000000000000e+00 0.000000000000000000e+00 0.000000000000000000e+00 0.000000000000000000e+00 0.000000000000000000e+00 0.000000000000000000e+00 0.000000000000000000e+00 0.000000000000000000e+00 0.000000000000000000e+00 0.000000000000000000e+00 0.000000000000000000e+00 0.000000000000000000e+00 0.000000000000000000e+00 0.000000000000000000e+00 0.000000000000000000e+00 0.000000000000000000e+00 0.000000000000000000e+00 0.000000000000000000e+00 0.000000000000000000e+00 0.000000000000000000e+00 0.000000000000000000e+00 0.000000000000000000e+00 0.000000000000000000e+00 0.000000000000000000e+00 0.000000000000000000e+00 0.000000000000000000e+00 0.000000000000000000e+00 0.000000000000000000e+00 0.000000000000000000e+00 0.000000000000000000e+00 0.000000000000000000e+00 0.000000000000000000e+00 0.000000000000000000e+00 0.000000000000000000e+00 1.000000000000000000e+00 -1.567593820430687623e+00 -1.221992066284036671e+00 5.823720901227710245e-01
0.000000000000000000e+00 0.000000000000000000e+00 0.000000000000000000e+00 0.000000000000000000e+00 0.000000000000000000e+00 0.000000000000000000e+00 0.000000000000000000e+00 0.000000000000000000e+00 0.000000000000000000e+00 0.000000000000000000e+00 0.000000000000000000e+00 0.000000000000000000e+00 0.000000000000000000e+00 0.000000000000000000e+00 0.000000000000000000e+00 0.000000000000000000e+00 0.000000000000000000e+00 0.000000000000000000e+00 0.000000000000000000e+00 0.000000000000000000e+00 0.000000000000000000e+00 0.000000000000000000e+00 0.000000000000000000e+00 0.000000000000000000e+00 0.000000000000000000e+00 0.000000000000000000e+00 0.000000000000000000e+00 0.000000000000000000e+00 0.000000000000000000e+00 0.000000000000000000e+00 0.000000000000000000e+00 0.000000000000000000e+00 0.000000000000000000e+00 0.000000000000000000e+00 0.000000000000000000e+00 0.000000000000000000e+00 0.000000000000000000e+00 0.000000000000000000e+00 0.000000000000000000e+00 0.000000000000000000e+00 0.000000000000000000e+00 0.000000000000000000e+00 0.000000000000000000e+00 0.000000000000000000e+00 0.000000000000000000e+00 0.000000000000000000e+00 0.000000000000000000e+00 0.000000000000000000e+00 0.000000000000000000e+00 0.000000000000000000e+00 0.000000000000000000e+00 0.000000000000000000e+00 0.000000000000000000e+00 0.000000000000000000e+00 0.000000000000000000e+00 0.000000000000000000e+00 0.000000000000000000e+00 0.000000000000000000e+00 0.000000000000000000e+00 0.000000000000000000e+00 0.000000000000000000e+00 0.000000000000000000e+00 0.000000000000000000e+00 0.000000000000000000e+00 0.000000000000000000e+00 0.000000000000000000e+00 0.000000000000000000e+00 0.000000000000000000e+00 0.000000000000000000e+00 0.000000000000000000e+00 0.000000000000000000e+00 0.000000000000000000e+00 0.000000000000000000e+00 0.000000000000000000e+00 0.000000000000000000e+00 0.000000000000000000e+00 0.000000000000000000e+00 0.000000000000000000e+00 0.000000000000000000e+00 0.000000000000000000e+00 0.000000000000000000e+00 0.000000000000000000e+00 0.000000000000000000e+00 0.000000000000000000e+00 0.000000000000000000e+00 0.000000000000000000e+00 0.000000000000000000e+00 0.000000000000000000e+00 0.000000000000000000e+00 0.000000000000000000e+00 0.000000000000000000e+00 0.000000000000000000e+00 0.000000000000000000e+00 0.000000000000000000e+00 0.000000000000000000e+00 0.000000000000000000e+00 0.000000000000000000e+00 1.000000000000000000e+00 7.447244748986920904e-01 -4.847828666982720303e-01
0.000000000000000000e+00 0.000000000000000000e+00 0.000000000000000000e+00 0.000000000000000000e+00 0.000000000000000000e+00 0.000000000000000000e+00 0.000000000000000000e+00 0.000000000000000000e+00 0.000000000000000000e+00 0.000000000000000000e+00 0.000000000000000000e+00 0.000000000000000000e+00 0.000000000000000000e+00 0.000000000000000000e+00 0.000000000000000000e+00 0.000000000000000000e+00 0.000000000000000000e+00 0.000000000000000000e+00 0.000000000000000000e+00 0.000000000000000000e+00 0.000000000000000000e+00 0.000000000000000000e+00 0.000000000000000000e+00 0.000000000000000000e+00 0.000000000000000000e+00 0.000000000000000000e+00 0.000000000000000000e+00 0.000000000000000000e+00 0.000000000000000000e+00 0.000000000000000000e+00 0.000000000000000000e+00 0.000000000000000000e+00 0.000000000000000000e+00 0.000000000000000000e+00 0.000000000000000000e+00 0.000000000000000000e+00 0.000000000000000000e+00 0.000000000000000000e+00 0.000000000000000000e+00 0.000000000000000000e+00 0.000000000000000000e+00 0.000000000000000000e+00 0.000000000000000000e+00 0.000000000000000000e+00 0.000000000000000000e+00 0.000000000000000000e+00 0.000000000000000000e+00 0.000000000000000000e+00 0.000000000000000000e+00 0.000000000000000000e+00 0.000000000000000000e+00 0.000000000000000000e+00 0.000000000000000000e+00 0.000000000000000000e+00 0.000000000000000000e+00 0.000000000000000000e+00 0.000000000000000000e+00 0.000000000000000000e+00 0.000000000000000000e+00 0.000000000000000000e+00 0.000000000000000000e+00 0.000000000000000000e+00 0.000000000000000000e+00 0.000000000000000000e+00 0.000000000000000000e+00 0.000000000000000000e+00 0.000000000000000000e+00 0.000000000000000000e+00 0.000000000000000000e+00 0.000000000000000000e+00 0.000000000000000000e+00 0.000000000000000000e+00 0.000000000000000000e+00 0.000000000000000000e+00 0.000000000000000000e+00 0.000000000000000000e+00 0.000000000000000000e+00 0.000000000000000000e+00 0.000000000000000000e+00 0.000000000000000000e+00 0.000000000000000000e+00 0.000000000000000000e+00 0.000000000000000000e+00 0.000000000000000000e+00 0.000000000000000000e+00 0.000000000000000000e+00 0.000000000000000000e+00 0.000000000000000000e+00 0.000000000000000000e+00 0.000000000000000000e+00 0.000000000000000000e+00 0.000000000000000000e+00 0.000000000000000000e+00 0.000000000000000000e+00 0.000000000000000000e+00 0.000000000000000000e+00 0.000000000000000000e+00 0.000000000000000000e+00 1.000000000000000000e+00 1.839733110534807370e+00
0.000000000000000000e+00 0.000000000000000000e+00 0.000000000000000000e+00 0.000000000000000000e+00 0.000000000000000000e+00 0.000000000000000000e+00 0.000000000000000000e+00 0.000000000000000000e+00 0.000000000000000000e+00 0.000000000000000000e+00 0.000000000000000000e+00 0.000000000000000000e+00 0.000000000000000000e+00 0.000000000000000000e+00 0.000000000000000000e+00 0.000000000000000000e+00 0.000000000000000000e+00 0.000000000000000000e+00 0.000000000000000000e+00 0.000000000000000000e+00 0.000000000000000000e+00 0.000000000000000000e+00 0.000000000000000000e+00 0.000000000000000000e+00 0.000000000000000000e+00 0.000000000000000000e+00 0.000000000000000000e+00 0.000000000000000000e+00 0.000000000000000000e+00 0.000000000000000000e+00 0.000000000000000000e+00 0.000000000000000000e+00 0.000000000000000000e+00 0.000000000000000000e+00 0.000000000000000000e+00 0.000000000000000000e+00 0.000000000000000000e+00 0.000000000000000000e+00 0.000000000000000000e+00 0.000000000000000000e+00 0.000000000000000000e+00 0.000000000000000000e+00 0.000000000000000000e+00 0.000000000000000000e+00 0.000000000000000000e+00 0.000000000000000000e+00 0.000000000000000000e+00 0.000000000000000000e+00 0.000000000000000000e+00 0.000000000000000000e+00 0.000000000000000000e+00 0.000000000000000000e+00 0.000000000000000000e+00 0.000000000000000000e+00 0.000000000000000000e+00 0.000000000000000000e+00 0.000000000000000000e+00 0.000000000000000000e+00 0.000000000000000000e+00 0.000000000000000000e+00 0.000000000000000000e+00 0.000000000000000000e+00 0.000000000000000000e+00 0.000000000000000000e+00 0.000000000000000000e+00 0.000000000000000000e+00 0.000000000000000000e+00 0.000000000000000000e+00 0.000000000000000000e+00 0.000000000000000000e+00 0.000000000000000000e+00 0.000000000000000000e+00 0.000000000000000000e+00 0.000000000000000000e+00 0.000000000000000000e+00 0.000000000000000000e+00 0.000000000000000000e+00 0.000000000000000000e+00 0.000000000000000000e+00 0.000000000000000000e+00 0.000000000000000000e+00 0.000000000000000000e+00 0.000000000000000000e+00 0.000000000000000000e+00 0.000000000000000000e+00 0.000000000000000000e+00 0.000000000000000000e+00 0.000000000000000000e+00 0.000000000000000000e+00 0.000000000000000000e+00 0.000000000000000000e+00 0.000000000000000000e+00 0.000000000000000000e+00 0.000000000000000000e+00 0.000000000000000000e+00 0.000000000000000000e+00 0.000000000000000000e+00 0.000000000000000000e+00 0.000000000000000000e+00 1.000000000000000000e+00
