418.19824177450715 -4.712548341921494 2.316852963325271 -5.5835135019993025 4.790767867286208 1.7510829544623334 7.821161851826698 5.235456279395638 -1.7933279333517724 -5.057273518336396 3.2919490329525836 -9.264828110595001 5.35709240909992 -9.824130012909961 -3.3702694192568217 4.314099671432272 3.1953823756286326 -6.635569798444852 -9.359301187437651 5.730093266500999 -0.20312705474683845 1.555115652309162 -4.067365126335265 -0.9476260891593249 -3.9857836815013954 -5.957301018345906 -9.215368223978025 2.7790167251164313 -2.375572138180491 7.021676752254805 -7.2820401011540365 0.46782703526410785 4.167382210046473 -2.4875750828249643 -5.897813581639038 -2.491538746075226 1.4318264801747738 0.973293421426586 3.4215274441159256 -1.2663945153836806 -7.798812673499411 -4.869173232292699 -4.981427655784647 -0.6068870550978378 -5.694156461194342 -0.9147792911098289 2.275698636608773 -8.339942797818098 3.665222752049065 -8.313571115990717 4.731429344544715 -4.620824035202398 9.760453876411404 -4.400417071558518 1.9512376576814354 5.5334831705916425 -9.144914633046318 -0.5808450028085321 6.726248655923982 -3.9424732816674446 -3.9346991300238905 9.98929570131558 -3.038209371091267 0.4561971656212265 -1.9201722194138444 4.3657737057142825 -9.96501021036189 3.319118894050355 -1.2778151263688091 -1.8570854370479406 5.767515089099579 6.5157159908223115 0.4472685079043366 -3.7381679024026955 -1.0736161521775518 -8.820482431443766 -5.3902866672727745 3.079977384881502 8.783211037163575 -2.7623723527510506 0.9102108941500155 -0.5311125493059503 -4.3095852688361 -1.0874302156356883 -3.4493704320553986 -3.9713603026756843 3.6337330327942894 -6.610399414178934 6.573299493830714 -0.6502240641047585 -6.896429377239586 -9.508564937540097 0.6303906739819531 1.6299421482260534 -0.9109834796576202 0.05830867070990564 5.529764423006707 0.5913896001435432 -3.5222810580708375 -2.9517100034405424
2.4026976050165967 526.7090126713562 -7.045168649040495 -6.402865556088568 -8.970687332483191 1.0989689096513438 5.854174620026431 4.597361379001178 2.0539700424711214 -5.074424703082934 7.548630733133415 -7.342442486805492 8.864623986473124 -0.9989438567007554 3.6478927580973863 9.520652966599041 6.160394190616 -4.656934887436677 7.687078797849555 8.37806970984002 -7.852860711898268 -7.7919543671717335 3.0149410534295313 -3.2045219783625782 -8.322811779809198 -7.223334292054808 1.0104312508613624 5.12501182564613 -8.768332759497905 2.181639188680375 3.834709627031664 -2.4047826497563074 -2.467809013695785 4.1968306688951 -8.209764878249224 6.781039218849376 3.0203303938720776 -2.219179163648352 -0.47432013127338735 8.737899667478786 -9.392430850408196 7.106576776930499 0.16990537361699154 8.043704974432323 -2.1151435428489096 8.170272229567935 1.0444977759285141 6.639720293615543 6.695921061633186 -4.5291225678179465 -3.051751757725749 -8.736953813197895 8.600015991364899 1.8103376494652341 3.5069705848647903 1.6818657900358112 7.5313269253730475 -3.6903446003448774 -3.887219053236752 0.29007088417771776 -6.759730988075498 -9.219477279675619 0.2922965234803687 4.422677466037388 5.8119997295645565 3.579661952354556 7.3351472742272925 4.660565098015891 9.775297449906741 4.501501528525827 2.9429288116738146 0.45040720430191783 4.105325398293175 -4.516216500527901 2.339249101682226 7.60728912013419 2.7084303707221853 5.399411388192467 -1.5109334156590144 8.551325436167655 2.869962208551062 0.6171653817848384 3.6891601387282407 9.753693956275729 -6.372419689391313 -9.217275245904775 -3.826863302665986 9.600535852883525 6.936501769008693 9.994298261568705 6.422556907742553 -8.469584238931084 -8.713007839836672 5.214520456149266 8.314552365175828 -2.719797272267039 -4.518647903303334 0.24175253766100013 8.90581181948044 8.568991571624242
-5.698575748249139 -8.068244449528848 551.3340033196104 8.788008498816687 6.960085007602778 8.766138140476976 -4.145291193182318 -8.431611727719268 -9.066521541372573 -8.108109724889568 6.655162803922895 1.8465641872745326 -4.540599659041762 4.389941208674131 1.5384301998836687 1.7664818654655097 3.5710072270450652 -0.9190249920648483 9.82435954583244 4.732077173650895 -6.941990231814437 -7.980421879852704 -5.0848880238967205 4.158155531671728 -8.987946787457773 7.391509273745541 4.9827787359891715 4.170656902558314 8.633905893876054 -2.4887226775644127 -9.177584895280965 -6.5767335827878775 2.420775282188414 1.4941775970731879 8.683902902656442 -6.292699357801805 6.4529285552419395 -1.6053478955785252 9.334466401639094 8.157532964009974 4.419357518835387 -3.245984248635989 -6.191447829666337 -9.67646233306221 5.111934857000849 2.7470313569480993 -2.8718604437981465 0.5581440311525299 7.616262140054246 3.799351038435381 1.8130516643008576 -9.638118252599563 0.39705210840739014 -3.9324645282041004 -4.770717299033049 1.1956044388493208 -5.43997147728496 8.952185511100165 8.49068532044716 9.27833435821579 8.573348546202752 -8.357121770880418 -8.055803059053773 6.704145915889924 9.034077327085143 -8.04797613940988 6.2319359169397295 -1.8197524694078986 7.170718046070942 -5.875593952947725 9.90202901658597 -6.940694390325217 -6.7347886507910975 4.488769931802052 8.522323700526702 5.174767907157483 2.9632021164813533 1.5479541571295243 -1.5068530197063463 4.4499894010692564 -3.1359383650475507 -6.690627933681879 -9.018457639321056 -5.730581240016019 -3.6884354783841466 -3.313882332771943 -5.897854878802018 9.29273474308032 7.05811959187821 0.2444081378223366 5.961696501265122 5.121756550478096 -5.5087153702986065 -7.884634711633192 -1.7034420779917774 1.061556506188916 4.115965101192922 1.493222391899522 8.995314312599273 1.0594721622741297
4.672591082042427 6.699166109750912 -8.437789425394923 493.3378811779658 5.70109717820692 1.8515007463858986 8.1400336524819 -5.5664492252084985 1.9874857209500423 -7.968746755315779 -5.427285215226441 -5.37710244132229 -3.254851989566898 0.8162563043533346 8.606983207645598 2.660859591244142 -6.092595210268545 2.336460963187383 6.7936734668494765 1.8491129390079237 -8.291591837879842 2.6369031745287597 -0.44503742394884327 3.171015123138943 6.803491929581785 9.564007904916117 9.18211498605178 -6.5117253820764205 -1.7441790835206277 -5.9922393648668155 -0.5677245144678729 7.989875233788251 0.58025109428044 -6.057511619088308 7.093853062137857 -3.9333048479781247 -6.286977864113612 4.9227608783913634 -2.5642028518549704 -4.07347806115439 0.4778444150763974 -1.3700082831148581 -1.1513894713277786 -4.9344870676642305 -7.245439542707219 9.135159617869103 -6.900276159347822 -1.4966473212715865 -2.1650832444850803 -2.1459521458443938 -5.0006725213448355 9.882168910941036 -5.724620208431446 4.4190116563015085 6.906615234907456 -5.0347492266917415 3.8622172029821087 -2.676522637504968 6.634820783596723 1.8641287666390376 7.094215341603103 -8.081147692433925 -0.17194494972162566 -4.4929453999158975 -7.777598612089731 -2.460838950114561 -9.026741160233904 8.585091391833263 -8.574807306702045 -9.99120833419164 5.203063025682992 9.4862304121622 -9.051335321109537 4.2291966814957345 7.736168957331124 8.751814481188639 -5.725836560758868 2.3029631588819495 1.706079416923199 0.8779375928320565 1.274674769776734 -4.331733624225221 6.638194397995747 5.365109198665941 4.11759040755582 -8.810468521459933 -6.889051811432598 -2.855145830499472 -3.9745206900105483 2.865581365993302 6.929075783903013 -2.356834564759094 -3.9138995237824687 4.375700993142173 1.5706985599782044 -2.565239571076871 -3.789628965463592 7.039138747621273 5.094961462353131 1.8456865492349124
8.11770576487477 9.431654038278001 -6.781889161352705 -3.5323360862146824 484.23866297838214 -4.866034408011563 2.1728529351364028 9.551785003951355 -8.22382757049227 5.241444463259038 4.2588284954086415 3.794547915176633 -5.9437350746185995 1.3227365487425828 4.600928304013683 -2.7933898815517306 -2.779767518286027 5.00150266390078 6.140818959300859 0.16976031291140714 6.124689751598638 -8.075017858857244 -7.27113538504939 8.605444268280948 -4.316398431841724 -3.3954556058154717 -6.707748606473272 -4.448423333871068 -7.533043588155344 -5.309426994288538 2.261885238171107 1.9207423175556357 -6.7835660056520215 -0.16057035751915372 -7.797011800836091 7.00490661578117 -2.2400877833946042 6.210422975038789 2.2362123638844356 5.470816146082827 1.9311215716167318 -7.619149538825605 -3.4613837246284085 -1.3983630786799583 9.567864277024164 1.1496759809826091 -4.549099102838666 4.417907868794931 5.078984667622695 -3.9533030381233925 3.660402453921911 1.784193900184592 -0.168614509713489 7.472107864561153 3.8038551319763627 3.90102774926895 3.8486033752468707 -6.25348844927027 1.986410467273906 7.401081146744023 -8.679805242727056 6.784357648232508 -4.22865295693337 -6.125193426851439 5.169370311698103 2.389029836720436 2.538697639144079 0.06539934958748361 -2.991142226761623 -9.661500305028385 2.9474979395610905 -5.187735374290781 1.5025229310728854 -3.5236993952629607 3.2706529131300233 4.494363418097699 -9.821265036487715 -4.843599521046855 -0.9144663117578293 1.6004023471809443 5.800974494703814 3.822822576186205 -7.8932862647466155 -8.054677574401104 -3.964018913225109 -6.10154057497385 -6.912372818897461 -5.391049563596722 -7.877432004447842 -0.6243986475765002 1.8458878709108877 -7.218748422635189 -6.57311949817128 5.784308795392407 0.8871523871279141 6.866954203383074 -3.122760897254908 8.441159588874225 8.283637890099428 6.820668279407116
3.2917028968153126 -6.546067185061761 5.393613517237313 9.815926088990249 9.630359993292817 558.4337995504567 1.9973940729800788 4.500804353259033 2.708268737026465 8.377578643195896 -3.133512210360257 -9.621633066745076 7.78776921500171 -1.3243133671470435 -2.1250390470292224 -6.111881568164616 -9.750900818289118 5.060018400141001 -7.296976905366257 -5.889570421196291 8.142699831051175 5.651837843331183 -7.12730986804184 9.003032166678146 -7.355952257915139 2.2911892820915885 -3.3400727389158114 -7.177322718489407 9.882148912531544 -3.668523313499241 -8.587206559549706 9.078825400420914 -1.1358800015098325 -6.146871899148056 -1.2159353949402494 9.924929662915591 1.0605362004064247 -5.4788064888072014 -1.7131321801040684 -9.48124631789379 6.876792323284587 -8.897174957712014 -0.2472241673612139 2.1651070130962076 4.34010250185664 1.6591488223007147 9.196031523972351 7.95733941240654 2.9299428253613407 -9.442387364992854 -7.321829080254099 -8.166930769726324 4.612704129358804 3.16441015315508 9.426109781485206 3.4566168057023905 0.7167580858244378 -7.977432542753061 4.681565944731007 7.830817659222291 0.6452491056172232 -7.021836969169488 7.329017737223246 -2.4167082976715415 -0.24008690235044128 3.162770908704511 0.2619079285942938 -3.784451803532729 -8.713872838570722 8.510067701349787 6.423419402154451 -4.621843476099494 2.10172319676267 3.6394209544629277 -0.6544638226321915 -8.914244490839744 -8.578941782370572 -3.5252760311689713 7.319464753318179 6.062535014885729 -1.0134670269432373 -5.745493510005915 1.5914086372807965 6.3109986161924 9.93121485796345 8.802729665970514 9.933914262686969 -3.911915103330543 9.360012987483024 -5.4704128551772 -8.551404398822163 8.62740640005946 -3.133706598189036 8.577228326372275 0.5439600495941495 -4.39283480245487 -9.672035895554199 9.598118443138365 4.987680520629979 -4.394573795353118
-7.715286389293614 -8.373023234249805 3.0321776725995857 0.21719903110814442 -3.812643193908123 -9.225341737101797 495.30909009958833 4.393610984810518 3.4933371283310954 3.046578946022386 8.120456716608043 2.1497902911727955 -8.261901579222029 -0.4786324200170373 -1.6940551663967014 8.77849932006814 -7.378897303299858 6.33803646274378 5.835465976157524 -7.184945269855754 -9.714889383430705 0.7395221823865139 -2.2873017880446938 -0.8757816366733522 -7.439169574224507 7.013203443887043 -5.781198593015611 -7.976870624569862 9.103633124240535 5.221164331799745 8.317533359162638 -3.9406998062235736 9.212368935198924 1.2944223485708335 -6.905913507127021 0.6372144645087001 9.3890291453523 -0.4828162998054175 5.701139966048503 2.1418143146268633 -6.0004236061548655 -1.3540701257834353 6.733307112775279 6.556058025576302 -0.5183001203365922 7.737326579759127 7.534541595478267 -0.7371289808238739 3.9069068292278057 7.4891233768659795 4.506997980442414 3.6687746808251713 2.085889313845332 -3.945822139629305 -2.0501560056667074 2.8318676672549685 3.0680214153920122 -2.50823732999228 3.595818973841375 -5.860910935342501 -4.734405967817894 8.012807589309805 -1.436842970418855 -4.755926377180408 9.082404892135244 -4.423186804071541 0.03442988089871157 -0.46660518836394616 7.73123470545174 -9.942892215378492 0.13939931816120144 -8.539187996402898 -7.724719700791947 -3.1858970913088918 2.347050141369685 3.450034097730734 -6.521919490796677 1.5867786986783816 7.0743534794101635 -9.995799485977876 -7.581705488697635 1.2043847137130914 9.558866994036233 0.49010701340384166 -8.285221380415212 -3.1021889271281484 7.971413884045674 -7.646276076211597 -6.1678438151197295 -1.3409529514098644 -5.927540096525929 4.2832529103951416 8.305264666510848 7.0161098260543895 -6.737513450002126 3.773842270154244 3.3113784959251387 -2.706142751158178 -6.1617003368157075 1.7397272825383308
3.6339220645651356 2.7620546707946083 5.832043970528318 -6.719884099139399 -0.5649350327637741 2.09793825578625 -5.1978344223400175 442.7445510256455 -9.634257805948634 -7.7535832300837315 0.2774272291701756 -4.731383702261887 3.2631833662139265 9.052534825845129 1.729783784527374 0.9019423518744638 1.1924594238915365 0.5256527075314583 -6.973237705870432 -9.82022304432675 4.311572432073449 6.262300000862158 -5.091042595882993 -3.940776068993001 3.4927186176828258 1.771194803003004 5.784830882972948 -6.433162856240675 -5.681221624051737 -5.787798609416479 -0.825410490347009 -6.363919511851861 -0.5417599875602601 -1.5382419185152756 -4.110301224928925 -5.554357022387988 -0.4861644694933691 6.491289257170546 8.551687731632942 3.00901732006162 2.8276247671589623 -0.6864450244767273 7.851027727979812 4.602475355206913 -3.995271639348963 4.813611950087015 -1.8891568129379692 -4.280423023805495 -3.139345113596958 6.189182776573276 -7.336687904589086 -9.444136408519038 3.061115584593992 -5.995692881950159 7.179912436373385 -4.341675644615393 5.74395492952786 -8.138810802603654 5.2686935304125715 -4.499748951036482 -3.2865323653060603 8.16864547701583 2.456438290314189 9.878114031003488 2.4365345716021025 4.558708884346705 -5.093486242996155 2.4697906515840025 1.5325166029760435 -0.9142084076270294 5.807963158916529 1.9399822535380373 -2.9370977174319997 4.3551808004946935 8.459141553729445 -3.4193342261745396 1.3421864488644317 -6.64813733325407 7.986417052429843 -5.7481482751437625 3.5393456346333885 -6.402118345872754 -6.846197191423182 5.933951689815423 4.286983956774076 8.399483652781726 -3.3670948926541344 8.054426674647026 5.7097829890020755 1.6784227305646837 1.7624434891402707 -0.19815024004535786 -9.169288172080725 -3.277778966988409 -4.584151559746948 1.3476637852138502 -3.206583337975795 0.018921332646106848 -3.4069444649465037 -0.12055305914275394
6.167325047923676 3.159481985132622 -2.8810420988977636 0.9359525649266569 -8.799538693205742 9.942561423853306 3.9039206414739347 8.73414860809185 527.446743069936 -7.49326036215451 -6.155545088142221 -1.1013554422348175 5.036632055709887 -6.276390760595429 -2.033072805173159 -0.6795949399603689 -9.144083115368007 1.4149202791809063 8.881906531943436 5.826883972489876 -5.873414674973974 -6.389237073759222 -9.779459410192537 -5.07832967454219 7.892287819138687 -1.9257573234330838 -4.440540066078009 9.409420222317276 -2.330726661446869 -0.8775725797002849 -9.58935100950669 3.7281594515489065 -0.103641039589359 -7.106685417812432 2.8256294238489197 9.478360086644646 3.051665054166646 -6.212870873374747 3.3499878094462368 -3.06093322236467 -2.158382923269368 3.114280616127566 2.2630076966373647 -4.691764367438043 -3.3293403232423895 4.70948967884037 8.113517784643378 -9.367821533836674 -2.1380750504027617 -4.889946738339841 8.165303028660912 -1.0274785866414522 1.6532679578643155 0.08793396839213052 5.069126038407104 9.65517885723547 -9.97512127945047 0.8409860876663426 5.042334423785448 9.411520700229214 -8.677728632718438 -8.34641296793994 -2.2219679605605647 -5.178662672447805 5.461261995743225 -8.264191194463471 -9.875661648745105 -5.494690328019665 6.968018753759527 -2.0004689082691973 -6.694201783835769 -2.2596563679638653 -5.21097351349193 -2.296061250379595 -1.8960912459002532 6.399293828818415 -8.878128088037025 -5.27726562519566 -1.3607684051378008 -9.814762989190378 6.195452590217421 -8.733106387030272 8.680708001532665 -7.180899539538008 -5.910323047774472 -1.4134664470220315 -7.848824883921992 -7.8095466357814525 4.532558262518144 -1.9908949380906193 -2.007436637274658 -8.55001695162796 -2.170962678932251 -3.0601216331396834 -4.509153764654561 9.30152099739584 -9.556041851194205 8.476858393073321 2.149996187966096 -5.658920346325393
-7.52733140829662 -0.28505522726453414 9.075460884576138 4.990704211825214 9.456898195710984 -1.715050095025596 -9.892802648301792 7.978765194680591 8.015835202018366 529.0705375558377 1.6166497028792577 -0.5237091889188683 -5.368193545379343 7.696356219172301 -5.496335078849528 -0.5919207144439635 -5.195992480000706 -0.8047800872777948 9.515441911293458 7.883676156013205 2.454991771657248 -7.487567112509104 -9.654501227564936 -7.176055869216718 -7.33101190155538 1.7505341204947165 -8.187137552022383 0.7842837491337651 1.7771493345801197 7.2430404710782526 5.230036538706342 9.496009130439074 -4.742308810420724 8.616867033910484 -1.7214030475490034 -6.48671241205008 -2.237020170621948 -6.434256678952012 9.12399840936661 -8.40795406871409 -2.1490633683909666 -6.603267218052034 -8.0462391933069 -9.256563647381565 9.085636423882633 1.3890890940774163 -1.2216969711202061 -7.465463671316826 -7.612536132447905 -0.9795237540556307 -1.2453869482859368 0.0748010748169996 7.346535408695157 9.3289223955327 3.773318055858878 -7.085932534858495 0.24385749179682747 7.273923531408148 -3.3824980089608996 4.755947408711222 -9.941403358216071 7.97503564573114 3.3736679743771862 7.403483485701777 9.238689946167462 -8.87288597436086 0.20851246812698498 7.963513100875581 3.502656299720126 0.7000622984035978 8.706976055778075 -4.633319796112946 -8.588314592891509 -8.09970032137641 6.285468863265919 3.512772065002391 -1.626098500532148 7.140931569350823 -9.999085013682647 -7.4626528493239945 -4.0373572126808455 -7.801458916934547 4.717113138813689 5.415197189112593 0.7553731545824718 -2.3487131566304775 1.6836364812213738 -2.320509910898066 8.250748304816053 3.8972747000046404 0.8720168307857517 1.1206890463780397 -2.6174199537794784 8.440954871574608 -9.599623656439949 3.213484222794234 -9.099010978319273 1.9759046815848045 -4.07219146128994 0.7671800572919025
3.469775063403471 6.87292353308813 -7.661452911459374 -6.89366166246014 9.503443167071119 -6.424836096151198 -0.03206213603722752 -5.158573370827817 1.4533367351214928 3.2258439597784623 457.89269028779904 -0.784167662798751 9.09640237862694 8.812415359143294 7.990475811402543 1.732628265001054 -2.520084161038074 7.1565507906956825 9.770534788483001 7.304762546539308 7.233451194419505 -3.051860379578537 -6.351513326694517 -0.4501507308344941 -8.648803866016614 4.32195283754778 3.0960454325595386 9.198233136488007 -0.46357675614055793 -0.0232699676114283 1.215787558628561 3.7924468124224493 2.4162311750830767 6.381456043733081 3.6230150473763736 -3.268522761812007 -0.06421897250104891 -6.5919170771283575 -3.550592769645413 1.442894754802042 -5.261420640203765 -4.466398608485358 -1.5655468611485475 -1.4496153230726598 8.743375986901235 -0.40178182126587636 3.7571890590302743 -5.716053524026135 -4.647713506019501 -6.5474019370834675 -5.761161104292832 0.6533899865924404 2.9121691891940404 -3.209982036450672 6.081150753564039 -5.240013408645455 9.32376076148148 -2.496590561093721 -2.4493787472188604 -6.37853825194828 4.859308357271761 -5.266095949219531 -5.92700218007071 -2.3144046005076913 -1.688215053037057 -2.278087339506696 5.6851110242371625 5.700210532972076 1.3959559223779898 -2.487348460097582 -1.3121158320425526 -2.841868038462964 8.539856965496714 6.253177334409216 1.3592464619848386 6.046684867209873 5.797605487549591 7.352086118164735 5.219106285165989 9.809259428137292 -2.4417455405082595 -1.051030519683227 4.888349078915153 -2.5373785653284475 1.347440689865671 8.900919736545735 -0.20358785534332924 -7.981955124824964 4.33612061867057 -5.6660565744454505 -6.712089657489013 1.5849453051155677 -6.757280562536698 8.891555795566486 7.187318276370881 6.380175826714925 4.870477086960058 -1.0457650780876389 4.053397596881904 8.796754631610998
-4.9340792116642795 3.069782711274465 -2.7746979583116254 -3.4925050902621084 -1.9541769913692146 0.5197570956332953 -3.7673236092215534 8.99046326000381 0.7411144200885733 3.904125145124146 1.6617333546235038 461.8910881773467 -2.698398431018852 5.909492086773977 0.9723298702482772 -4.556829260023372 7.846318676552144 6.0150608653008995 4.9463208926107285 -1.8332016937449467 2.5576187817500866 9.18539429773151 8.493684947750229 -3.814760409372382 -9.320776223423007 7.732661873709482 -9.575828192254061 2.9108825020242293 9.625316972833026 -4.510561442352032 -7.264432228163244 -8.271209506673149 9.141943215429702 7.444602430810082 -3.1893581174257317 4.2687026047893735 7.678247112580799 3.751543257904066 2.2540829336000083 -6.8417252109238085 -8.598787718365804 1.170394559080961 -6.808272176151624 -1.7743014817365506 -1.7256708251469668 -1.0519301344104708 7.965225709789532 -8.232369835164903 -2.8455829868439224 2.098254523977367 6.46313573161947 -1.3926509875820088 -9.114388519093568 -6.523004380272274 -4.0270109029499235 -7.303049266937871 6.241332332732668 -0.7090695755660867 4.879106660995998 -4.392396759631508 -9.683816897414587 3.8553584250585065 3.6714360962946344 4.78697609939559 1.0390166615527043 2.1714658630905213 6.410221547016246 -1.7402413696119208 2.431020020320201 -8.48229281324535 6.148937932406888 6.745816566601974 -5.482407729991654 9.851653972624632 -9.932542358567089 -0.040402773305734385 3.8777565175036184 5.27118998420875 -6.03278806080027 1.5197371012614695 4.194164736127204 4.648773120089357 4.2377887187614505 -6.441833051338319 2.0426438242224148 5.29850547556881 0.7607833229211778 -0.1536333633714122 2.1076171584102017 -5.694284088996269 0.5348962219049103 0.031149594301385974 0.6906284073719 -1.612118938000025 3.9185603449716933 7.15650209985246 -4.916002333955303 5.328469882352254 6.9576476142506465 1.4351204407749094
3.0885645553548073 -5.136380698765926 -0.45364774473101477 2.6007817522271726 3.552075559973085 6.301034908645505 9.234977231782054 1.1564506934492371 6.081819002905469 -0.8451406561599484 -7.720219893572658 -2.982115183476111 522.3316456068573 -7.215812284495069 0.27055660024353223 -9.829339111518996 4.6317848227151295 0.05385724753859833 -7.18578775007602 0.6176525823341095 6.605011431905524 -5.316439015756282 5.6127491489092804 -2.187987961499731 -7.220733246490687 -9.59591175464854 -8.728336004762758 2.840329029197866 -0.7070770128066677 -7.297467644931257 -9.89610551405373 -6.939334997757703 9.947326085953112 -5.75373795705723 -1.1413006524051568 4.942947430632739 9.76344774427061 -8.787451799240698 -1.644825970867192 9.475060771629224 7.641315693372487 7.746152754816688 -0.38052659273494704 3.0971610262677434 8.593470569603284 -4.166258274056183 -7.668803824545338 6.0271776758996225 0.6841024455067828 8.693767012256288 -4.781970682108758 1.5784795794601365 -5.0443337213830475 0.23159376862886205 -9.225330621081051 -5.387142371294511 -9.420516700763779 9.615660388203732 3.969687722787917 2.0266461475196245 4.658491842909122 5.887657502286379 6.631639367284176 9.076614625628899 8.876513741402306 2.1561835725674214 -1.8882459313470878 -7.3437147700561685 -5.410191670669564 -7.151163731950263 0.12471232824160516 -4.452521597968024 3.8202931611954227 -2.589938542548344 -4.920706226138732 8.59975159708188 -5.1316140672441035 -5.299344488851494 -5.4081733277834605 1.2014060985753687 -2.4882257044114304 8.438970907104764 -3.153615315304501 -9.389435940910126 5.7645558871128415 -0.32828769275118397 2.0170073593495133 -8.765460232160802 -4.88920904870551 1.459707259449921 4.895646200212047 8.976676936666173 -7.475459643119519 6.472027037834643 -4.548743365030806 -5.044458679328708 -1.729237310560876 -7.088745571822099 -7.878698611546904 -9.761128473480197
9.472141292914944 -0.5611940820345716 -7.653640018914545 -8.668368701148829 3.5831130726293168 9.296553473767283 -7.160527573414059 5.775569857522541 -9.258027012442994 2.308884763633184 0.20418783690035625 -0.040919170824736284 -5.947478142428528 544.5723431510881 9.915654737086541 3.6466071199729218 5.446510229878886 6.823196748120214 1.3652299398498897 6.271947908293299 -2.431611205982966 5.513970751699961 2.618388702412126 -0.1435644228446229 -7.988963464613366 -8.239637237235687 1.0151612831244066 -6.845808122000108 2.2230932463135726 9.524948864386559 7.744193501016635 -3.6339462872811463 9.568844059598817 4.590999047305708 6.876883351579998 -0.25324777025995004 -9.0246087244234 -9.183424468831811 6.277900215273743 -9.920588494610998 1.6952908204435868 5.840205261342074 -2.6866273450014555 -9.473597396075649 0.022023424551750992 9.671440912134802 0.12350394219218686 6.64428404322766 8.432241763390774 -2.3988845525639713 6.051893875946455 -7.752501702546342 -4.900160459108934 9.081684627206073 -7.1919474158466095 7.41210981038391 5.85430988887863 -5.147195658378607 -2.6616050876980246 9.863640645394327 -1.3728370907969296 6.590868327546858 -6.579208499334721 -8.894023565816838 -2.2480510352812866 9.12093386278545 4.36531020906493 4.413484036484562 7.985576053618285 -4.69748950281015 9.561143083114324 3.3932042331492003 -9.508840150336388 3.0308287804390677 -4.3307547092300736 -5.250478415977522 -6.552084042717794 9.916045433567785 3.3831412186121153 -1.299577060490872 -0.9880609716046767 -5.128213125699663 -6.101040573481007 -5.9114049404683655 -9.759033779815812 0.7411238389880115 0.7658134438106483 6.061296761157088 6.516272951870739 -1.5684945463162325 7.7882364226836 5.171688014365227 7.561556182227946 0.4612525561625773 8.849524394998454 -7.438293705347729 -4.117602631595734 -9.7878670195921 1.077196853676103 -4.887716770927004
-4.541300907695057 -4.289404385248092 -0.37779903713422414 -5.685988428446683 -6.921322758133785 3.8332249802980662 3.0562036979010543 3.1037151469466657 0.39485242881021776 -2.5470150958553894 -9.289167367703131 3.8447398120884575 6.8891488749100915 -5.6625105271287035 448.69375974467596 0.1785118489619002 2.7140994213258622 6.57944345131169 6.438095995387304 5.199798765727788 -9.26934239446901 2.196216824925891 5.869468186006806 -2.092241399635073 1.0058431196776745 -1.7636479687991535 8.310603283311625 4.927497281969888 -1.586409678610238 3.875361654512595 -3.2438401317081826 -2.617850579051191 0.3001910977566453 -2.1759956094414523 6.218687767111064 -0.4696458470976861 7.073732838352015 0.4990424778834317 -9.129125320627328 5.058171072030046 2.202566547660304 2.2835649336078134 -0.7584908151710366 -2.118410306429661 1.280451139560716 3.871493583325927 0.8425045364656469 6.717231617467203 -3.1209154091614932 -5.397512494266681 -4.597360540095352 -9.192585329328708 -7.743365374455973 -9.35924767940384 4.003965218585021 -9.481123103614724 8.832977330354808 -5.120351622599553 8.842827974461532 4.5435458885731705 0.4593284386839116 -7.484301719959063 6.81294514388075 8.775050458459983 4.346012902742519 9.462080626330437 -4.374305658838235 2.4376762997450623 8.75628863771114 -0.022480378472096163 -1.1620238079796863 -4.304773328470743 -3.4910870909586222 5.387715932667664 -3.010665893140281 0.10418200914909015 -3.6057952558510076 0.8866663493866866 5.072636603421895 8.091318494696203 -2.1096832436681616 6.704477026980996 4.7356350838658265 -3.9576868584295273 2.9615384380635987 -0.6869693640225112 -5.978784893651361 8.701453486173786 -7.213218920213123 9.131710127804023 -4.795063712862026 -9.247723186354104 3.4686478840435697 2.290397818740619 1.8414627753256756 -6.609112256326024 2.776457996768059 6.477207212818335 2.660295199903718 4.911055106972942
-7.721165754474997 5.291793771909539 -7.764919766474046 -0.2540051734140576 5.811674303901885 1.455532371518352 4.017476141755472 8.683680018062681 7.116103571398536 2.3103995176359895 1.23327910365472 -2.8224391320678954 1.6416561160271037 8.361896478082535 1.4015861231198041 512.3429305844966 -8.229319713866147 8.051795607959253 -9.504632632390189 2.404852230947853 7.283442195019415 -6.962517313355747 6.230115802363304 -4.21364822503866 6.288912139510298 1.5142775614329231 2.811943221930669 -0.695825409191011 -3.224526010335909 6.724848505295576 -3.805151317524615 -3.124072607081745 0.2762844231535304 9.467187264174829 -9.692471201009624 5.376065525295179 2.1470664021677415 -9.21352530727733 -2.0837648392581194 -3.8815396184254647 -1.2780924910643758 3.2798130761244497 -8.570290756461826 8.046005987583126 0.05048707830715493 9.777303655187332 -7.7426521146466465 5.418709953612934 6.4646661734181095 -6.14254294347262 -1.7675078753627478 0.4507226606232777 2.5041319273267852 -6.072555240928892 6.211838603939995 9.409329820250939 -7.872971896085604 7.77320078514196 -5.410755239579334 7.345463455236342 3.7170654196362243 -1.5921331337983897 -9.760343595792229 -6.5611781191265965 -2.505694142430497 8.104980424925113 6.2002586561800115 -7.146473196893394 -1.875410193292666 5.1062577774709474 0.8374275603065868 -5.94419354533029 -6.9988007777839485 2.532387278329427 -3.909071889715994 6.8625656128949615 -7.014886296674343 -7.444398589021091 8.335656816852591 8.309283242773091 2.1101608332758346 4.97537388810761 -4.988435992597859 6.069156990275971 0.3391161812534804 6.041407972594033 7.229267182483408 0.9228594739590346 -2.877116305940408 -7.587756584634812 0.25461316931489364 9.781281155991113 -9.168425749774652 3.5865420922025137 2.272711206678803 2.3841905436968673 -8.167588804479609 -9.147863596148866 6.868788513807871 -4.414881886594168
-8.221656842490617 -7.5406564684901145 -8.726836944239821 -3.3519814311243863 1.2871453775082458 6.013471861977809 -0.49958022989567397 8.588762971331047 7.188752830235057 -9.221223091986538 -0.16677327318725688 -2.641496292854912 2.54414120339362 -3.6739059987330425 -0.4917535858382678 3.001569445176113 573.8975318445478 2.56623555779257 9.930382355581283 4.607912597861802 -8.958701275144472 -9.289352204681977 7.3212413481197345 4.349817600686974 8.343795119095883 -2.25712008385276 -8.145442038924005 -7.2064985430344635 -9.716884671306518 0.11728045503639528 0.5685641750536163 -3.56972038188829 -3.544232762008173 -8.599804585901436 8.649937695829987 -8.853026580776035 3.48592384773265 -6.4548300067723074 8.84503899027224 9.84377166160489 -8.541051563996568 -9.286127021009978 9.421059292268996 -1.2238729696717847 -6.078020704925747 3.2557260487983815 -9.731402589906388 -9.939310319754156 -8.37985494151117 7.164870987360121 4.67626349494974 9.120204694352804 -8.345998678219162 -7.808113095029958 3.683928409890287 4.902170572349716 -8.724786293144673 8.335669994487368 -2.695791684811219 -7.067572529742597 -5.932231244480979 8.811152319318396 7.80277631414711 1.6142264473210268 -9.212852328400027 -0.2855256989492734 0.5205987738943048 0.6544602070630408 3.062221141561931 5.351514565363978 -3.536424424570768 6.206743294489545 -2.6743692956848424 -5.079153139727586 8.148530137204158 6.59551513620611 0.1756749457281508 -9.607938809193758 0.5051178051334748 -4.3825284942450216 -5.842962840101755 0.8700090731720866 -8.723712045683168 -7.084229722956373 7.848283308655152 6.4952663069622645 -8.899779977297237 8.226531855820717 3.572635928350712 -9.612593425882297 6.064701183281798 -2.6478685472497654 8.941678048251976 2.0166513107840967 -8.009253391856037 -0.2957998631032215 -7.058836827460935 9.578635606459013 -2.4232491799149862 7.996865430473459
7.837674104965252 -3.6804792884238164 -7.104885927117028 -2.871967367941579 -0.2392580731257965 -2.62575041906417 -2.527546287086606 0.6739160751739792 3.553935206518693 -3.7144738008144706 -6.855688196060578 5.675411357796456 -7.202399210442209 -3.463714259768955 -2.0050073679294904 -6.007503447479352 0.1611998320173278 474.62844220056274 0.6576563222218557 -2.8262924090137336 8.973537781414812 3.6400774576559307 -1.7196449223857933 6.022608342990395 1.6764936557752534 3.1986227600522916 2.8740551201620175 6.701748262135073 8.952086383135963 -1.791407965257223 -3.6067638512283473 7.404293615086797 0.22213479566720196 5.27502352476542 3.3688236694252716 -0.6910414196447796 6.981868872565194 0.29103887036044895 -4.531202332051554 -8.285942028024484 7.964567537187548 0.05062859452653612 -6.120714714587687 -9.78519993061389 0.529376253120585 -8.860882937226645 -6.31348809229535 -3.0809179979541934 9.67218355697689 8.453341187695205 -8.334610252327618 1.2632868933945005 -1.290980856023447 2.057142997591093 8.565487227423588 7.301696581905247 2.4417678909019696 0.25908202608253283 -1.9916718789150174 -3.955038714239885 5.273674980327414 3.1715510408206526 -4.094254862166249 -5.24758320793834 -4.113589232949899 -6.293908310827985 -8.932547780331193 5.67941132802032 -7.702184618729808 -7.2865784656435935 -8.487451272679987 4.950435542399054 3.4590837693995304 9.750748755162682 6.2598938243399935 4.069624436627377 -8.665158699384177 -9.573234960109161 3.61668187330352 9.055993162055152 6.31832392977698 -3.239230697484066 -6.119856464911388 5.984922694239117 -8.753562572152768 7.492295703432671 1.2903543470524 2.91150740332348 2.146713104512237 0.20092237854665562 -6.484919049711619 -4.795182749404194 -4.296780533097014 1.6995148142347354 -0.2963741167962155 -9.390120985898083 8.7063170543191 5.652397082532497 0.9414047892362181 3.167906091133691
8.30621543759246 -1.77707236104483 -5.575754010154645 3.8971337734238887 -1.6245399092039658 -1.1460272850414803 -4.3541099583866245 6.48004770358795 8.391594323953939 -1.1888085443579293 -5.692081486914116 0.35734381675305826 3.334151493128985 -5.456694372720259 -0.1783822661213854 -6.077792943819526 -3.770100743115594 -8.684695820035675 523.824683625078 4.795793941053638 2.8001324309545677 -3.0597704783276374 9.295648276388615 -2.865050546969634 -9.360168524982939 1.2219847774647352 2.9609322517644365 -3.6237084637162624 1.110909659109323 6.513541954523436 -9.384773805081217 -4.633506480209393 -7.6750422997534296 -3.608658918972245 9.844727008724387 -0.11139402246894647 2.1421814181549337 2.440670778375118 -4.870951157829664 7.273145371417002 -1.4014430573197227 1.6875012815250088 2.438029270056404 -2.581629556266398 -9.67707985514725 -8.504963558185983 2.238306943385485 -9.447175581375713 -7.480263750494338 -8.86803334340819 -8.566559732483805 -3.038249070176673 -7.882922637836682 6.421928942899022 0.9188933239634522 -1.5069790654122528 8.226035286505944 9.165668221941303 2.0613978860669455 -6.404678094218048 -0.8551231496103107 9.62107020942815 5.569358051751866 8.256278364990614 -9.164278845857147 3.5324624728056477 2.699810213413219 -5.086998735372445 3.9243520512306045 5.90350458622064 -6.46370396190592 3.4128112785058295 -9.222180506766971 -5.545234452942354 -7.610974261786138 7.81605143769983 6.622058292791305 9.421510392944668 -9.696520379361859 8.280219974372727 5.927708393760174 -8.531209548894186 -3.554488857105178 0.779297090835323 9.902239781886834 -1.586196128954139 4.343888766481852 -9.872688142131993 -3.356932168409905 7.481158767049049 8.963908004216009 -1.2145299215584693 7.91772659171248 0.3737727203856327 -6.393340556835634 -8.151508360129245 -8.872913635900453 3.5093249425661845 -1.8642122382306265 6.239975735260078
5.494172482039819 -6.999762380760455 -8.483886733977744 -6.960394647205737 -0.5622048729156859 9.709217530509122 -3.8317306562778946 -4.424889907352803 0.12942015177730148 -8.535247553909075 -9.057942254189461 4.424829894132836 -2.0976797495260824 9.169499725955646 3.8678007365375677 -0.7351726082218519 -4.147929855342685 2.7821955737671615 5.804008292454856 512.4717753361284 -5.717034562183818 0.4039482198639899 -0.17637689554276292 -3.064645205533165 7.818476690429918 9.611400109052987 -0.6462858038576176 -3.396814768787733 2.9359581378485355 4.362279188764459 2.379390609277735 4.087027905315503 -2.5246359674623537 -1.1164445909839849 -4.429155738933359 -4.185414908616501 8.379581135527019 7.800175477539682 -4.033479021174939 6.742036604078681 5.817851307926034 7.612661817338044 -6.569988802608924 6.177502284229302 4.816356074319771 1.8942809635168807 -5.4880715314904975 -8.744897297404343 -5.719255024682337 -3.3567673764625683 -2.071997426216763 4.629036674040584 -1.1073686731904449 -5.854006642498599 -9.74375450815758 3.7005584719102878 9.247492513305701 -7.062591574500163 0.9429097060281144 -0.272970844088654 5.197832360429466 -1.3013880236603264 7.281707095384743 -9.093314743034988 4.098659032340883 9.095313174014752 7.33802750837474 9.542266571469792 2.6747053801436653 -7.175432242273363 2.0057704528990623 6.518800066877759 -4.737344287601076 7.546665881297233 -5.2737399321679295 -8.204914508108619 4.456796951526796 2.91324592024554 7.203980074791261 6.882721705421158 -8.853351182272242 8.806286584534824 7.691460448800811 4.480357396012927 -6.870366160295842 -2.566559533339266 5.744727550169644 7.463587646588486 5.7838481063860225 5.017547685553652 -8.846075715190905 -2.4253810321072455 -8.979384373930717 -2.283561769860021 -4.042478790507078 -5.15162869348627 0.05034635930613618 -0.36097475394619316 3.175056369331127 8.791106950759925
-6.711549731192079 3.1238165104420883 8.8505433119037 1.2080178552045027 -0.5316572383328868 -2.5994519456318237 0.9308698108302096 -5.038226939030097 8.278925024458182 7.659769639201922 6.4585330868633335 3.4530168096066145 2.8463908074493425 -4.257484823294542 -8.900245168586515 -7.347230872783623 9.759211475446811 -1.7857493717572854 4.624355822710358 -8.555600241898771 504.0987528846854 0.5413190981694971 -5.719448818772268 8.10007198261971 6.227821231231648 -8.849051879859644 1.140775742967362 3.7347614562618148 -5.760706830137772 3.3776334773883434 -5.329967874179302 -4.171415087471189 1.610534735842588 -6.607603684168907 -2.4688135973193255 4.129262100356518 8.94490495012412 6.8834587595940135 8.08435737349878 -1.7118582011371473 -9.836897035571168 3.209320807888412 -7.1624369356240924 8.047673920713699 8.652993182592773 -6.093098665780761 7.903229486641553 -9.933194600476575 -6.794419544081749 -5.586674245855098 3.7955984655662434 6.511258417087383 8.928072559450232 -0.8267549261676557 5.476088889489414 4.58748030396368 0.47949479813842544 -4.178773200986323 -1.7688761648292015 -5.56223286503638 5.836885346404825 -3.1859138915139162 1.9822436436016417 -0.20318778861293652 -8.28755218150269 5.075718004395679 -2.366773823311073 1.4549597259764635 -0.7309053006929762 8.001357775025003 9.568995782598716 -6.770814589675977 3.990807291719358 2.9948903791056036 2.0319136692286506 -7.539178569118707 7.815002920902 1.5648490645920514 -0.333999248783039 9.34536991133113 -4.799978949312318 6.855880437983984 4.467492675637846 3.2250513138384704 8.237842001765653 8.992654712012683 -7.476512708810626 -1.7442394043796146 -8.368837389511096 6.19726115541836 1.2963235599682115 -6.637330877727021 7.207101209701495 -3.0641638170604963 1.7067050169271258 -0.5441330047838999 6.8693857622036205 -0.4152544681059567 7.483749954571504 -6.181413233557209
-4.611140168815666 -1.1510130510797367 -7.39284394550303 5.185260003216406 0.8838275500867621 5.6448219477437895 -0.18749138302370838 4.42478957946938 2.491421527847306 9.14717956528478 -3.2721378426907037 -8.372674870256645 -4.2478560227245605 -5.191247271882666 -6.320909077962371 -0.8336538159042739 1.1356595230357502 -9.167850328697746 -0.6714780516537502 5.586919963211805 5.022196254018091 476.1351023021508 -8.185327180620254 3.373587700573337 0.4847118258975769 -3.952355880653853 8.9140390445015 -5.603614423948741 8.290874664017181 -3.731013069639298 5.172116926471924 5.465239751201791 -6.327528180996103 -1.9793800484452557 5.604518302344758 1.997253856405841 -1.5742826451184548 0.10513149783811215 -8.534432889129599 0.7486649850431419 -6.61281475842888 -9.521341190430723 8.805771011135231 -6.11790870748151 -4.624688083899491 9.844586599801929 -4.956464132518961 -7.40696722101613 3.7815973643018186 -4.2152374154558565 4.565508843571424 8.992810174944797 -5.50484414183027 -6.548812202647147 5.334214846201419 4.395394747418733 -0.6813063464651243 -7.34045633218074 1.9078125100462078 -0.7061320797278707 -0.8712303414287632 7.5567228330658125 8.951012450151733 6.760118797791861 -5.039622008931444 8.569798655645823 0.25925830504927205 -3.011675099341085 -4.761619612466925 -2.664771540655691 8.610068418977171 2.288350881451059 -5.466586771455386 2.804594639069208 9.178068877464796 -9.077652451797416 6.762812145284251 -8.96391890111743 -1.7686407430915096 -3.448738593564739 -4.687008701186748 1.23368349972338 9.899854575475754 6.043542028888108 3.1528691789250463 4.765150715228426 6.6934759266752515 -2.8743052306924888 -9.427330230180628 -2.902436656085401 -2.6325767201013006 -0.5886286837600085 -2.8154142254616232 0.8627824326302207 6.752419547813538 2.154274311971335 -5.367887704239463 5.621784999310357 -0.8995912500556802 -6.011193914735524
9.695880611113392 7.62418926512478 -2.3306947418317687 6.861619348410848 0.22326431006050207 -6.270505086788496 5.953771248739322 -0.05703660360555318 -2.8113420092621233 -1.055021191324288 0.060921545202241134 -1.2771874302658226 -0.48670489674092643 5.281144212468277 -7.2333339142559065 6.694915319533607 2.5517322944105487 -2.1042948863488586 4.747404726914326 -0.5567760282225347 -3.2766133174607788 -0.5442196798625343 497.2142112786522 0.03301919270958287 -6.0790794123403575 0.5033038022346901 -9.327533987997029 5.679584249513351 5.656729914132818 -1.30569480536073 -5.145363834892498 -1.0429229480804576 -0.29659217314592645 8.802780672030615 6.5213276987217235 5.473797840326643 3.5400518680764783 7.506468618989395 3.457386933874636 9.748171342347021 7.1873939104734355 -4.622766772763214 0.7581854311006495 6.5009169993332705 4.146407886779171 6.690168751676822 5.490636863466667 0.24223893909320715 7.123148627950094 -7.125772696271005 5.4751382637366 -7.124215879348856 4.704990228563386 4.927855234691503 -1.8122029517048048 9.946343608266325 -4.833632264960062 -0.9952514685621061 -9.211771683499585 5.462887535575076 8.456166504071273 2.837219640186511 9.00559348520147 -9.370141731498556 -5.362975550127489 -1.6028527258447607 -2.4617862938297996 3.01968604672175 4.905490695216798 2.3644623405234473 6.177056330171084 4.472671120017683 -9.978759772258641 4.785770908509026 0.07204632199629657 -4.553300845769106 -8.31739173942577 5.964640847769939 7.37010555242718 9.921621267830744 6.944514742673803 8.756122658079782 -7.6737667015235855 -9.649470333682665 -6.709926647779579 9.129062429531189 -3.234034051405592 -6.8474778723808605 -6.703064502293612 5.6156960710472354 -4.267010713663373 8.447851404395038 7.220130885053152 0.01810458089020095 1.1635945312281457 -2.7091122388171884 -7.024762707902335 4.931861900498847 8.72569649519367 -7.074100037768756
-8.324968895008935 3.7428177788109984 7.669649474073367 8.931388120402502 -9.481142394204573 6.486048115899202 -3.896932231828192 -9.099831515205814 -4.949785669824395 -4.135833186571139 -5.0884195997481685 6.402341678601161 2.3363165403170623 -4.423200683373758 -0.7543422663265069 -5.457106948064427 -4.163485649855916 -0.7348744066197437 5.3028133343424955 -0.0629008912118465 -0.14157043579182016 -7.244363542478389 -0.0520692640047411 517.4100122878403 5.302286467923661 -8.783386558288576 -2.313858225202077 -7.4403072511984085 -3.7729813670536405 6.096926784334528 -9.274171010994902 7.99616323253829 6.274536910337702 -0.9891828514723962 -0.43644941595140274 -4.937197874726335 7.061686997979905 5.835670969710581 8.72045821124031 -5.523691734034486 2.812142161356137 -9.539672533167643 0.3302015653539705 3.8803305422873606 9.957681023785213 -1.9748126770526824 -0.9719911218047823 -0.4982997229165811 -2.5643674484464896 7.213459256431168 8.882700514529422 2.539758450334798 4.929351049120793 1.4740020753123684 -6.873764802685218 9.251083622280156 -6.994324678501136 -1.7976475329048576 -8.819614583626649 -8.272636809318206 -0.19934416624599827 -1.0765048033078166 2.719343026463374 8.226550637179525 2.3544399868845485 -7.927104295945684 3.132258209618472 -4.241002169734989 6.722255020855307 -6.024841144422406 -4.397469583499955 -3.0627756087480673 6.189151479267743 -4.565823727751677 5.947813630346028 9.98130440676081 -6.432672153837622 -8.76702591447199 9.177986184838645 9.846286953095568 7.79811702470489 6.55235973531736 8.083523376376252 -2.1581157669337685 8.176608190254516 -5.155305606700935 9.843671403577005 2.490286701265891 -1.5062764642337214 -5.611742595429399 -3.6709136793526813 1.3911784513460628 8.437610163911668 -5.1841123116157695 -8.856820876496068 9.707894993135543 3.049223322556035 -0.27579540085412013 -2.7672389395898627 4.717540106270601
0.47107682290658914 -8.048974557389224 6.29024121034859 4.2644833765471635 -7.413025663363422 9.091003185077312 -1.8042056163246016 0.9351917404735772 -2.7926347484962877 1.4663921245401461 9.263820710634583 5.480808452456369 0.3433133518372511 -9.009077480840475 2.409763918914617 2.944556340919524 7.715626892133184 -8.505503982161123 -0.14712804513679778 -0.2631950781197734 2.199560295599328 -6.45995005264298 9.177120256489776 -7.9531204492992735 476.9926342381202 -5.2096725070730265 -8.83703892815329 -4.265685579368796 1.2478165247486608 -9.625845702965094 -0.12611967634238752 -3.6576619339407346 -3.904749768205762 2.5357077848391825 -8.342982967291984 9.833652724372797 -4.24007594579672 -6.875452451995976 4.103637999114159 -2.8963824445725557 -6.974542611946843 -2.3974498239528614 6.301744160970088 6.152814340980662 5.556091413241509 7.369529223761926 -4.340079654340547 2.447203302134511 9.515105281364399 8.476509172218634 2.3195782210737566 5.22458413164321 3.41860392214927 -4.115095663118476 7.53254774658846 5.124956178302472 -6.423588283503934 -0.3534065191710578 8.281500241993957 3.4242226863800074 9.01827199223543 -0.25326581152307526 5.358162668201912 -0.14471014244231917 9.97493181545304 8.777099159788392 -7.249812638159452 7.91334054966638 -1.0179947709170616 -1.0540700973243275 -0.00500808156072452 -2.021339598007563 7.960158725802522 -8.251611884804223 -5.785778208782983 0.5045229258711892 -2.952101041362969 8.519735013474946 -8.235358190087442 -1.9964092496936523 -7.584780742911832 0.5062169417291091 -5.047044595032181 -6.8324855935134465 -4.245358871323521 2.351794982608853 -3.4184582574496325 -1.8303518003919415 -5.560410467258368 -4.6335292886847945 -1.0742020104832832 6.74512087673466 0.13011061531707568 -2.7955587894097844 1.5201264333159443 9.362781561684695 3.6893075186865154 2.241885658017795 6.2071621659502725 -3.5250799097269647
6.410856778881588 2.479124361934117 3.133304874968122 7.058488912633919 -0.3724104211145409 -3.3658518990959196 -3.619192041635804 -4.21123731401122 -5.91761369353055 2.824767550568893 1.9942224252180925 5.061952335014617 -0.9207363977146947 3.425573485277626 -2.0733710688799967 -2.8016300638605385 -3.39605995842569 6.387142938668941 -8.340418767765353 5.221175455972446 6.458845982593253 -2.3629985942014624 -0.5193986294476005 -7.7784497403449375 0.4134100273726311 447.22166252386114 -3.7359303433583113 2.02061273547689 -5.926346034436369 4.843060054735078 -4.204451111145653 -2.2122486080647246 -1.4969986918335145 7.213771232006579 -4.182534840324674 -7.161405039527386 -9.918199700756457 -5.271679265994253 -2.108102319437954 -9.65170256049099 6.73637651723174 -2.9486797249384322 4.79036930451314 2.0235094222335164 -9.224159039316305 2.3762709477188935 1.6530481303357352 -8.064294403195083 6.422880402553169 -1.453962269136177 5.657842967240391 -7.3315168609125365 4.128322927314356 -4.566711257977952 -0.2923521576012007 -5.709173243812568 -0.8687767579549153 -1.649075673657519 -9.364553834516933 1.2818820058674305 7.803264037537254 2.515780608605329 -7.846433340755903 9.08098921228271 5.028396919500475 9.302719742242047 2.0061652961397094 -1.4489272696153304 -2.9240738913339337 -2.4274383005486433 2.2638358139124026 -7.237182210824908 -7.6619693705552745 5.583830157421421 -0.1748769807991497 5.402826095464855 5.4970310434253715 2.463895094842547 -3.122606843762261 -7.2895711281576325 8.395186630409132 -9.165967175656583 5.658141084552028 0.98903363384823 -2.713467325853401 1.5145579567658238 -4.818367525842002 -6.637790117489224 -2.4964922018001374 -7.599986998368924 9.063953000025272 -1.0125742218970242 0.5401462055537909 -4.0920215208880295 6.03463098756648 -0.6605660414084884 -5.939569809638508 1.7590927596226518 -9.003240846272746 5.085238560646644
-0.9901784357688488 3.9234428714305523 -7.140652475299854 -4.136307707417681 0.9566562113915449 -0.19750085009519225 7.637898866130328 -7.767588883454055 -4.126880969043356 -5.762113081897335 9.960576793688432 -4.0619501763786525 9.738242046685507 -9.762246744337233 -2.8521909687217484 -7.310580094097019 0.6511932169802854 4.930463006554648 1.3531512375556751 6.393936213805954 9.520066487577527 -8.36687524855844 -8.375916147485968 -6.4699903729730295 4.4757648584012895 1.232909431273871 516.5533627904857 1.435444584669714 -5.527784987912511 3.100084312827674 -0.9471762421982106 -0.6190516991448405 8.385853025185448 -0.32213133221883616 2.993575349749971 1.3024535131680466 5.596246750778924 6.6670593943462535 -2.4931920538647585 -9.638750180550845 -5.1383685651870525 3.559145941548792 -6.966444767371405 3.4279512625736075 -6.798388854479509 3.722126961695496 2.873145643709975 0.8121659510868149 -3.657580239025373 -7.788703313352081 -5.163821924814494 3.9903514605363952 6.025604335959603 9.008350802548954 9.187582530446615 -3.9881497255697678 -9.101171400734206 -2.3623253601093026 -6.98526652427147 -4.667954081986327 -0.18346083220436782 -3.7378481510346617 -6.4799788028038545 1.670342634507442 -5.00449846669482 2.3350826076680153 6.218929085405204 8.299620441083455 9.609274333729093 -1.8712638372518242 -9.954115681129249 8.417717722539663 8.22342452412358 -0.3772901350357749 2.7254286344513616 8.77416480646692 -2.8210968757630805 1.4564887606045467 9.733786570370722 -7.305236211075283 -0.1590525736494346 -9.088320963386442 -8.820973811956359 -0.35151286321450925 8.140503013823139 9.426216027192499 -3.6057934211959157 -1.642491043861959 -2.8957800297391545 -7.636963506485623 -9.828429027177501 7.438631330160831 -5.47092446419226 -7.864872349871819 3.7249502960595127 -8.572876124398508 -2.74079704859135 4.785458055295637 -3.34555775561504 8.88621886487677
-7.904927142032367 3.842608105481064 0.38530281161974855 0.7890752764689406 1.0574228529860363 -2.687178264035408 -2.046875623683235 9.299459027839905 -3.969436595852523 4.702626633700646 -2.3533503335941175 -9.186184787567669 8.394250573057697 -3.0248884662539837 -3.671905361689771 7.350775704056581 -5.330705780373051 -1.2499261856832646 6.912397977338507 -2.55231547787181 6.266853214868981 -3.5962186707372235 -2.912764998521351 5.148496202712625 4.302484628451289 6.885886866898694 6.209023317540115 523.8520189646491 8.258032800078784 6.4221400958711286 -4.283146132791236 8.287037136184178 0.036303273910395006 -6.8173207680109975 -6.349167949886763 -4.5309447141416515 -8.302300846079751 5.779981200709674 1.9960210757640127 7.847167350854566 -2.6975276033581164 1.0044618987584037 -7.1034963235552295 -9.657748236276122 7.2896661698507685 -3.538635658611639 -6.331283089216964 -8.630014038813645 -4.527325720485229 -1.938178542438191 -3.118952029560596 -9.483657940771339 -7.070053625848742 -7.467582991627417 -3.1902217902619867 2.566253977985527 -7.052798855171001 -1.814578224981986 4.657334608755935 9.61343568900499 -2.561271895869077 -3.994932132296592 -9.0504278193862 -9.954879106651003 -2.093874308461534 -4.56304543625178 -1.351478336034866 4.581817671283805 8.881024789213793 -9.941388922210695 7.894092287058232 4.889847862603055 5.22353163568625 5.574024157052598 4.706774728398276 -7.252128631340136 -2.2243154299854524 0.5072868373198975 1.3358646087056165 6.12270392061474 6.933622545699322 -6.774083642705817 -9.720010331283833 8.915258464579246 4.410785592439844 -6.691342640008009 9.082351184984873 -3.922793958838704 1.0537062504596548 1.342505872275268 9.148595349417405 7.846869488705977 9.106979232384699 -6.247961427717428 -1.2072844408421517 6.287385943742084 6.657409361079438 3.6256679784538903 7.9361210895001335 -2.7506885478416248
4.584516172283969 3.7380049203016785 3.086686719867025 -0.9698046744961974 9.532650707845374 2.057736485114054 9.79537068672936 -8.311943988618696 -8.783880914569448 -9.14047875294498 1.716263516533603 -4.975384934330629 5.84888991590784 9.41852757556181 -2.597856106137222 -8.832185419473808 3.8384804330017595 1.3302173943428226 -0.9063125525317499 -4.2237929591656425 -8.906524829860858 9.150264612133544 -8.506594238851228 9.683253552387711 -5.83331053581203 6.320247458454041 -7.692733611226094 8.54558143521124 513.6952798184874 -8.768657099475305 0.44427461597518914 -1.2292921268462376 -8.478789469469302 2.500360820802676 -9.447467774171463 -5.718434310849965 5.909652858376742 -2.577037449035293 -8.617253538543881 -6.56584127126626 -5.378266212242096 2.6352853089510724 -8.205384044313142 3.0473639725415964 -7.59623322417422 2.6848121770580207 -9.169126072109355 0.9891688092518827 7.561569256818963 0.37439751748256356 1.2567762737272847 -7.53603416000221 -2.9815566344323097 2.5214763598724037 6.188080790015551 -1.3963765618620947 -8.11101868040238 2.6409052066413494 4.507130480498308 3.1257132689266864 7.568987631829007 -1.2258351860829393 7.4714834785837105 7.678498068182066 6.264822258423443 1.7051635743219702 -4.5750788023575195 4.964222080374983 -0.3124402617611626 -8.168891154856874 0.2221130146307857 -0.6717644186643508 1.9002441161347363 -3.5709657979475384 -7.235593477032305 -9.195997927273654 -5.88446827747918 5.767191251957973 -8.119222698994651 9.54205038553053 8.236977780982727 6.660119395847758 9.958771446204096 -3.6034139211083343 8.509756657444711 -0.14158663272251815 -6.881270405783903 4.578799681172498 -2.103517138355122 1.8941674999152092 -9.5421036977344 5.9490197619837275 3.135602634054189 4.006148986797333 -1.8511917614843405 -5.12054696540347 -0.25505223201591143 -3.6171699879949015 4.055136558853773 1.9673916399022122
-8.266412879687508 -6.226721864834035 -2.7028366623803457 1.3854991748875563 -6.035642474360801 -0.10766125367219814 -6.215798663094532 1.2946528411676343 6.323200923620039 -5.219638635566239 1.3401975035331368 -3.787477827400667 -5.764205122697172 2.2275143273786124 7.642121901660445 3.565227322942281 0.9745919582591096 9.331429595706659 -0.06089441169070575 8.469301709857298 -5.038194631449899 -3.1703004488388986 9.737664423552314 -9.12756176532679 5.283803439852662 1.3464682066349027 2.3996034594138536 2.2613056900119783 5.809010180100387 472.235678431279 -0.3533206754311653 -6.105910635415725 5.897201657070601 3.5063792119910158 9.01691856604139 -1.8005106747979163 -2.2432082993259472 4.245809471387968 -9.565916412538968 4.036113589722152 1.7398384923675216 6.5678728424009805 -0.17562114637067872 2.8426039303937483 -9.770044989195018 7.956041491095146 1.6882809473611093 -4.42674476883707 -4.377588549154767 -8.043567882223414 -9.37925368417197 2.6832064953664236 9.57113364642995 -9.076376118607676 -8.429937288959726 -4.780483050071456 8.967480213367939 -2.814547521359616 -6.7594154506064825 2.741198787869962 -6.910755848234633 0.9969977712717579 8.960990774427735 -7.797489584383248 -8.949741842439607 -5.027249448306453 -3.2399182691491983 0.7920164282123316 -4.62259922736002 0.23532863752436306 0.8887058826435599 -2.9569256705093157 2.0914380476480527 7.072882872603778 -3.8759123076401725 -4.438067084919606 7.2374027531512795 4.354231165568013 -6.259973040174565 -0.4448086445584991 -0.3122842295829784 -3.6130809024871553 3.3041647329903228 8.179213355680414 3.355086467151409 -0.7368716503122243 -3.326108434957858 8.84852641965725 -7.3981083632414695 -5.539864029771875 0.5644766421354923 6.861490818627168 -0.12825891511871923 2.559922846071313 7.693049280032163 2.429868607546977 8.4038743614454 6.709968785817193 -7.798578511868057 -4.448895713536858
-9.77942576978176 -5.76239831329773 4.983314409992584 1.2134776913020353 6.752999121120769 -6.052047468101693 5.350486609838054 -3.257690624175325 4.663186567609683 -6.890245747870267 6.035710373435808 -4.689644162877857 3.353039777552201 7.812839896000348 6.649933594903015 2.278702971784119 -9.89326122602794 6.165139690273421 -7.4691445160080505 3.2402213256103707 -6.647136579427677 5.596647066431009 8.919099718733467 -2.876208876516335 0.36767880579116863 -0.18361914639123178 3.521612361970341 -1.5639341054198237 -6.811973059205318 7.7685761130181525 498.5083125757538 -4.070751876519445 -1.8902651804584352 -4.976309450694387 -5.506800104611238 -4.429545326782822 0.7455488733464914 -1.6877979042588986 -8.20111144971106 -4.952506451327121 1.7086550387548485 4.1266092019243885 9.79672457667678 -7.499943027566756 1.1043760589073965 7.977948735580288 1.343235785185632 -5.597344491838712 -8.202277309596194 -2.168692513162968 7.980599720530247 -4.932007998022776 -1.4274300418354695 1.5568961848028895 -2.849528856981589 9.233203319490677 -3.745951795205526 -1.3906530137072348 -9.002862741386373 -4.593686065060192 7.112601013329886 -6.360889424372673 -9.213709992998405 -4.869203871463139 -9.696552309035598 7.537891973055238 -7.845010497396034 -5.448928992465483 -0.8203397421716012 -2.1629919324339353 6.583094832333714 -8.610189202115892 -0.3027848777732238 -3.744314484487594 -3.9250866098819825 0.6378196760269184 -4.823346172773588 -4.646455783826813 8.392959769633322 -4.815435624653713 -0.47491933254265994 -3.769429970192249 4.308132929178196 -8.240494693451213 5.565925641579835 -6.458548046220962 -7.399498569358862 -8.516681701889743 -1.7271111683347122 -6.544456960761941 3.145435439694168 7.1577752231465865 -4.033802838268854 0.5860725351731126 1.2542783219935387 -0.6896145128579718 -9.767095080050357 -3.688528224413872 8.258782366400645 8.308438891697204
-7.869677386254212 -9.96941469213542 5.6639702885092085 -2.4989874466147484 0.6619386772144757 5.94806692413086 -7.232345923742402 6.460741537823264 -9.94428240560156 4.005477970577411 2.840317758915509 8.8682303599921 -4.635492821383633 -4.866260914451939 -0.6443040426943263 -7.260680388156304 1.942797814090122 -9.758539689330306 7.031027460205351 -4.0542492571023026 1.5940859916967227 5.970322364733345 6.855726808383736 2.8359266533193264 -9.001702882149125 -3.13693857527801 3.2815933291651866 8.088404750664548 -6.624688223646979 6.28557719102179 -7.24918940909713 484.59541465076444 3.401524237127047 -2.789259186529714 -1.5320923535240816 0.7920620228217388 -2.8989529049577474 5.268746962639856 -9.731046424700072 -4.302677488004118 1.8527592308421887 8.60676933885562 1.1443727093826777 -6.092325305027786 4.0154529677481765 3.1217248254500607 3.5066398373270413 2.713323327045824 -2.0575125352347285 8.91355087462179 7.425349067578978 -5.203353217869333 8.783311279108467 -0.5699730895703343 7.275988024391033 -1.296109905575392 4.027323415801842 -1.7109439274418357 -1.050771586664851 2.0603655772736182 -2.4088375655356886 5.526394185458228 9.695271697241683 5.179658688576405 -0.9112646913365214 -7.121209287826364 6.282856977793642 -7.183763752326673 -2.612362468478069 8.24539813547587 -1.021143208669848 6.276240273539173 5.680753442673389 1.864503609647965 -4.908939627700248 6.576576094961464 -4.10072873902765 -1.3706130483808003 1.4012494006433904 -2.5924481503858328 -6.105159294038027 -2.573367418969246 -4.801474545108551 -6.697324928081965 0.49372314184742017 -8.520569696393155 -4.647427858946081 1.4460392154886108 -8.115458755881198 -9.66297900369305 -5.368760858723025 3.29723143286156 -4.919118664558503 -3.4038623980336924 -2.2058144565625604 -3.7981507205872695 9.558599857759791 -2.361823751863761 7.94851201784676 8.362836622688413
-3.3699307426788145 -6.667073758959187 -0.6918547316672239 -8.46500333096516 1.0776070101235256 -0.7111723848594558 -8.420461061721255 -9.206752826579116 -1.401337907733108 5.48434139404516 8.827056757730272 2.583845501912325 1.473931883043937 -2.367884989852307 0.3688520320410227 -5.063288977922815 8.466342578164841 4.354628919265631 9.047064250260057 6.89789661578844 3.880189254474635 6.783558739891287 7.990921109409619 3.624353957928676 4.267546479739819 1.5638072244031882 2.9604896703933843 0.7167254641190457 -7.7292899395384 -0.9837051871665903 6.117192527981821 -4.76621904416252 525.3925218667179 -0.9951356835584164 0.8181452337868134 -8.120914429654484 8.906929305119952 7.181692841253444 9.288932137537074 1.037557979160649 -8.733327636224484 -9.39598518773298 7.665779887003037 -5.75874286833921 -8.06424193337043 1.8941843029825218 -7.358121392196095 -4.171097761727158 -7.467926565539371 -9.269026126520732 8.567861267293168 4.980371904674577 3.5029515752783684 -6.433969717945196 1.1921571090213856 -1.582261293072305 2.1847841806455612 -4.211376528363251 -7.563694213914866 8.287656895072772 3.969170719532526 -1.692634627504459 6.564816101267947 9.290825101333972 -3.770258906186637 -1.6695034219949783 -9.317749544571196 -0.4421910897327237 -7.6889634248037115 -4.4679358812536325 5.23470736948115 -9.553054118777082 -4.304835394799518 5.670412953293882 2.1230357031561216 -6.131232145129111 6.05251615467969 7.8765669069881525 6.627350359674825 -3.208456582473076 -1.3057477848791805 5.9335180667268475 -9.879241363013895 5.6115871409567575 6.459051107230572 -3.4359919565330426 3.7429288333626367 8.47537274405017 -7.881216348835089 -3.8287832057799225 1.5707339859689355 8.104499524847355 -4.538920914136182 -9.664626550741271 -6.711146722273287 -8.482018496707465 8.012424210867852 -3.576601917761244 1.7543265491444267 6.35081422179287
5.9979730882027695 -6.933385960802994 -7.93160981754826 3.4682532807911386 -0.2263929046188018 -4.893966292734326 -5.2290071825540725 8.10893929833317 7.03949497995227 -9.70385891561141 -7.336121526677319 -3.114296781512593 -2.3204292116867453 3.7599056818273464 -1.6268994918477127 -1.1796830957212645 7.5199669255372825 -5.7604272058640245 5.461591137102085 -0.7868349965176709 -8.675391735259907 -0.21920832951920488 3.6359362148933467 9.36157273761486 -0.981371090560879 9.636641325262346 1.4980833914184704 -9.98449509158359 8.608666372512673 -8.567811510162384 -9.730959440310432 8.908581085149187 -3.651303209409031 555.1005232297736 2.7811910901764243 9.570158875981488 6.291927205155947 -0.7367919288770679 -9.979090823346546 -1.9473460678924592 -5.072022900521899 9.43356081263262 7.82056800668785 -3.4447448514271333 -3.963238465268148 -3.9264275797274113 5.945664483299094 -2.652669921915023 9.81618065335153 -2.2747615925127445 3.185112033124751 -8.680473432403783 9.175339717791001 9.932557862002486 1.1266794654222334 7.056093023825859 4.988102429330182 2.835910892357024 8.523107646423949 -3.062093797039889 -9.408103385168634 -1.7374345210738706 -3.1721506742597994 -7.828572923331054 -3.145650047454234 -9.025108526761134 -5.655012100444756 4.38893529629774 -5.445571448268673 0.4616598974153785 5.130781233562821 9.034260007130893 1.0503246424248598 7.288734666458396 8.914150773058719 3.529183380359351 -8.078586805902654 -0.9222214655343528 8.134700759611938 7.022440479710763 7.103814230423783 -9.83929651357564 -2.02019577797002 -9.192343204617588 -4.3082275667541525 -9.530260612729101 8.040622356588134 3.2063771165848927 -2.847327947520835 -8.714430235952914 -8.814706963266982 -0.3909351696247043 4.21764067231431 1.333611883598678 -7.266473094119357 -5.048587855933217 -7.84810666134338 -3.1225788068182077 5.660763619596828 7.384311408640176
0.8535869325204981 -5.246290046472286 -4.980224307421343 2.604468482649125 9.099819416619937 0.934453664536159 -8.862869258164235 9.947243367001594 1.6713715334950567 -7.306735874174097 7.191540880942771 -2.2366157697956357 -8.790199110882346 -6.366034274019534 3.432097298947488 -0.7957680098225328 -9.726439017356922 -2.989871656323631 1.892211559751967 -6.574665074052353 1.4895329217321915 -5.785712841772394 6.659510730385104 0.8328244981416368 2.6526870279504173 -0.42188274538006354 -7.038828925437903 4.979518662082684 -7.6355804641674485 -8.740692380118624 6.367807974641767 5.192406475918968 6.246803257650811 4.09822110334601 521.5365764363619 -5.372788144077654 7.510139203071592 6.75679470415772 -1.0473114321904742 5.529017446372144 7.938295489567807 -4.38086503230692 -5.767047082139031 8.601706910606019 8.237382343282412 -8.404868374523804 -5.662574286792994 7.298602688665813 -9.37920946943846 1.2599621932169942 7.294552171495084 4.401648282309951 3.2197250332693113 -7.707756823165617 2.195662952842847 -8.50493575126995 -4.304473716607571 1.953325240846489 1.9905388634599497 -2.142355160958447 0.6736713748948038 3.82921106523189 6.634619175064664 2.4160515222046914 -5.209625478429829 1.4470026969953622 -3.161904142109215 7.346795534560513 -7.1656790732106534 -3.886296620629981 -7.243628541969846 -9.278574986806404 -9.191033125228989 1.9533051323806205 1.199840923259881 7.737314331821771 1.3436063519213448 4.5844650454396145 -7.762204975474849 9.917404386184469 -5.790001098900266 -3.9377900916651543 -0.06723369015092118 9.107437686681042 5.744261257280083 7.304854856098046 -3.174366669464681 8.957520363929337 1.0014052159394016 -7.252446659080116 0.9127093310413681 2.633961000862648 -8.174810532210849 -8.199881720254501 6.510882257226676 -7.488785010979173 -6.3205709433861745 3.89511830914655 -9.070370267535255 6.290660652078458
-6.892292942149338 -1.5685218733963495 -2.298215583972068 1.7939320364978286 -1.9185688382707777 -4.539085103905163 -8.638437588951316 -2.7652825009753057 -5.485424152533625 -6.8712623596599816 -2.459312219140961 -0.46411087154276665 8.967809428699965 -1.2226948999571619 -6.311393026296712 -4.591369890617867 4.372930471382405 7.489382342372423 0.6320859543780912 -6.6185756977587324 2.920180414017832 -1.870485644177183 -7.028615127349096 -9.309125880066194 9.452214538006785 9.698134123254704 3.3177337194967134 -0.07923588445384055 -2.7308109778486216 -9.838028689158163 -9.377535439703175 -1.2260376568038147 2.5046089589429954 -0.5103433576277077 3.967084596302197 502.6056698202678 -4.627338339163356 -6.614599036396395 -4.327953477186113 -5.550355276385151 9.668655063198056 3.6311461944825307 8.102965765072035 -1.7360132896045641 -8.54085109541147 -3.5282500650567394 3.4062749900544613 9.069348666200653 -6.387497948913296 1.8409675814265558 -7.02314005987996 -7.045031370912493 2.583436107776647 9.916576330425638 -5.316523482711828 5.3336604828320375 -7.428332922280003 -8.237696732112806 0.694784614710473 -3.4411153804531347 -7.895113901299964 7.607402318262306 -1.1249126982439623 -2.9529549116901643 6.394106771060667 1.896235843081806 -4.307687225584431 -1.9605182621253547 -7.423012964371811 9.189297822073762 9.899564630083741 -5.495399802019074 -7.086177514449159 -6.770488533607137 -1.9195879159678082 7.7843734625081 -7.350643569650077 5.922713077444277 -1.6232925606677036 3.747069747063703 -7.494145402221073 -3.68876370978305 5.477267050968868 -8.944141011563389 -4.6072590232531185 5.6948126386072335 -3.866842160276436 -0.3865752980832582 6.9302582101965235 -5.952335029038505 -0.9808780234739487 8.743290786058875 -2.2059277733670113 -7.759562101461692 -7.966704745426751 0.25170960477463034 9.084883926058797 3.218765839785533 3.2127996999777704 -2.520695811034832
-1.4496083006180154 -2.8224106994777642 -4.792987192872344 -0.6981200914550634 -0.9987046193593727 -0.23332920695044024 8.317117141471254 -4.569749727891297 -5.122132554396024 0.9169858029542013 -8.136173000422842 -8.796481494860624 -5.871124182031203 -1.9783600735992817 -3.2228307230953472 -6.21891185313173 -8.95817756814621 3.840231663428767 -7.580217893016439 6.544250074084211 -3.8569607347841117 -2.182362673580931 -7.655045477878586 8.931063613223085 -7.989090664574457 -9.350870584065706 1.9549999714255666 3.922742464096668 8.902185097474604 2.6183916685224435 -8.389301792544074 -4.558295203391154 -6.24156104353723 -2.2493631692357408 7.26212728740056 -1.552136977830724 543.8276838128907 7.997443240101813 -8.448749281191404 5.247736815232262 1.7642411293648514 4.861003697298738 -5.945432742714505 6.67812715437584 -2.698207527585561 -7.334113118582836 -2.174031765080948 -8.429291854948513 7.185616067857531 4.171701919827104 6.332076817570499 5.874541152400955 7.996888138035146 -9.763737506466384 1.3597312856411659 5.061333292833135 8.471590872819185 -9.886246966946961 -2.7825547178228156 -7.900489328206981 0.8871798902401729 -6.656950183045584 9.357034115414312 -0.6191316437914569 9.380252061654652 0.32309767638085773 -8.244620559115202 4.009055801194876 7.123689490854964 4.830889391871192 8.623875128164023 4.171034944466037 -6.94394347741909 -8.045617096800477 7.444572645533928 -7.196389417522018 0.38447615951832326 4.577328976348081 -9.404771585328104 9.615452029103999 5.103250933004466 4.7246957678445956 -2.232414546595045 -9.740608295281877 -7.728283280998043 -5.597665207797826 -1.0453436605318487 -2.7360949900251725 -7.3264448242764635 3.5536411004135253 -1.3111421465100808 -2.5165865661817888 -3.026592584895747 -9.860836199203618 7.444975354940908 7.622789890245652 6.879791103466076 -3.8089536890956976 8.583015922214564 4.269122465236466
9.000275004418448 4.4148657142632075 -2.2936601460434813 8.82110624023628 -5.370907734663786 5.043660303014848 7.24197105227433 5.682591945001384 7.8095732372372595 -1.0512081434355363 6.718184829644059 4.549622938598434 -6.960864186662288 -7.563146701759327 4.986384825050994 6.732903393987126 -9.970475976750297 7.191800472989808 6.692884675222842 9.322015235619958 2.352178572173326 -4.2821507907740175 -0.0153577860271632 -9.791282934086494 -1.4023867872759848 8.32334465587384 -9.397405858452444 -9.14303908246903 -0.5263053598241534 0.2098240976060417 -0.31776409267459016 -3.617606571041674 -4.374293662024355 6.754373037549165 5.259740074325574 5.405854855290187 1.2555217358930086 493.3342199243254 -2.881703809490979 -2.341908642844139 0.5851983800456466 -8.592755222412967 -1.685792044563847 0.45673077821280117 1.378339938414964 6.7394301274293085 1.7899482967515539 8.754452731028156 9.89259770205068 -2.8389241982966062 -4.991881965023694 -3.6441123243077023 5.986377948156253 -9.331424975096457 -5.539562009689803 -7.421061709580242 6.324497632720668 5.963646086580853 6.911755120557785 -1.8362174375116407 1.310344598917709 -2.2835579253715803 1.6189001297574066 2.0771329895689465 -3.1250046449745454 -3.1055994746514326 -0.16274123503609061 4.6962347873717505 -9.000783188671285 -2.30437052494495 -9.336259035035283 -5.8609161687459554 4.14099632106193 -7.882840938382245 4.968806140704164 -5.25322359508734 -5.531987087789362 -2.0810191348847855 7.865999612404817 5.472731719554043 -2.579669567294376 7.309510930528084 -7.991053565808097 -2.6233811943416097 8.171585668470676 -1.3883799305469697 9.551839452008782 8.844245404922834 -4.212931505844066 9.437328327612892 -4.77682947650613 -9.513340568393593 -5.769414560943142 -0.5649916792166856 -1.1810490056862104 -0.13580499629315668 3.380467969506931 5.469187321913402 -2.1311361295590707 1.2075368139337215
-3.7565442924526753 9.938265625651141 2.4484361014837965 6.756272077147795 2.753370000380892 -5.550254601645122 -8.56482194687895 -1.3078301741111318 4.073555903661564 4.943915551661666 -8.989833002525868 -2.2622256790480293 1.337451797544535 -7.322428674085866 7.855426687928329 4.327319419393344 -8.349476727833515 5.556887169109583 0.734724201517686 -2.0137894708112896 7.068096663854348 -5.364596643945836 1.0531099724711996 9.614796836241602 -8.398677882153102 5.5335534926299665 -0.05156521254455804 -3.038871953217324 -0.5140895742940437 5.858477802676408 -2.818541883113692 -7.942225562078404 -8.015696266650412 6.342806402266405 6.425250407435975 -4.561100172316168 6.695620652981191 -4.522597666933552 544.4417529022847 3.2811845821135996 1.2425670410012497 6.9395620353418686 9.654077283852125 1.5621286745104825 7.533847115585299 3.12475801124792 -5.764990973459794 -0.6345606898357392 -9.837540418551532 0.5302890132800435 3.547572732225282 -7.529758564834266 -2.4962865784545007 -9.55140499430396 0.9678688363306414 -4.8623370797478005 5.419508061978245 3.0170422507313983 4.366079640912904 -2.7443257494802964 3.1015852623553553 7.3971354967141 3.3319768609109772 8.31620889124969 -9.343583275821583 -7.904072787274372 -6.303984943479202 -6.2597122043449716 9.459888480807361 0.8903063515274141 -9.90345623453996 -8.227001769864328 2.821027281359555 6.493158881954518 -9.004820444877888 -1.557724263458411 -8.797471827345127 -2.6405743363140495 -7.345566542312987 8.605193051343669 8.628113165111873 9.911834146462247 -9.544380578396783 4.368960550703388 4.409773307058877 -9.846075428053409 -8.656952129866166 -9.578148275814009 -2.2900874743906368 4.811431053008077 3.400838754603285 -3.3770096865770345 8.524364064025189 6.89671549472126 3.7584375270435544 -7.632170776153964 3.0090193208537297 5.026327445009276 -5.843939631527761 -8.457665055351837
8.345898958751054 -3.664649936520896 -5.090029378775121 9.866437161854602 6.748904432651742 7.442459923642765 -3.208236183517621 -7.084921339025978 -1.9904671293160021 -7.209649903748765 9.685008267651067 -5.993313342678405 9.539114176754552 -0.10585188172088777 -3.915034780899922 9.915669321653883 -7.284848732864868 2.56771347158881 9.126821328169314 0.10012101150955566 3.9270459875150383 -0.34157401321334113 -6.422908143634571 -9.14791619179432 -5.280404520350295 0.7713781486705269 -8.99243305264931 2.261535458768588 7.535213954680259 7.210356181243554 3.033450358252775 -4.425173627755969 2.93413610573773 9.570628284493857 -9.024721344561712 -8.927580564557436 0.8732005655091601 -3.7509495831184942 2.5569579951314694 561.5863252581747 8.4616580867397 5.029715748781577 9.583695600931922 6.929171967275767 8.462965497012775 6.4422544147707725 -3.9385189143290606 -9.91327034158084 5.184883671428908 -1.4938967592522001 1.290476850509421 5.7277620211319125 3.6062785829735375 -1.442504959231524 9.560638890844078 5.635478942494794 7.9647251846672305 -3.553136590189185 5.468875954849375 0.5060989781779526 6.622491766696438 -2.762053521777701 -5.800350189332435 -3.1092793830327263 6.93083988102671 1.549696128086726 6.292185950691007 -0.4649480957881398 6.18921336554973 8.138328699573286 8.428552302326601 -6.114634829910752 -6.9057558248813695 0.6759620949646852 3.551091623990853 9.985927216380254 -9.240827291364393 -6.561511308000025 -9.7280246861216 -1.930001222856859 5.780142451842593 6.559282024397447 -4.268901809924889 -9.4832486165799 5.03503411145298 -6.516010955629932 8.640556894629679 -2.5494306359478625 -4.112530903665583 5.264256867927697 -3.0364769584778557 9.202789156762748 -2.4855337547161316 -9.697715956867858 -4.097930956162914 -7.1810638502059 5.4209166806689435 -6.860703366138257 -8.482539292257643 7.427869409483797
6.87764627594693 -1.1863495302224791 -0.6492798099323966 2.447009089325876 4.671465666875186 -3.1779500564072416 5.845632038225052 1.3230822588778341 -2.7050361303534 -0.16234468423447268 0.011486181124645611 -6.012135017140297 1.098739622905363 6.521098232154081 -4.1744865786134255 -0.30128086527970943 -0.3104700468683035 -4.202181663217875 3.897385364743208 -0.003021449901364548 1.666089223914618 -2.3593250370770598 -7.4154589478751864 0.8636591178484299 -2.655577557690963 1.9939368566924554 2.5161123448325835 9.123120308405529 -6.921441433265372 3.6868319972719537 3.1999945272668473 -3.293784006056053 -6.395119217675682 1.0002771067053438 4.470503014352456 -4.005872164918207 9.696304939615054 -3.6483407865629047 -9.903596352393249 4.178934072738855 475.43441303677383 9.879746063872542 7.828688002508301 6.9724197283695375 -7.434485604307368 -5.370471660201797 -1.3245995460282778 5.18086492119143 7.614682361682036 -0.9771963254242664 -5.360484047596065 -7.917832438712886 4.487108031109511 -9.53757853904861 -5.85879601887026 7.306566404449452 6.0671607445413365 -2.8030512768167704 1.077126042659577 3.315601719793598 1.8791907406188564 7.959213906166923 -6.075233019980544 -3.002211688645562 4.511880867641212 -0.42543969531101133 7.859898956620697 -8.336856390899612 2.5913836104222057 8.301475047049173 7.8990196715928604 3.8383167676070933 -2.8510429193325155 -6.451518479962086 -8.188109279256327 2.8931204117016946 0.7024066546060421 -3.873552039242698 9.664235307121672 6.820945529198465 -1.296817116670768 -2.8371911924174604 3.6727197841606714 5.174786120612556 8.719643231356681 6.021983444303814 -2.768477608357742 -8.058556981005424 6.568091619701541 -9.580222789766895 7.261945537166202 -2.382408807748641 -5.606956262401328 7.552711166217485 3.333800862512444 -7.8536490128273995 8.194872614484964 7.74995443965312 -3.7826057750473403 7.926723136250011
7.8148041028452795 -1.8461932832386658 -1.7292797646646818 -4.940651346453791 -2.4762141737116465 -5.708423724205122 9.073559166933226 -2.4198537156542628 5.218637805873774 -0.5357427442164457 7.422447992888209 -4.321174748728181 -6.72005403241946 4.571293939545839 -7.308665001887247 5.287354925532345 2.3294489706582144 -8.390406896882842 -3.5951704324664107 -4.582327641366288 -7.607590631764332 2.8803937872539027 8.915517616957935 0.7443211909810792 -6.101617031492714 7.9736048842390375 -7.558013511454737 -6.994635261773718 -8.120660916110392 5.982494726542381 -9.01365453640063 -9.01864338368097 -2.184815851664079 4.116563219830304 1.1984274376613069 4.816093911925051 -7.512988256874125 3.101415626821609 -4.842243328703497 -8.146147120693428 -2.3929789005631186 503.55648598964365 -1.6800573516014765 0.8520002487890963 -4.500742784758818 3.6295874573403566 -0.4981957291617167 -5.7664267285057065 8.172807662981388 -6.9130544674434535 8.969172967696828 5.998361564542678 -7.746845757154683 -5.899452902398488 5.971588858075689 3.976353674902313 3.84112231516092 1.9974100938615873 8.70918469753748 -8.170474426132428 -4.0084451151751725 7.784396749378658 -2.385562764128119 7.797730430398545 0.1612764292137463 -2.7640643518531753 -5.671700758361922 -7.335477986059528 4.791760290482831 8.238345538007973 -7.325768238622217 2.7011604187812743 4.954827840942462 5.331358384758927 5.239160981813642 9.713153607833508 5.699782421532101 9.070154467377279 0.9930935980210087 -1.8921525983229515 9.893777645956753 -3.449769525274178 -7.635355060240339 1.6662136631013365 1.7940874282335546 1.607212706214547 4.353286317562299 -4.497937324024212 -2.090539507563003 -3.277244790323108 -3.6933359136820005 -7.857941030848725 9.082264475649396 5.605320463340034 5.229462030309254 -3.6248829150975315 0.031101566435484784 -0.44298552489226495 5.481216423660118 -5.479151831945808
9.779208486859073 8.653570867631029 -8.37203127082121 -3.1676586894172303 7.324739569244617 -8.82345376774181 -2.0301851715795944 6.807767961812253 -9.398677697123127 -6.566192600985408 2.8622207260284434 0.2113644724256858 7.652967412087172 7.229800338837368 -2.2477522125345084 6.193112978212003 -8.039517465292167 5.04869452786618 0.3531201843196179 4.237019439310693 6.300427931940874 -1.6516752444729264 3.5001764257121515 4.118158845483592 5.4744098967530075 0.779973215966006 -9.780196572024991 -5.964944838578743 4.151965728807163 1.949218941531301 -7.602521173801485 3.2519079646263123 0.8040468106063301 3.0585394307550366 1.7297632108306153 5.806090400938423 -5.548702783717223 -2.7952989991322745 -3.6273777126516933 7.815391629123702 -6.5255380369522324 -6.181626424855624 512.8515109230702 7.465424124071728 3.9451049959805573 -7.638505227636805 -8.353720909595399 6.098020523522386 0.4127099345123213 1.2025320249643716 7.3979504952276045 -5.670513238161421 -9.142333780872656 6.647461056248915 8.581285216531562 -9.321460615298939 -3.9328977635087936 -1.8818900716254703 7.438420937977401 0.3928746336054427 4.687098666501479 2.1484089772118757 -5.633811090486738 -4.849342806061427 -4.89549219764336 -5.424224003796272 -4.971997106641801 -2.2246191776779822 -6.8024529023862135 -8.897800039450438 -1.38062771357089 5.735526656823238 1.2468265373004588 2.967256899981896 6.2323961240221095 -9.026977961682228 8.646119946215055 -3.9796525884306373 1.9671682630365304 -0.0121948123547444 -9.279486134007335 3.1058503297098756 -9.245158460111318 -6.076697487974889 -9.504390441499362 -2.6079937612217607 2.56631700737125 2.7190047122113477 -7.982251072327296 -8.862784934330572 4.543109357636979 -1.3045123128158576 -0.6912066450068366 -6.091198805353059 -6.0850718636557 -5.687014332286784 -4.729462183184287 7.023102497242128 -1.5410649020259868 7.566746887729138
-3.657454462270156 4.592465413469265 7.996710621394023 -2.216304446547605 -1.2168698119997892 -0.06733948577420712 -9.69609121563045 3.324512380344977 3.8420948332994307 -5.609508837564865 1.3346661770424824 -6.225170877323225 6.055108855771007 5.735496872054696 2.378911647000198 -8.787232265718892 3.5580222649916227 3.280259504979897 -1.4997488602023559 -8.638880870040673 5.296655337052487 -9.287350835486048 -3.295673058508104 1.9799685825383246 6.602621270169276 -1.6359829468009508 7.369240522639352 7.905472082448632 0.059919320825445155 2.8615177514187113 -1.0229955632129304 -8.013403680647688 -5.04455832239403 1.4196723027102447 9.594394600881898 2.693593538818 -0.6781152801430892 7.096761792750396 0.6412902867007215 -2.017267731885366 6.059077387430801 -7.355766080133148 -8.016670397738984 464.73479135852114 4.472706722163293 4.269740055798579 -9.953831839588304 -5.419386750661492 -8.66930149229633 -7.070819876608658 3.8374889714798233 6.48189085173356 -7.109225149898832 7.563310996430058 -6.540820621280085 -5.613819392640047 -0.7212354667926881 -4.4240415722116015 0.2042297596025442 -0.43334853695277964 4.2505799511744 -6.180674095298624 -2.963693114970958 2.843841259332965 -8.88242956463207 -4.486689653744498 -8.593824158855979 -4.137541081798952 7.483720496587239 -9.6285920401893 -0.7190698687327739 -0.9088385804775818 5.568690674075423 1.9890739539654199 -1.435425523697777 0.18622502817658138 5.865041036002136 9.416082752063282 -8.850102518961467 0.5405709217512928 7.651900751645908 6.648406944852045 -3.216070891206395 -5.8838432925551825 -0.49340615827220446 -2.496384538798539 9.930801941204926 1.6028541993291174 -3.086652514477832 -1.120826094294161 0.04538881132721606 3.6071529064560455 -7.366963813085691 8.828726610854783 2.5013349270911593 6.610688876883831 4.025215933155909 2.815517479690797 -6.447565111261131 3.661525232110252
-7.514190049146691 8.935058824306957 6.692146166100933 1.0029580207689452 -6.725223877036656 -1.427931850407866 3.6396845865230567 -6.170904982517451 6.271061515969308 3.0881852071697686 9.359888267116172 -5.278861349930479 -4.938436005874262 7.545425478394463 -3.6125573853676425 7.050602775085171 -1.8531338920891205 -0.37138470276546265 0.6919167264631003 5.38622735116131 -5.493930955705702 -4.748649132601061 -5.024851753240187 2.7373869829550284 -4.972211857305804 6.922764640577316 -8.945511224704283 0.06075840592195725 0.4714955533345879 -5.854288787705437 7.822997029874745 4.615371338424426 9.472339110802434 -3.0212631901960556 2.9639336335072706 -1.7726588903437275 -6.698369139251906 -4.0895096973441 9.803821135482089 4.858291574189932 1.0393313709542706 5.958493381990751 -2.827015821732499 8.540302511074593 522.0401352778052 4.68322368519309 9.271977917662298 -4.132980382610436 -9.309518158367872 -1.9786035813879632 -5.91238871688887 -1.6996279974083564 9.810261292262389 5.2198557359620334 1.971612468064814 6.849589261460444 6.5185363182047915 9.036558394853952 -7.669230504252402 0.11701774582268776 8.984880975446341 2.8417707830994114 9.680121158461915 7.203929401906343 -0.9932810740542379 -9.51854988064381 8.377306961774224 2.2180512805186368 6.657984044839871 1.839049345820463 -1.2635316823643539 6.258172414632533 -1.9693461924961362 4.09179927946019 -3.7412066310554337 3.18672581398544 9.116916175940617 -5.364801033244517 5.332543752577353 0.2443469020774618 6.758846369885166 -2.527572961098194 -2.200886614714472 -4.115611940746038 -7.222256308129486 7.830933611984669 6.326186264005038 7.104832516093069 4.193292154221339 6.499266216768685 8.024536764223114 -2.4768386279213868 9.057013537524291 8.29342772565133 9.075405696959056 9.328577471067476 -2.8133898768862338 -4.908233568044816 -8.563168234709726 2.5136741830734604
-8.866130888865397 6.9103516129616125 -0.37043118647609496 -5.819613987169379 0.41313383006124127 5.948603858075707 -8.814065349573752 -5.360157658349214 -6.527442608640246 -2.4810752191304486 -7.18821420565771 4.793644863664795 5.125463061165497 -4.5091127953220145 -0.7495815919164279 -6.422897816010684 -8.293848454578638 -2.214928852575957 0.5127070545881995 -0.5952573566003565 6.998406981105884 -9.716166395801366 6.944133477547002 -4.0820703897566375 8.96032616412689 -8.27787191335127 2.0493795078415467 1.0997831931850754 0.1043905403001677 -3.5590691224259308 4.639728556703744 -7.396262043112296 0.23533469611127522 -2.730903563525777 -5.50020528161681 -9.721678586431374 2.045259255655722 -3.052824273276995 -4.937769238972381 -8.465650168695444 0.7992400883446074 -8.373048805558067 -9.854968009516838 -3.1496078601945694 8.158178212186698 488.16465199093375 4.633914697022256 6.513012758458029 -1.779606816515983 -8.35334122200627 -3.750844707189696 -0.10486876447309257 -4.895083723893066 -9.787076261355852 -9.806015466366159 -4.874857828141026 8.333587691991053 -3.6913421269774744 -3.3118792327936504 1.5414730577983011 3.0372830757697766 -8.58131672390256 8.500536841869561 -4.996296059145056 5.962639384049453 -1.777288234525603 -5.082269887450175 3.5439061194948387 -3.7151031692551335 -7.0711132946760324 9.054184945074603 -0.18205879463338626 -3.0745387555419468 -7.870062275064056 6.965814588051991 2.0937687099047615 -6.70009659066123 5.353509295041981 9.57451183311521 0.1525097757230789 4.677720693672928 2.7119301525253263 -0.18304953687459324 -9.30141483373683 -9.029825567855283 2.1860491761633405 -3.8683596828937628 -7.185642719232625 6.070796314891382 -0.11031892636894902 3.0422037361353222 -8.578659550651441 -4.683458782541477 -1.3479973155129557 8.996389299328001 0.21543539103075915 0.5411722992507215 5.438003453054073 5.788341428613675 2.323165887349319
-0.6493749936117172 -7.376338030192553 1.997028939116758 -6.1086366871893 -3.2053401337389094 -7.438941944147661 -6.534598352268719 -2.79254735197771 -5.002739871113542 8.076380052681948 -4.841731706449936 6.98585778926239 -1.8094757471139715 7.068338051609924 -7.817394384832288 -0.8332356227583553 9.34871449037497 2.152483721835017 -4.92131322000607 2.365132992708652 -4.377602030166468 -5.13750156809901 9.35509596126504 -6.479020388851618 -1.2866383617883024 8.924164679332051 2.5320801424156656 3.6626974921761892 0.8014449707199294 9.81443483806207 9.281914700151745 -0.6842602846740053 3.7693954743180047 8.631034625782728 1.772788908226687 6.16044625662763 -1.0221386565246355 5.963103536521643 8.542085604140372 -3.566728185396877 9.098533961911286 -9.325822040904313 -6.853179702132028 2.035385826892389 4.526000395727209 3.1212039478464106 455.6341814591651 3.915203324144894 0.9297104932129425 0.11959018312660064 -5.561967703709936 -6.0704190215786324 2.4654544033715275 3.743849420691074 3.916748158509641 -5.046766431680312 4.631784740295208 -2.94680399309752 6.720128029876356 -7.093619812809044 -9.803944474726025 7.022101566447738 3.2795191727788815 1.1542459040605664 3.2975532372475733 -4.474616589551359 -1.4244463745896283 -7.095145311938829 4.900159576743475 7.6754576022130685 1.3876933556188895 6.96752018056689 -6.6386597899247235 0.9702383165904056 3.4620958459563376 4.980889080940807 4.569673030061898 0.4297713636676761 -0.15818162916930056 0.8003669956288046 -0.9801562026976374 -8.338613076895761 1.684657794885693 8.289134672197836 5.350370899335486 5.036848021189542 -9.66847397475565 -3.4486398022781213 0.539741438732797 -1.6241509475804055 -6.002558876962761 7.517875824224646 -0.3306444086111746 6.5031979293659745 -2.4756134131712386 -3.9147530316847483 -1.6279843741309215 -8.880643078579773 0.23522145931072203 -2.502454443651379
-9.402777455995173 -4.969804201453738 -7.0847765454722955 -9.440753492982257 -1.8595776142826566 6.298251941899782 2.7450691852639046 2.366137530771187 -6.493502747530869 9.87397207203773 -7.69950636156655 8.202809430659531 -7.200794346853083 -9.224278599959527 -7.384902872355394 3.1052670746274806 2.6387737365810704 7.9804311086247885 -8.059634124994957 6.28585542101461 -6.1411972152810375 -9.365929501379872 -4.981517754922365 -1.706555230403417 0.572148338090738 2.180344548776386 -9.529665781283274 -7.778284907967707 -0.9325926618460567 1.9508739524002632 -4.97186718250477 6.729914866231354 -5.95577398311211 -3.1214393718290516 7.33678140052308 -3.519355609695374 2.991625936595719 8.49342127762987 6.025056104218553 3.05246570768222 -9.356585594564297 2.6766002178038644 4.873880482503395 -9.838291866692634 0.8142826988681406 9.121337952343467 5.172553669397455 504.86014591711466 -7.555627409572119 -9.223689798227099 0.668883162184919 -0.9961499107292724 -5.305857204137641 -6.662120544843848 5.138390547078327 0.40374683049822835 0.06035890829560131 -1.460232695282098 3.4229352343690174 8.365392835044915 -9.005652020939452 -8.152069610998263 8.320698405137662 -7.881779519444628 5.925467343096644 9.119017253089048 1.796962545649201 -8.317726652927526 4.538685104647108 -1.4567265364805912 0.2630924621827173 -4.338158849262279 -3.565215553699641 -1.1362224545643702 3.254430225456531 -3.9970916146179274 0.9830569017118016 -3.1787750402096453 9.423083920130221 -8.397232440736015 -4.717281027985409 -1.4163411834027695 -1.2786342404883726 5.732661039953797 8.666757752263024 -5.079771929897916 0.7967252658813422 -6.418762743006892 2.619159188363934 -8.247725096684542 0.7339800847931581 1.2856560769587144 4.350511219748011 4.048995776972541 2.2953641160963585 8.278912106308539 -0.8344688698455904 -5.778021729591614 -7.163719530139387 -3.904152728869798
-5.073111176799186 3.973647794434507 -5.15661530901 6.036018165977087 -8.337806167032769 1.1060477832850388 -0.36036848032712143 9.163135246438156 5.7237263016985125 7.458000806229627 5.098641280698059 8.53106150577824 6.612056584659328 -0.9649573222474821 9.327468594768156 9.5625855737043 -8.1315666402159 2.6246781156943726 9.494534497854655 2.0766242491274802 -4.671817126637081 -3.9692345406255436 -9.789752088643711 -9.148230734931124 6.711543960323546 -7.835086364813173 5.897164104660611 6.222040306316611 -8.944635364168402 3.535093574802543 -0.9064384285449645 -9.848505370437843 -8.982199010569179 -0.5910276382959445 -4.516351968752841 7.6751376868123415 -2.9517373267080815 -3.491158232685308 6.431246635748916 -1.2279746623414027 -6.228691520022447 -4.3413152511664315 -8.436642250683642 -1.8572472442024779 -2.6859822182572035 -8.903332305362216 -3.7454376142582513 0.04577514964791618 506.5206554503588 -2.4361590558029445 2.178779365857668 -2.765824994494661 -9.954415093082476 2.7057884496630926 -0.29748839152262896 -3.177507579199874 9.905768228721353 9.833441844023916 5.328443805266261 -6.846872501051822 -4.675518290884504 4.10916969899259 -2.5162869917921693 2.033495247782893 -2.8216370208663726 3.4756513230904478 2.414493467416648 3.0990157148599877 9.926640533359379 -4.4283641836102605 -4.564273410400865 -9.896699582439304 -1.8872105349253854 9.3223230356671 -6.859718357061344 -6.755030918902967 -0.3034297139379838 -1.5769805670411294 2.552055844438721 -5.478038569997583 -6.778817418870517 -1.977594710869802 -5.123892630009987 1.9883093240125955 3.835504577117856 9.000321533129974 -8.062559565140532 5.662922917074555 3.1697469994983134 3.647683425511536 -1.2396981176581345 -4.993853743493397 -1.1175063218516428 8.533866998418297 2.8360091975085027 3.9752117486445275 -6.320568462637198 -8.432964899064894 2.9153251346333455 7.341612466873848
2.3735082699172025 3.3066767082885917 0.5312094027765824 -4.382584389409669 -3.991032434565631 4.692469054453854 1.1543394862367258 -6.154887282476393 -1.5567459323096742 3.621097961889033 2.0225998763786297 6.499322472382836 -7.054194170573787 4.229823544294266 7.450030781133858 7.474009320532485 -4.069472116878893 -9.03316808616692 -9.111679436171107 -0.8015226228792027 6.8121333405860405 8.961600236553767 -3.286186868775123 -0.9589001350670419 -1.363283879505035 -3.2435421262549102 -5.016997652189477 -9.993809747296904 2.1592892394231846 0.8543602353010904 -9.207307946777695 -1.9056234525899978 -0.3158440797546511 -3.848814711593473 7.212297216149967 1.1735388411557146 -0.8621287176784502 0.933513494039687 -9.724146812196057 -1.4379618592899988 -0.6155799107131301 -4.2507696831829485 7.4930087653358655 9.034561156342622 4.2508305577935275 5.482843502942368 -8.203977669821807 7.134239492377173 -0.0350309686473409 469.53404738291374 9.693744002213446 -9.769603499078165 9.297857459521396 1.2566096772543887 4.6745351758546665 -9.705376584832921 9.189510430844631 -6.97766058651212 0.5945056742440791 -4.196330567980393 3.1127598710381665 -5.64511737067392 -1.0614308636075105 -8.098358613972163 5.8121553708075915 -5.551087122490692 -5.909278680888086 -3.6338542123468764 2.9470594867637434 -4.67091561387964 -4.252088328372143 6.934889978912253 -2.6939430310024637 1.7322025695550263 9.049763961343068 2.9229024504458163 -4.842902644903921 0.161079280475958 -0.1300918612194497 -8.155768414684491 0.03347370590810961 -5.000501781399946 6.10458070978682 -4.129650075728371 -1.2614436879752926 -5.50068985726911 7.219704945099458 4.851735220855629 4.190133279113317 -5.270730849041907 -3.554160343310526 -6.592024631304216 -9.916279168812531 -7.04555858276509 -6.2133774348146105 -7.650255759737272 6.60273442402303 -2.9536005148664657 2.0405656288097553 3.292417125109644
-5.499652635642178 -0.7434076170354693 -9.133896122023993 -1.973995553960231 8.916060472543762 2.372567255572269 2.4150679048506696 -2.8238092154565786 -1.0859399075236293 -0.8741016566310655 6.675667550140936 -8.093674243641761 2.915540626364976 -4.645422086427096 -4.553295535315196 1.888824168553116 3.915866310176682 1.8935695771954038 -1.6163563787783453 -9.208590975357167 -6.188926421171788 -2.785139264578815 -2.9956249969184157 6.822160758190602 -7.889596690278882 -3.300760152340967 1.8848252852186356 -1.7663368084101663 -8.011211326105192 7.626127894595502 4.840507085105024 1.1991333993832782 8.503959237062752 0.631672324549319 -7.314792238755747 -8.156184667061977 -5.200385609256899 6.990574961559982 -4.086868673674145 -4.981720889661963 -7.575225136735142 5.663116560409033 8.12043695105966 -4.992627806874335 1.6383332166977596 -9.448420315436543 5.514866020328114 7.8206925167207295 2.5033013702058344 -6.176713410499577 509.25102856884524 -1.417121545504438 -4.7482915433563715 -4.632660944654208 7.522466457257348 8.040435812623876 1.4205808979835037 8.904383365712146 5.924550623788845 -7.562163182104564 7.89943801865871 1.81758964887762 7.532965958719533 -1.1032581470815224 2.616020330426764 -7.269798378989809 6.550657338623733 2.2932352650394083 -8.209124090645542 4.294964591534152 -3.05689859384195 -8.752453104837148 7.549749444996067 6.288628627880726 -9.299496826453549 4.995103386068946 -3.024702852668309 9.197635361812033 8.239363563616372 -3.187735195006187 7.905956769198458 7.921842173162407 -7.119985843010362 0.3154927746167413 2.537484149872963 9.880688483363055 2.059231508841645 3.2365232244364233 5.3372355257277455 -4.549927080646086 -2.9378653193622633 -3.6358691173771263 7.135724104439348 2.075387240464387 9.428913711519748 -7.419417915584763 -1.0431988563439276 -5.222956766582525 9.52776707649723 2.855005946353611
1.990070913085642 3.543574068653143 -0.04791275548160101 -6.684353132514788 5.4596042678324785 3.6268704776201304 -0.2440230856265977 -1.954056421522445 9.727778030224787 -8.025997993014487 6.081034200444265 -8.927090262580942 -7.544392798007622 -5.82543264933056 7.002177511161353 9.378732344699383 6.9243065701651325 -9.770338249382087 2.893587667297151 3.2248128372000284 -5.492854995598595 -9.763369745782649 0.24020008695099193 0.1302982256699199 8.579436927109299 0.4790226077414701 -1.4928884080050935 -8.624251440710651 -2.0787155998286 2.2722456383310625 -4.864097098735938 9.268632604011493 8.167675782267189 6.7221455779046835 2.206495759279157 1.2490694221102423 4.9492351716812095 -0.8843394842728802 0.25616505445420756 5.513617355169007 -4.434595421162637 6.476325699721372 3.37586387606159 -2.9480216941828736 -1.9264734843746076 9.985388408435014 3.103286515986044 -1.5965669620451735 -9.247769751773394 3.1155980875990714 1.2596004409980814 477.66461121674973 -3.8337991806430294 -6.171568421975369 -8.832041278141842 -2.2899018591920184 -9.254239092167564 6.75146285010808 -6.695790522207146 -7.803658649689722 2.6476002812344372 9.220620677300502 5.468602273423125 2.268817600757682 0.18835779862009971 -0.31732619110487903 -5.082516291229952 -5.483508619237072 1.6602257992635483 5.527501102045466 -2.440121418606564 5.292123961820723 6.112160668426316 5.647896011015536 1.3145094396300987 -0.9087809678784495 -0.06748358647492836 6.34025623219263 -6.046010434596698 -2.8495287988539575 2.5546122309612063 9.822380622720818 8.152087085403114 -1.6697056987668049 2.3239376945425967 -8.658952574524907 0.8117796327664433 1.6682277942574135 -6.758690052530387 -3.6043132924266175 -5.378140093153134 3.9436406684454983 5.792645675476971 7.1632902992861 -8.64790421537509 -7.4536033386173495 -3.5465784139047196 -3.0989412430328844 7.654295997055851 -9.615873009020426
3.532642814717379 -0.7695509392587319 3.6479595177738116 -6.89874304136157 -6.450666284485054 -1.0165513210577828 -5.7655696212052066 -0.9164426267187622 -2.719247429552154 1.9056423301049072 -8.939142912997006 -7.358814587860865 -4.9806413433762575 6.536325650076911 -8.05769966174976 1.3388768905638866 5.146825873036816 -9.787226156456995 1.2899176363574316 2.613794114577818 -9.145874087396033 4.630040031719799 7.020313865627784 -5.843298921297646 3.7240127622878187 1.4362123453136437 -7.932826737584171 -7.215400463529642 -3.1703794206400353 1.9345823574112249 9.808244695784634 9.757293436547311 3.6050502205985513 8.10374041510044 5.010311575239147 -2.068959588132371 8.995891068322873 5.986709355532209 0.42080131010534316 -2.460340494787319 -2.07939212009814 8.837364855497107 -2.3571171195141583 -8.284329758132428 -0.1917359494112354 -3.0314007013396456 2.5237546025057007 8.767973439061901 -5.16470660880521 -6.671399279803767 -8.011622676886551 -4.156990955986963 491.848214599765 6.130982880550196 0.7503765845307733 -9.5150275911334 2.5588308265565978 9.81080620242092 -2.9931546081664795 3.2260080894808567 -1.4359174120731772 4.579387604339347 -0.9806123237950874 3.298814436241786 5.089403438535422 8.082622564992484 -8.904261571544046 -9.380060046565992 4.169879000492029 3.364187360007943 0.8583881649488383 4.554129989827533 -7.134386590497746 -6.3522982325204485 9.8225448955477 0.9359374138412662 5.530289752387784 -0.9033600158676958 -3.1256776380254365 -4.958993683104618 2.5053324811945004 9.60585894912527 -1.528876152640688 7.115066966590511 4.688247656411841 0.08699523148317923 7.4109453625115265 5.4418866101377095 4.549722539817868 -3.734217429139173 8.38182026926576 -9.044607449966914 0.6913225893111914 5.7748866765261475 1.4566510412075253 -4.740577006889566 -9.92445520299057 2.7233820572860523 9.274701094550718 -5.34887460519613
-5.870535160621757 1.7150531194789487 -2.799383040914762 8.134170642719788 1.084148064259784 -9.60837194441589 9.320983681099758 0.8828531363917804 6.380063576093573 8.557457039982683 5.780126323937358 1.8250714786475282 -3.8043916723262594 9.375927950987343 4.357714824634071 6.263314890508816 -8.23062313123252 -5.992403590693103 5.107046973467085 3.364184101533688 -6.0216008535222265 7.4499773135194225 -6.141305758205111 3.0982016846166403 -9.129777954298568 0.659067970386344 -6.247389889273604 4.853957770779999 -2.7572769551698713 -8.493216819548227 6.921100168404987 -0.6355647856726314 2.6203353755707894 -0.50470873262773 5.207644697491652 4.921848893781579 -6.443242157327774 3.7118910399659892 5.161468920756381 -8.05698025573085 -0.21172761285810893 -5.726006276823314 -0.10648517767290322 8.515623636983328 0.3409819326955592 -2.7454419164862305 9.26139716781072 6.758582523068206 5.502842476001826 -0.7446293139478772 -2.116916365979753 3.61734760462374 4.014368460833346 496.7214326230204 -6.385729074244393 5.795468168839463 9.326253473545872 -4.611635167053394 9.242341012904205 -7.204733452711178 8.603569468845343 -5.283441490890334 -2.8311646057809075 1.3683951609296674 -0.4066884600682723 -4.446976617466989 -1.1169205567579574 3.045815854240729 -2.141797957167788 -6.997912946111775 -4.651432645475621 5.144215344446671 4.17263050347934 6.986508849539803 9.863518780740076 -7.569787857677577 4.388434990651406 4.52399174410613 -2.0704809776957322 6.134543378708134 1.5101365622953367 -5.67474640262885 -9.46928554682347 3.3231375462891393 4.939080955981279 8.348035813906481 4.539102020101858 -3.369093361444488 6.5396105118264565 4.253720761504592 3.510251603436327 -3.496466045955689 2.091272279694314 -4.968466284034867 -4.434935849861259 4.054974139155874 7.295901596140389 -9.719730856096092 5.959899176933776 -6.721756018897129
7.771672066223591 9.085483275328695 -9.059177305851097 1.4238510189440774 1.9087782960384452 -3.058049050347953 -9.40740083321 8.610197961769032 7.967026769388564 -1.7319915292864234 4.775057785541826 -4.447563345686518 2.2425231042343956 6.123124474841024 -8.66661657402963 3.914354600766881 3.11919535984617 4.247458806439639 -2.844038069999084 -3.7989476012515695 5.075234527814416 -5.249939941131498 5.843356703596818 7.560178191887417 6.908553002328212 9.27066822543852 1.2457846318462558 -5.906505880718544 3.191523240882578 5.447145962460201 -2.8915185615773193 -4.552050308202484 -2.6169072707938597 -9.137899415786702 -2.664268950485294 -2.7380027771449704 4.346528020189936 8.112976697462265 -8.626442403274769 2.99365811182307 -4.580327406071374 1.6476631281378147 3.3173670781695996 2.065444974842933 -0.34094562494711944 -8.574132722908232 -3.626769320863965 7.781566769853534 2.782542721828003 5.0712763416967555 -9.033055582767078 1.5204033403383264 6.194993740231375 -1.3546397524999456 475.465781403567 6.633220042485664 -8.799341371016865 4.03214386144985 -9.63692753881017 -1.4156967263576483 -6.097892939799614 5.848536872198638 8.341778963029189 8.595446008656673 -5.027430373547053 0.21861844033435496 -0.25950486509659854 1.46856220716543 2.802632666169128 4.206971836721479 -5.426846496573711 -8.235909567873495 2.78282307972985 -4.626263195871745 1.05575901401253 4.612957551955258 3.091151823028806 4.436636634855224 3.1871847054427356 9.775044739432023 1.4827978376114324 3.0697716701926474 4.2809451051613046 -3.9486865257186787 0.6861644004197327 -6.339961855700671 -3.206633367894245 -4.8982810195978255 5.664488849126171 9.39940791067593 3.5105576368163156 -6.678648683145621 3.4412835220429514 1.3067808908859497 7.429750533686047 -1.1130495997392984 3.7902978837351515 0.6967346307223714 4.209971513263373 -9.077943233938841
5.141986775500625 -0.7075194141674839 0.7264313601734322 8.128797957198334 9.61075290367988 -9.42313198680938 -4.850683376051698 1.2521767562131618 4.678157141110269 -8.875641843030193 4.761557601063773 -5.297410949944257 0.6076471200004274 -6.266662294532768 3.8998092266020716 4.011541324174178 4.348035665739081 -8.524891451691305 1.1925932284553404 -4.893557203577514 -0.6680472486227647 3.567992584124248 2.700225012072659 9.00246573220516 2.5924441766899626 5.931696525687089 -5.6678449169437295 5.416128423033726 0.9639697344427507 -8.786968981121852 3.2563428202792792 -0.4788898836199138 -6.878211346486536 -7.572507704270855 8.585545053850645 -4.882910556901292 4.28132267078116 4.566380335402066 1.8453452086446394 -2.7904993255722133 -6.055635657523131 8.95766344126752 -7.426090229107358 5.8651608023969395 2.5742073476738376 9.66826004492599 9.391845566243088 -9.77817791648333 -6.3016487460851405 -8.827067155886661 -4.243156547116744 6.385515030535483 7.093765762952813 9.870445651247874 0.7291511571118257 514.1572248883763 8.358844731204481 -7.0571358466309135 3.794360889854726 -5.243220870092092 0.37975866614241127 6.700927162452373 9.826264594412844 -7.499779738369927 8.934729245927763 -2.830920281221509 -6.7353823968418975 -4.1238016759316505 7.455942052349112 -0.9204044457100267 7.381885032929262 1.2738949178975574 -7.716995655771102 -9.73691730661338 9.713796566815173 4.7293551918853165 -0.947786930146286 -9.361123583848725 -5.455792229757308 6.268167196615192 -0.44023623768010367 0.5322540910355951 8.854680005887488 0.7465869678686623 0.17591963033870783 -9.116421936858831 3.6288326204287795 1.8455901590628407 2.887974052273112 3.829405756732582 -4.849800779552278 -6.426656685175547 -2.7604937151000186 7.975250009183192 -5.590930613028995 -4.581214823818296 0.9649045886873235 6.108716979873382 -5.463866605909469 -1.573353397472406
1.6582616349913444 -9.043723858786848 -8.57999291243596 9.777897102906884 -0.38466862306455063 -0.4172525396558413 9.668599552252743 -4.686074179254225 -9.421846529212669 4.319695679995437 -5.138197280556094 -5.439369716602638 -5.307890242258413 -6.921638323308619 8.264694857704377 -9.089115659082363 0.14016095769225068 0.14029767380585412 -2.5582233415045508 9.136432182547011 -1.063545992588864 -8.915113391799716 -3.1038650713027156 -5.159080360320432 3.2284033272281203 4.331119330622732 7.289710502805097 5.789480364474954 7.233149271772717 8.056026867574381 0.6445683878850588 -1.988168046886047 -1.9338788907498543 7.8604379542853025 -3.1618639468825993 1.2938427746695798 -1.260309283826773 4.250372491442388 1.861376115553428 4.7411007668793275 8.807217880831729 4.40265865801717 -8.122960510232263 -6.039639490469728 -3.2640020970058536 -1.1408779920554313 8.533880718255414 4.8268431328821535 1.9283545561283777 0.6582064614123251 5.253439077614807 -3.440340215323843 0.348654507553281 1.8147169430318595 2.0780844652133705 3.9534925300493313 474.04658904913407 -8.017154293347916 -4.640894918178615 5.758682243454913 9.313489315397337 9.204215000964474 -8.118443299702347 6.118776507573823 -3.876686605725766 -3.6382049133929133 -3.4098281191755264 1.4506790321909158 4.565064584237895 -7.699232869449959 -2.104326106549226 6.469531310221232 5.898555872768439 -5.987944541493291 6.407834274980651 0.7229370551998908 3.0192237012730345 -4.034344575414095 7.588561561912698 3.6653701401078447 0.16937759716869216 -3.810979825172039 6.631524515131982 -4.378239561920452 7.346932216864765 4.2857369854787475 -2.049290527205234 7.389237334058979 -7.444829036125427 8.63635503227081 3.0056202260896736 -9.786340498859643 1.7961714869233134 3.924890483447019 8.106259946261705 8.01885490679258 0.05563406079508226 1.6972946883032218 1.770577182618542 -0.6112377247913958
-8.913398099361808 -7.2128719318010965 -3.20790579533647 4.842846724940518 3.7724263585128703 7.310972662466504 -6.280510617978255 -5.499569240395936 -3.646048698279838 -1.5831411580014958 -8.412199989652898 9.858090673977717 -4.135330133101598 0.6026966536813543 6.012580572179406 -6.489556116157555 7.374913774933102 6.23765791490537 4.2317199936100955 5.632718183616641 -1.2993798506344927 3.594174351734658 -1.630311054334367 -6.979922972799861 4.745547919134426 0.9865178791325651 6.4780126055287255 -7.296483616182863 -1.0628058893769001 -4.287901222470511 -9.093566231136556 -3.2684087702227416 0.3635401511293317 9.219864386819062 0.5391780728291824 3.901626025236647 -3.4648693799116863 -9.122093174872214 6.097438170733824 -7.592273543472232 9.05021512780321 -0.6557012356232548 -0.3341809896273862 0.10475066593396676 7.226216295562754 5.438200549039728 9.864081612050736 -1.0135993446544376 -3.795609366651438 8.821897350639926 -8.095248712299494 5.776349211582177 5.9473649315706485 -6.440567471342938 9.450851396355738 -7.6835010849477285 7.014765319707713 510.1063883192595 -9.704396495368462 -0.3247687933754122 4.8156046344812395 5.358664721968896 -4.178090560109943 -6.252733919492011 1.072222935128714 -1.7027595003134586 -7.423207242743168 -3.810656136560169 8.101106299443096 4.780472513428013 -6.887046567039594 4.445830031046841 4.823052018580331 -3.3174101215696634 -1.4416675399324852 -4.380470113524679 -8.151346496586559 -0.3616059841196062 4.755250280948083 7.5253697288403 2.7098631649623055 2.878905609152092 4.21468285084066 -3.363541525417615 -8.795329766419929 9.560966797324102 5.802814266687937 -5.28249007533547 3.58828034317696 -7.495653176598962 5.0191495918330915 -9.090830449000414 -7.015056347502742 -4.0729616225575915 -6.23759444741935 3.320995808946993 0.6016347445796058 -4.928737959381728 5.594665794754082 3.064335383669972
5.2697334444206305 -7.680857657327051 5.115844772154507 9.784812029897282 7.431383927879722 -7.94316044866231 -4.233239039239082 -7.864796746558289 -9.418036317301464 4.227556191220852 2.0803018544173373 7.870679336228804 6.559801148327903 1.7355515695618724 -1.6253280293118912 8.70181262916158 -2.6758671205402162 -0.30300671128870604 -1.4924640103853442 2.7632790080438348 -7.336386525580161 3.0086376480824324 6.057610209397552 -5.507656160180683 1.733489117359623 -9.214414541582531 -2.383432353475099 -6.386906651113218 -2.3769555954344295 8.062055979061753 6.961101412837351 -6.84593637677152 0.4973210197421025 4.100983884032097 -1.0656660615553584 -0.4637319413204182 -1.3198999446897535 6.645110262382051 -3.3642423342950245 3.431313048890738 -0.4127576505859558 7.977197586430329 -3.9866049200375597 9.161344458845548 -6.611271951538913 8.951492325594007 9.443099937175546 -4.848622263606379 3.1480466863917673 -0.03588304325605485 -8.186643514117058 4.889854213403474 -9.698933930563863 -8.900148194708759 -7.8499671372772095 -0.009699457914308596 8.347227510609251 -6.127152180444632 511.13668456208995 -7.737768041488606 -3.647024218230861 4.702818456988814 -4.866107307222238 7.509699937120459 4.630676099793025 9.82331681609859 0.871674908982838 -5.381803578377234 1.1982950608925051 7.832707793246538 6.015204274634176 -0.8947663097868706 6.864469759070207 6.023982350386497 -1.392396650876064 9.59839609589465 -8.033706587196816 2.465145876323355 -9.26607164553645 -6.474634049673693 8.100248620801885 -2.9823049124776073 0.2653153868724427 6.913263684617263 -4.193766905187822 -0.28373134465967453 -0.5259586107043805 8.035973513410461 -4.14376326881118 -8.466683621545425 -2.4976640290343983 4.358693471189888 -3.824718323007959 1.1249430779739065 -2.2646858441306117 -7.816500641084727 -8.99137081002773 -6.603048257218058 -2.785840953198888 7.50872642408827
1.2465489424212155 6.816959805498769 5.083756425404575 8.045411580483535 6.812251622897975 -0.4475397187943013 5.853599615054318 0.6950601255044102 -2.4775937331028075 0.19932892452118978 -4.351769414463669 6.506918086554009 -7.035037216888971 8.28268892104375 1.3969366031508699 -3.5382012936778473 5.338312684570623 -8.314844892104894 -3.9543649425402254 -7.151289613049858 -2.246061916439322 7.123582054761151 -3.93198132502552 -0.2961297295297616 9.756269186244989 -6.226468636418476 -5.673197882185537 -7.753323110680148 -7.6759168424654645 0.6638392812198735 7.262027702884932 -2.1558940173694863 3.535186258760355 9.330506117949295 -4.449282994514552 1.147455500301822 -5.881922352073589 9.753220845531562 8.617636401059528 2.359950101434009 -9.269910278873288 5.081385840427458 4.879000921338918 -6.518184127435774 -1.8096988796595745 0.21434313439734254 8.722255641995822 5.15064386432015 -4.175426502552508 0.8787661085160074 -2.68174102295756 -9.736189287161219 -2.012353408630794 -9.16996153077715 7.047366330639914 -0.5260665388702428 7.564954447063432 8.8892649733287 -3.615216010041551 511.7331360382663 9.05135985876526 -5.072654671124479 -8.931485081019908 -1.1751417618088578 1.6958213619966251 7.5394818528807015 8.439292961948532 8.129010446474737 -9.62330046622615 6.184915418119573 -0.8306253625901672 7.116376368228966 -2.7269883626334597 -5.95620009912442 9.408911459618079 -4.403430091929376 9.11936917460882 7.324015431298072 4.022482396738651 4.569356445109689 -5.515168185394009 0.7071072621241825 1.445888828787691 -3.717324948929863 5.051622713152392 3.097894632282811 -9.162018081623335 -0.06897432227714617 4.324441148913918 -1.7009772773413534 8.951495920733638 5.4266435011605765 -4.81906659290358 -5.097062926074331 1.9332062111250004 8.049093467712815 -4.723419070963204 3.957769022485971 9.45384679146369 3.185555541304071
6.056126001188964 -1.9777866848868229 0.8961678536062507 -6.271092659138486 -4.042389345684255 -2.183313754473186 3.7270864224928175 -1.946307479185002 -0.5773753274704667 6.0445678497649915 1.2864680189693267 -5.624987133935222 -8.514032331386808 6.061242054164179 -5.793010215045797 8.295511632234621 7.233973383992925 2.5954630938410865 -2.4504164655851763 -1.6795862660600456 0.5285233019852456 2.2243782723855343 2.950737938330226 -1.5531671310443667 -7.713384390821975 3.714043502454995 6.285958148116322 -6.804544130870662 9.759439122841648 2.0634114534557995 -9.169205444863248 5.6547311659581645 -8.75686908621942 6.765477864323049 -5.393775003026544 8.646043604348435 2.0831336918333214 -8.23551791760811 -5.33638947750439 -7.675866868057892 7.5043099612180555 -6.25057530183124 9.702057566196029 -6.836070835928791 2.6348180755029453 1.085430760423785 5.681144662359937 -3.254087788224207 -3.1958589589336768 8.74422012799156 -7.600252582687032 3.6786510340299667 5.752522835803786 4.934573114252974 0.6197891052140072 -2.3744194897426567 -5.612963042706238 1.961077165552874 -8.077791117598927 6.311915575557055 480.5239765136934 -1.8060515943803583 1.2983372797619381 1.0408103343194313 0.3036316174372633 4.24193968886698 -9.779815615661851 9.292186843100229 -2.2172186519943438 8.66797247911936 1.4244095867195234 -1.827283356459171 7.024282022689448 -7.096171748561506 9.168208824698535 6.243021110162836 8.612293519356662 -6.050780254792587 -8.220366791331784 -3.0656054697843738 0.5738466204112402 2.8185814372307085 1.1590605063982888 -1.6279232608096255 -6.33550745253924 -5.952170777254377 -4.493531821054955 -9.212907716702485 -3.2309404659995256 1.8379940165699598 -7.119299067582052 7.017350946869975 -3.055757401650572 3.4562094669305683 -9.931310361836804 -9.747534701033974 -0.3034539600036439 0.698520946059098 0.7438032186739445 3.8225288867441023
7.248616394715405 3.5618455973378076 9.942320411788067 -5.703799226338244 3.9290846341915735 2.099150417410076 0.7381834658266655 -2.981766434295574 -1.9164992815455797 1.4877478676365268 4.852595330101115 8.318239238744113 -8.585825422781173 4.174317039137076 4.548148209593208 8.5690462908854 -9.173016317909477 8.048073613886107 -3.103461397992831 4.368246318026358 -9.844888664938676 -5.19460852217394 -5.480284105021576 3.2542912370378403 -5.2037739095178885 -7.427950472669831 -4.83127326938229 4.0687781898426 -2.569311970121384 -1.6880481747641323 2.1517010484861743 7.468717627049543 -3.8242977911029907 -7.39231585771265 -8.571933594323934 6.711005831602304 7.613042122300776 2.3409304861476556 6.257875613061664 -5.527980921219733 4.7393876394670205 -5.8775432005376205 1.1144358142816877 -8.618365752462447 -7.823019587714983 3.579929081925945 8.286918186339062 -2.7797842969562936 6.698146276418623 -0.6898882083251614 9.644151115619561 -3.401488168916032 -6.170356971853817 -6.7273355921423335 6.718789424638651 -6.811739609904692 5.844833608197458 0.43812289895979184 -9.3384730333094 -2.2446575240767856 -1.1666652670100177 529.7704321960404 9.737517659430697 -4.802433663574288 4.135847900441679 9.479166699947157 0.4988035462712297 -0.20429301379934728 2.817547538861227 5.7527294904990285 0.660139502521151 9.789788051930561 -9.284980098140387 8.796695179851575 -0.5684491392503652 6.887790938675792 -5.321526268651078 3.8845071925279235 4.829070295748341 -2.0883231624460707 -6.834171523545278 -6.026642342169646 -1.9972390319026836 9.398831885653966 5.644352861235005 -9.006489761335668 6.8827759225092855 8.44481627821309 3.8815713101266773 4.694873191826993 3.203796557488925 -4.533689939962442 7.197725550283884 -5.369968257357751 -6.0301615970030165 -6.776141386120917 1.5809481692716183 9.68471162534841 2.2861398215627844 7.652543262293094
1.586862419436395 -4.517908934955388 7.2456729693821025 -7.77343861496327 -1.7006147785531418 9.821018828794859 -4.677454933108063 -2.247634659271773 -2.49444624492898 -3.351381655559198 9.892044886290893 -2.978098656963346 5.861485020029427 0.19807236283645224 -0.8048311328329234 -2.8995553194214985 2.4125038108219634 4.141686752998201 -1.6162933156297825 2.763026353042834 3.05175798766105 6.9253257588327095 6.8434401949728105 1.092871754240237 -2.0687767233625642 -9.09739464449358 -8.718158381534272 -2.400013356579942 0.34847334384206974 -4.120207698346405 -2.478089383888122 4.436453776137041 9.721052500570181 2.314570634681468 1.6910464457151075 6.224211705464956 9.79806025567424 -0.8373358654514824 8.034457659229592 -9.369763480914472 5.052037666323443 4.591937581272727 -4.121903995570846 2.7891931487821253 8.262159086377153 9.065787763483154 -4.7417688482159726 -7.082560833813815 -7.7534019451368135 -2.358796301312629 4.618612362045818 -4.352428999539859 -6.418410724415922 1.1036145138277416 7.351570178697212 9.056542237031469 3.3689594844183297 3.1585592654291403 1.096585847917238 4.164750805503957 -1.8498859956704727 1.857173236360591 483.74582531687037 8.512753518348344 -2.943283393478895 2.952094565032704 7.567902716177112 -5.722478196839953 -1.5708277861330586 -2.8126656973045527 8.60400182027448 -5.675272713074502 3.901372555958682 9.30767813465383 -8.663488714192159 -2.529206165443119 1.8969039131235554 -4.860788849259872 1.3653124946308548 9.94855074784278 3.5454632329633977 3.6409322831986497 6.874226264173174 -5.866709941914603 -0.45450363601524835 -3.008579728401976 5.717908871664655 6.567078391345781 9.700806154216075 -1.9069117542153542 7.17610216964809 9.99400599477131 7.951865947806514 1.4966731238232622 3.5201647556592555 -4.521916761801094 -8.361921552134302 4.728431328949831 -6.198907484403802 9.409532652384812
3.938674461708267 -9.549983196885844 4.978048834787803 9.423250567353783 2.541094806901569 6.818139769245885 1.2052806539594094 3.0155705644954427 6.748382647842682 2.701556359752706 1.1836746911064537 -6.485397298784161 -6.085260563354183 -0.0321243565676923 2.992559666285201 -1.9680820543772466 5.203677237527135 3.7635704842058377 4.709302898543717 -7.461713559223718 -5.50907768283526 -2.54953039631745 -4.085130604093838 -0.004728346320888477 5.766009757015617 -9.778173626921287 1.2422592074876064 -8.74580860846261 0.6822393270381255 4.498943467063414 3.115290418509776 -0.9266394750821245 3.1285647252673776 -5.728388530626054 -6.724859353576371 5.604011012215949 4.8591523509612315 -2.3128918910595475 -8.292216761485708 -6.667054107670188 7.972269258884296 -2.566731255683745 9.709344265387113 -6.006745311654667 -3.489421778667139 2.6791670315340745 8.961487693608824 1.7910613287648065 -7.37734660328856 6.640791846845325 -1.4566998402444913 9.78390856883383 -3.5892164904402897 5.2070025937779985 1.9966129998596411 2.7092753364745708 3.9296158316661316 -2.415398145638248 -6.018076105500434 -3.431221003241342 7.4959574068368475 2.5520349284861847 8.832517200498824 476.5627259775098 -8.196518999336117 -6.4957203997890485 -2.7452925809816353 4.698256410928629 4.705790038182311 7.469368593054622 -0.34174057201955677 1.7500584906275858 0.12429970423239389 -6.188207090725719 1.3835614151266373 -8.052287959573068 -1.8256744974063626 -4.81515330965421 -2.684637243980954 4.249775266411975 3.36444952619237 -9.23998826489252 -8.640542433856584 -6.801910139042533 -5.831448719884198 2.5105642173199705 -2.256795795677098 9.353762321699943 -3.9311445219974743 -7.814192157614512 -1.81779284747358 0.39242267212611637 7.76313561068411 -6.183568118297574 9.723035078164465 5.1677768440335115 -0.006698868083450549 9.574310660139322 -4.738983084114685 4.4856727762263855
2.1766908106348897 5.637878385487447 6.408907014467015 3.086141812330382 -6.837883184195448 3.7537617126750096 -4.270184561314014 4.28617547641419 -3.2287619257308346 -1.1618665116913434 -6.690312924221537 -9.314342506684376 -9.532998655572486 0.4831869017699191 2.49655289485373 2.7506670497200574 0.9823032136341414 5.3033635838499915 -7.204811932905955 -1.63958610466935 8.794766827276618 -2.480963083951755 5.688738072285586 2.568227091434924 5.405129078113154 -4.147419442333053 -1.4596230971623072 8.861106353872547 -8.482952352867589 -0.23656494977437248 -6.552883505077823 2.8911219644024726 4.2088732004112686 1.8475294096355412 3.2282225678093095 1.9459610088219375 4.138811073167021 -3.903310095027635 6.282772177367487 4.292151535095456 3.5173194017440643 -2.2901155930079 4.675881719882112 6.120254329125466 -7.4628826719825785 8.35288768691322 2.196899489123769 0.1934889003948843 0.457987829167779 -6.24990624841428 7.220784743040831 7.434670396884126 -3.8705189219824776 -1.238915762739886 2.6057512205466953 8.507493218531156 -1.1383364532573559 -3.5845172596295605 -9.814150041774292 -6.566569259663648 2.433487701436283 9.745160112481525 -7.466007573059718 -5.434362618442057 488.7524254104072 -7.878158963188094 -6.668290194716066 0.3987241342585115 8.117374526067142 -8.872817745552748 2.3959041094835634 9.365269434147908 -4.361075532271867 9.673255147748108 6.283788621915868 8.578405169580801 5.12885994899835 -2.119016828662497 -6.110634692811619 2.6645870647706857 2.5195996904557383 -1.2514327902387095 -6.448751978380745 6.249917644496609 3.70856843982385 -5.9488372272907375 -1.4222615536003929 4.6394400104525 9.983521408551294 -9.85059195788997 -7.40332851071801 1.0144776017509187 9.394981384362097 -8.09147973568251 0.7642956591510757 8.715003330282396 -6.731812571874627 4.452827112818017 5.439876138008158 0.6655365670205082
1.809172244944154 3.164102138377725 9.73305764104743 3.540083105862104 4.289056933574095 9.80798805814073 4.549243794266824 9.4380896791684 -3.0661016237052667 -6.508037957650322 5.058244559317696 -5.057347384441182 8.7828872434293 -0.5523859002438609 6.914967737493928 -3.6452737510168776 -0.5172935950156425 -8.93299433895592 7.39416359872704 -4.614776050645364 -5.211599294511431 -5.9129945810680296 0.6910132150601243 -4.2046030573843325 -9.282586082991154 -0.3750759822000447 -9.506502344911299 -6.398360648707611 -3.284459510901656 9.269035738991924 -7.543081608109432 -8.146945981288518 -7.1732236670707294 -7.415277451109148 1.385283395794083 3.4129954294395244 1.7137433549271073 -9.477532856987139 -0.11719870495034712 9.375849758435649 -7.348763579927469 -1.4578264797418878 3.873333120048299 1.4577158979665619 -8.086548003397594 -3.7789219615035785 -5.304023177815345 -3.510129506440826 -0.48723706486343765 9.95572284741161 -8.718069805198006 0.6244374858622077 4.378312753154228 -6.814262017462642 1.2410489769749429 -8.692642163843857 -8.497231109587792 -0.6436994645036247 -5.414521728290436 7.49670824997791 5.782187225242319 1.0010544909693166 -6.955693722324845 9.105961152474148 -3.543874385844827 521.6400382692815 -1.3769616006396141 7.3633551942022315 5.095965519608601 -5.815619524559654 2.4245625016451946 6.7466209725795565 -7.823019401300167 -6.078953544807155 -0.7380499436675017 8.669785824920009 -4.076367438320581 -8.859626570536047 -7.9489529198320374 7.773059591906673 -4.845616688086656 9.876391803286872 -9.937840317157558 -5.801780001058536 -0.7031021395984105 -9.953017638758375 -1.7090409632164771 -0.7021778611312435 -8.856737803550317 3.4214868877539377 3.9998121225923136 -8.023543577287104 -5.215080850136966 -1.5122488643101324 -5.444342907749875 -0.18666329224555867 -0.20403758718416398 4.890670872328647 5.835850373378545 -6.253053355065066
4.135620459927935 -0.20677875272146373 7.37841910921723 -9.511536955089905 3.5004001412331913 -9.678689623891172 9.278221637904647 1.3684809972770022 -6.5097900617492215 5.5879718584465525 -9.498704607182376 -0.8682725849033179 -9.4091199939257 6.369816252440408 1.1140994222102574 -3.5766449628156893 4.736523380967121 -0.05902225191327659 4.27482354678963 3.014263740206829 -5.3224874066562045 -1.481139411460159 0.9807204009337251 -1.2879487562407697 8.779610874505739 -6.049425502411818 4.27094797356502 7.397676981517158 -6.040143120684814 4.136069572686347 3.5747918561582885 -4.640729557078938 5.219384753723023 0.14972445721077676 -8.648725164216867 5.459016904842976 2.37920708750908 -2.1025151674024407 -8.491212945995311 0.5438022777442679 3.1022447448247714 -1.2982735852807732 -1.8482199535162138 3.5428534444163127 1.4577957807852293 -1.7733136440996606 2.5721397793383396 -7.436378692607379 9.898944671441502 2.088451372321531 4.189747783627356 -3.294500143688932 -0.12224435905500108 -0.03935770298511265 -6.713274004078644 -3.218292384531141 -4.8335880359877414 -7.9741222175825754 -0.5653050272084883 -9.983662312780568 7.608426196103142 -8.508936121393088 -3.9813638732945016 -2.225603929093185 3.5337949736325296 -8.197725227868752 435.806187799263 -5.033785856548829 -1.7322223656905873 -1.779557528083867 2.9904280087298822 -4.177305287934308 -5.0784856479330305 0.9340704749181157 -6.457139092497215 3.4002181268432103 -6.1758543714161585 4.65932804330436 6.448829560234099 -6.2246551569131565 0.2390805456786076 9.787211821707913 4.375833380693518 3.6207128611833834 -0.13893689080334326 -8.338115281137963 -6.362073110769488 -0.9411291294013431 -0.16505484810014437 -2.261189475286292 0.13229194174705228 3.628331562641641 -4.696855552954753 9.926695216867671 -8.355791229273756 -0.001690301560335783 1.109204877808443 -3.868318280827765 -4.810141397263925 8.966064133504318
-4.387420712189516 4.228746404034201 -0.9198791654117233 4.500578897801393 -4.619588145810933 -3.4334598525323017 0.7004476237536004 3.63518946260532 8.525652048316697 -2.599100529289446 3.290147800153168 -8.357792768715038 0.11490519064088112 -2.1839104691749034 -2.1106177544657445 8.206063641737657 1.2577646277579007 -3.186625803625704 8.208306210879442 4.94737982129992 8.12683317549002 -6.143406161077105 9.279992931732274 1.069650865313907 6.985112830720464 -6.541752080379006 -6.072597404936538 0.06756760137749218 8.400241206128701 -0.7881638448027175 -6.253353520684392 9.873394172920143 -5.44639898548964 -7.859437393759688 3.583668957294332 -2.4614705018139604 -9.148289232690491 -0.8260629222201814 8.860454858677546 -4.450503358628448 -6.899910777802704 3.403264525255125 7.038183260825711 3.6058253261754594 -1.5940676433560768 -8.899600186435471 -4.934319504000529 6.6018737456183665 6.949282415811325 -7.61944377443289 -6.79696226244876 4.805679997618986 7.006831119510075 -3.684721419142008 -0.7211999795490964 1.600685406038167 2.9868014684698636 3.581603092702304 -4.3985901147036905 9.564481845388013 6.597446832848441 7.65141102955733 8.87049538520462 -3.4384513856470083 -9.05286990527751 -6.36861915478486 -2.587211831307343 490.42113365671236 -2.2296644963360857 -2.9906706322484684 2.458460782388755 8.415775696593279 9.34718943022397 -3.6277903030377834 -6.156809218402264 -5.923682601972359 4.990111782865693 -3.5210000938969905 -4.442713976942299 7.505063037608572 -4.554470817737006 3.023395500979884 3.62949824047854 8.446573675369358 1.7890927518453292 -0.7453117529417455 4.624847213050982 -4.62678910160901 4.01039496633496 -7.0358089714671745 1.2042492527202775 1.9654611126956123 8.151395915926763 -1.7416495865463553 9.279248775769954 -5.986806365165731 -5.979626126287505 1.0795731641788713 -3.2260030110980864 -4.96481423383627
3.7196245749346275 9.399067095644277 5.2918488506101795 1.3828390750548198 -4.456487261744149 9.222255048880797 8.271345009420937 3.6624913830974837 -4.758157395374427 5.179825192375452 -2.3013171945582584 9.158398561249129 1.7194375458819326 1.1175947746450134 -4.382698754826572 5.083354274028046 -8.618231844530689 -3.7994546331063006 6.960965220840006 7.145565808347783 4.409787540542565 1.6112670981189599 5.219729003630702 -0.24373320748139093 -5.9660198187264335 -2.421417822157272 1.7519260628965085 1.4728076833210189 -0.7240150785458646 -3.3463916480718474 1.6767188570905827 7.874088929957967 4.295008021038596 6.193525700725083 -5.160579011044191 -0.5145104432353786 8.66033671287148 4.848076478411905 5.827060027417231 5.704041989251431 7.919853705053534 3.4760474127639185 -8.949142464341136 -1.1289791104075562 0.9450745488058931 -2.9003519394797 7.453053082808513 -0.18103787193310517 -5.545138336307107 -3.9326086486577854 -4.448745069406326 6.0623799315248945 -7.441855779508013 -1.669224336966991 7.014821306780796 9.45759864899438 0.3794102856402226 2.158656588637742 -9.195476212857297 -6.843560898523638 -5.281914455634755 -4.022057067438727 3.9966592999692434 0.936619272645288 -1.191086573214653 -8.760545164921831 -5.6914634078757365 8.81299330897598 471.97211999690495 4.950167105045324 9.984592828820695 -3.0190590364123215 4.497817494273502 -6.425247118882962 -6.490843194883478 -1.4429489870317642 0.7809253831122902 -5.751068235788552 6.893277414176687 0.003613988836445259 -8.862860308756922 -5.518362336305995 4.796278630870576 2.7297126739912763 -1.6104082019028905 9.108904434695646 6.247135910395841 7.196844960613959 4.2608783375897925 -6.721573434884247 6.094494735227219 -5.646020895958936 9.736564147381376 1.560158761095627 -0.08674042210511601 3.974148660810874 -6.724250019897314 6.0124359352841985 -3.369869905590786 0.051077680233069245
4.076553499718056 -1.8824642830002887 -6.8201571425183065 -1.0038383037356642 7.924074672742293 1.0709386414743616 8.739186449497605 5.979641260098138 -5.377117317207533 8.705492368259616 7.793661509360479 2.8775768809278297 -6.925846979096637 -3.1317958266050976 1.680364728676624 -8.338469922005366 -9.164710909273285 1.612249277416245 2.842161108615409 9.684685520989326 -6.447007679174486 -6.689150263866934 -3.6328261490516063 -2.1688574435158037 5.295045489344583 4.477040585567726 -1.9829322225932149 -2.657778116166851 -2.7089487150492637 1.6970111795373626 1.9548627910268728 -8.014577645571146 -0.10392066390235222 4.459686662700975 7.530745993584361 -0.8667420286561018 -0.45756388438552165 -5.074426127281226 -6.500013120775732 0.473642725160925 8.740425504951862 -1.3909501694255955 4.726559070038775 4.281236409502874 -3.291026606048306 -4.115842297668111 -8.84696864363432 5.418877025824306 -2.810901297795498 3.9557857848831794 5.130372943485074 7.121495269858837 -2.940761871328135 -3.8655599179600664 7.725393943331838 -8.861237922475514 -7.471587467996336 5.220665523519214 3.882506627435909 -8.748649673771343 -5.100183381166898 -2.2424284747196292 6.703376956937813 -5.053527203710364 2.6860304670731043 8.063770600319874 -6.793115754369432 5.971770739114335 -4.421035965522249 485.2051655907368 -3.4181735622151255 -8.598354003638288 2.989060808710459 -5.758553688128957 -6.875123913082053 -3.116489869806216 8.580453768422249 6.187739919838005 -1.271206467248815 6.485399923122046 9.859576947845273 -7.4347042221576505 -8.486869644651716 3.3625802407418615 -0.05779160686231677 9.635490178142774 -7.360780617492136 0.2928635457901265 3.107848855286367 8.631458217264193 0.22532957080858118 6.762809643746461 1.1287213181321007 1.043274445632445 -1.459943378947541 6.35657687697185 -3.6253577271048094 1.0898956933920019 7.066834056596669 -6.974091645149148
5.400301787883848 -2.248332011690051 -7.955433220074468 -6.974631503700097 9.696206186870583 4.442708621414704 0.26625471389906785 4.71289854523765 1.930504707177807 -9.374028390141655 9.265492460365707 -4.0572972869986845 -6.296287739326485 4.935276181974707 5.303929929763353 3.2181129482788524 6.023569281498567 -0.2872679070673243 4.856204397109439 -9.9024053705234 -8.273350752058185 -8.987476191975528 -9.075224163115154 -9.8644691126431 -9.124704119339807 -8.529470791585645 -7.469280206498594 -5.6051243267598565 -5.679245802248342 -4.453375069100069 -2.011153628189584 -3.740364776119149 -4.700777157511109 -6.7666792451707725 -0.8921440983931284 9.69135214918171 3.4565146358194774 9.27773687353163 7.589538956530294 -2.185200599044352 6.77593513785029 -4.3971081820715145 0.5862193001200104 -7.90027080520413 4.614215542332907 -9.210691388002312 6.745734611966448 -2.4100799282340652 -9.828916568639592 1.0707159355828324 7.146645743058759 3.8415502763410245 6.551350535639031 1.4216130091314678 1.7797015187236624 3.58932609959969 -3.7298905272960408 2.4705787462097604 3.686572637583904 -8.620299205770099 9.187718737330556 6.66165295127503 7.931850112810718 -8.344070309568634 -4.016735971784112 5.45704072210386 6.017524753770822 -1.5464487032120822 1.5322532236856077 -5.345359827300125 551.7853388296166 8.202935506329688 -0.04349404662329448 4.680390386036095 7.434467840559972 5.77402032589184 -6.6418493941908 5.486181349841779 6.413330702384016 9.956361163362597 -4.740798744994857 9.257756952492162 1.1507549931968377 -3.743389036193154 -5.365374690568661 -1.9806625463793637 3.8901717941582863 -4.143721497960701 -3.017233418773486 -6.833751850379857 -4.29168169575367 4.425709789432348 -7.2948270319556645 -8.591990591786537 -8.104015143869816 -9.587522657825108 7.03276205496357 5.8904067272906335 -3.034733379659502 -5.443870358944327
9.92019539872182 -0.9623737532543846 6.75234549529565 -0.6123955185366352 -6.183809225531216 -6.403537293419886 -3.1338258276863957 0.46375216521265195 -6.105025734878041 6.827573196407229 0.5027950317630676 7.303432187960453 6.117458371927448 -6.83453827333696 5.0329942498609235 -7.782086996924553 2.6214574305381397 4.306083136782149 -1.8272176190978122 -6.041664917136822 -4.380975917234644 -9.415790161382986 -5.172891515853532 -9.325665390616171 7.751778118700955 4.568306250871617 -6.9472879949700665 2.55493293854051 2.109681174530378 -4.7479068026104265 1.306998720648778 -3.0393179688880707 2.5864588582603076 6.024593899815489 -0.9252338578829171 7.242682510499353 9.36938426385288 7.036490871747041 -5.648394669704584 1.059710858210419 4.585678929084462 -3.1529761982687488 9.400241256233794 -6.616291709192367 8.72477035233237 -7.401027292535085 -8.62871302654548 7.15587679020215 9.967558462188645 -7.11937903162984 9.966976224542897 4.970127182934579 4.066736013520565 6.406134973965077 -8.22886340075312 -0.9690877377085201 -3.780184755206384 -3.168075527163716 -5.0788966902963555 2.8116521886983854 3.0670500198739425 -3.7754125226202113 -1.0862816661606303 -0.07313310011709717 2.3218826758977666 -2.280786479041925 -5.162943634350148 6.347585851275557 -7.66077375112004 -5.561613304154001 5.884042793115212 499.8610774005521 -1.055523963210458 5.327481992602323 7.201341435475108 -3.3060300423192164 1.4141345971275054 7.193076586989584 -1.8222847317074091 9.338992338785793 -9.978141376866516 0.12350354117425866 8.514348821949127 2.4058203304537695 7.545485547382132 -5.052893229491742 -3.7669721202543727 -5.019562379130303 4.857317602762707 4.619308611206698 -4.423731330229462 4.320630965410146 0.5473667207742032 -6.946122341208136 -0.6715728710961812 -9.863200562952388 9.319499008558985 2.0191998277033356 -1.9584960147894037 5.567076192408608
5.2258404012992425 -5.5143241262916165 -7.4245263307510285 -5.740845046962802 1.432367846398929 -0.7210764576207005 1.4222476869410308 -8.662137394954307 -2.9072409085546553 -5.033919850969606 4.382877975561492 8.265935397115658 -4.633612229765543 0.791462910681668 -5.883773822307479 8.322386241354533 0.6113199135172671 2.77157652955327 -2.359335974653403 7.0446857624265995 1.9630145793073233 6.339290878832664 2.9119129132996378 -2.223631840625555 2.8080364388364476 7.69012009235913 3.8163368871747174 9.804374049465167 -4.253592277611011 0.7311223866889307 -5.220774602960181 -8.024360446085176 9.491407049133329 8.969223796074225 2.7315539873110968 -9.279904023303454 5.970589768655474 -6.244464809021397 7.0881533903557 8.591339996040446 1.9126286912711006 9.031234252646229 6.559985597423633 3.1770343898515474 -0.5641152416160882 3.6947363323873326 0.5318484334571032 -6.467154271204059 0.3791672587856425 -2.2187719904085546 -7.983476989964531 2.752124573195804 2.281585306170699 -7.957212679083185 6.489732431719265 8.240642795117854 -8.933556203930205 3.3947816833456397 -3.0334159353829797 -6.403609285293825 -7.281445075782558 5.338311424066278 3.664086006332532 -6.489971554879135 -0.2608170966105945 -5.697038202227571 -0.4949715918489517 9.504640187697472 -8.120020394621273 -7.230511485988654 -9.83355091313318 4.367748143947159 525.2237908099829 4.862369293445493 -8.01168650180799 -6.368863563538854 7.119679035813807 8.913133779278397 1.0626211926497575 9.145627315246575 -7.974111517332756 -2.296171003269545 -3.60982883115474 9.960971779368162 -8.749602157866585 -5.462899350470883 5.852639999752171 -7.706527119560443 4.390645707602399 -3.9838798396703385 6.261556477155281 3.826793757646353 2.176374618495707 -7.320519383263018 6.062021270424545 -7.4402750046333015 -3.3480102968892744 4.0009230618682405 -9.244107913309612 4.9619965267084805
7.114973309494836 2.2852935843781967 8.109212965579566 3.9492235221388423 -6.261041500371967 -5.2874890119209965 5.259420207259975 -4.491060224818748 7.306639890460506 -2.5169877452169747 0.304726909725586 -4.120490961342269 1.6482028253799808 6.690926137296312 -6.943932142366382 -9.854155871858485 9.16097475320273 -0.9540707827984729 -5.443154444448544 1.1589125396591733 -4.820553180297614 7.422687918378134 4.56362177226266 4.582802460997566 -5.973451705867534 -5.740132611550455 -9.057899976553031 -9.772663088118838 4.74442725178311 3.818930532108226 6.031434504863697 7.495268315603131 -1.8524452544344463 -5.68707804940143 5.128745981794452 9.613740727905594 0.44700029652478435 -0.5077873722766739 -4.395785744345049 -4.819009215551442 6.617732984263959 4.010160944120331 -0.19794658432057233 -0.6121610089107286 -7.646711799282906 -9.650737201095867 9.046505137169383 -7.00710555154886 5.760455123432006 1.2195766256554013 -8.410745483062259 -0.09876853300156085 8.295120748933758 4.753352848905108 -7.825114944029123 -7.911486907075607 -0.39746033230701094 -8.358361115628956 -2.250134883842396 -5.839912191427357 -6.56041323822633 -6.127756947563531 -8.358125253973991 -9.495190300041694 0.6568231754175518 -2.909864084662348 -6.075987050073042 -0.08443948878525731 -9.921651386482191 7.379436129319046 -0.8715217844148988 1.3947562562879163 -1.603723373455468 523.6687123188308 -7.70384568494104 4.131338265709903 -9.799627400897437 3.7785743144165664 -7.620781253033837 9.179685435198653 4.064894215557018 1.0337050507208172 6.322549326043838 8.443016353168204 -2.24188806514229 -6.276209868907845 -6.0074853572056774 -0.5221955168656311 -7.340488209829992 6.305954182855093 9.87341768181939 -8.6565823409838 -7.138134518465202 5.484556243161302 -0.1174604580994476 6.5902689624376585 -5.706959863166139 2.555496339248741 -7.132204364331621 -4.546375857732463
1.3830916092153007 -4.5839230137311855 -6.608848071285706 -9.71134979910481 7.220233604760018 -5.70122066690034 5.648844127455895 2.30302883881334 9.160413131144292 0.9905895921616654 -3.3612834621658187 -4.849032111817451 2.90796411102823 6.872262827665299 5.606084817003868 4.152814124965547 -0.2963905739819168 5.3580435935124555 3.8934503883566407 -9.834350070523055 2.015496160909194 5.022593004686126 0.47087613229278524 0.278458182626693 8.470507655924713 -7.430736853683291 0.001640939432110855 -3.119937766164811 4.420776728053902 -4.9486895086826 7.188450835132642 5.715869711491221 -0.5469801797130547 4.752865918815596 -5.618984169531521 -1.5794368097378975 8.502261055800805 2.107080538115129 1.5506969476946395 -8.844868795414234 -9.90624336278313 -5.2979378277188545 7.5733807436111285 -6.391401202976359 -0.5723730396125966 4.733229759077034 1.5923377400635719 -2.1457259397466277 -4.1778859813394025 2.5709964196762503 -2.2552477168508585 7.389662247506095 2.304630730127073 -6.503231410690944 -3.7109544651145026 6.347836689776784 2.73911093380946 7.38008780547743 -2.4196410268416653 1.5400689558415266 4.120733671563272 0.8236708349753012 -0.9228973114954577 4.017579230829291 -0.20518161909232902 5.632164251098089 -3.9930476567612416 -7.83385747738947 3.89352035082565 -3.7154428231058256 3.0374030902133864 -4.095466756617679 5.319984806119042 -0.8765767162184765 431.3453861539311 7.026546173490885 3.859632697718567 -7.103430412702856 2.6191955834221687 3.9166332164482487 5.360859621593461 -4.944237780405631 -4.681750330584949 -8.436810088416282 -3.3273261182264218 -3.813455426042463 8.320312530636283 6.946065441147663 -0.41650568858297277 0.4006809972792418 5.411841373024277 2.3525700260692144 -6.694162851737621 0.8784509087854531 1.8876189774620844 9.343399266467504 -1.1514531203660319 -1.3535039622328267 6.695354740416441 -2.8551882693852964
3.9355374968167993 -9.472376723073035 -6.991761769641895 6.804843287069801 -8.949204435216041 -7.181836451473817 3.5403758648104233 2.6210912094202925 8.763077889241046 -2.4768279400041564 7.0654002312444 -3.2664454572545516 7.197325862742602 5.9489118269606465 4.98343444791827 1.3448309201856663 7.63480677554832 9.237055541294062 1.7520124310611873 8.007705858327686 -5.195652121585848 2.1966394230710407 9.607250520169316 -7.416255268002798 -4.034204501186924 -7.969634457248233 1.0994900566861574 -1.454606861647889 -4.484003053555494 -2.0047589738597065 -5.983288978309296 -3.017235416499431 -0.6261793899181782 -0.40050229394974224 -9.662096293871219 -0.5090788466664105 9.12013108749803 -7.685727947944267 9.405784953091231 -7.724089659631179 7.97088902123086 3.347437655364063 -5.7225010053438785 5.506574291436921 -0.7133957608946488 4.761056382703025 -1.8146536094872996 -6.003682436065938 -7.097383039890353 6.584197656013718 -4.244461630833363 -3.727430881141842 0.33559347462374234 2.023197360915159 -8.426635499091796 2.8707918964897434 -1.4320085674583076 5.931970159368404 -2.5286990992069764 -8.55369409753971 1.4301842312113404 8.656433472212758 4.942049714787187 -1.3221779963495894 -2.1947352474432087 6.486112050272613 -1.6833114113062138 -4.040387461055872 -8.237194653152232 6.738353623823837 9.954027359002406 0.688768602187892 0.6736986035987691 -7.942982999424373 -0.264841051098335 503.30860134618024 -4.664406245863393 8.996485917136805 -2.9216580273371324 -1.4191937523904468 9.792211489384211 0.9498698573211755 8.92947555408372 -3.8970268759837072 -9.613252125950648 1.6890114848454711 2.0305098179673955 -0.6509010050997883 7.019116256181498 -1.3272738654311844 -3.616886453910144 8.584770836260557 2.733135752923676 8.32232991682745 -5.959871572594584 3.779067894044875 -6.8321119155632815 8.857769791384577 8.122752442206874 7.879201473955099
2.968528051173667 -6.150209346050801 -0.8784835625883183 -2.3608757393120783 6.07080417063051 -2.9147592814088448 -6.35044088565402 -4.767827915536951 -3.2750079080850414 -7.788963930816992 -9.685664017096908 3.9509811233903402 1.622022632273513 -0.6139486916518795 -7.156288518928151 5.499998294593105 -9.769729890435224 5.698377308097983 4.943368429341277 2.873670126662411 -7.325298038683865 -9.683720933066766 -1.6219784483442083 -6.648551705154164 -2.0168250773326317 1.480919157579315 2.7616781507175965 -0.22481611554335856 9.655495253137467 5.229661160626103 4.153518389940498 8.344099918094244 -2.399936236147706 9.871048217861045 4.458930132573686 -2.3541426251762214 6.524755393584613 -1.0298007673087675 -7.404179056014404 7.367274055359477 9.38970206141725 3.062872278251591 5.483175246039744 -9.252814465626686 3.4017557056460923 5.074923786986256 -0.6774130454127558 -5.331708349725631 -3.522915304978527 6.09545256542296 -4.005954379375112 9.59760464944813 -1.5457471109280068 2.742478698905968 -1.7602764692406314 -2.4292844195174768 9.041045426220759 6.921981184476397 7.30376280336386 -1.8236144095932278 -0.23357666429327573 8.469110501424911 -0.10216647146377866 -8.212473682382575 -6.331330271907301 6.687516301759885 9.147300564857343 -5.4427223905495925 1.2343769938408844 3.023349296561266 -5.487960799656378 -6.067572967217307 4.103442037631428 3.5498205597694987 7.472753024404426 -7.191626044524795 495.13404264436537 -0.815834706785683 2.22125626683264 -4.684141146495097 -9.352472743160531 1.2259900212352388 -3.269510204181718 0.6871197438674379 2.6499704677083216 -5.310186705156299 -3.9922789561993373 5.69616966151372 -6.943861020961326 8.754183843892932 -6.906038162869585 -6.981632901950341 -6.562320305107052 7.80913462522204 -8.614847880416301 -6.300619713660449 -5.0409373747107455 3.3187577943298514 6.62437907491929 -0.4506396991900381
0.08814949328322186 1.7189813575654718 -5.3201488963964465 7.940880944305707 3.7732416354986427 -1.869043020739479 -8.173114721670895 1.797487057736408 5.530968987199081 9.80094630562862 -0.45115508546623495 7.942791092769326 -7.434538000924031 4.984830726417275 -0.5012118334311584 8.996353284650297 2.5493731897749647 -3.819561337498447 0.6199731732113278 -7.380026228391898 -7.7157571799998 3.794680665463357 5.5668694579846285 7.781620098100202 1.605498531680702 -6.03578322190357 8.844871816669134 -9.704779589731128 5.291954886703735 9.288428212543323 6.855441567437531 -6.669182243041389 -1.015781810327752 5.244901023577677 -8.735566806065451 -0.5006914894383669 9.012965032819498 2.055048998631449 9.702074145311201 8.172774276764262 5.31469577752075 -1.576546176276075 -6.20758106010088 9.571820523032358 -8.983132855040925 6.599245222450726 6.560466432249022 8.065951958022236 -7.84695868825051 8.14593883852244 -6.398199174840309 6.190068351926616 -1.546460292859006 6.70269329978996 -5.517212422021918 4.626350635418721 2.0349104021536757 -7.733542472737849 -2.2311414550032227 8.609444986095749 7.667315901091417 8.238257564545751 -4.987225946464142 7.145005565070932 2.6790188721203716 -2.0880415724117025 -3.0777437702463057 -3.55865969743272 6.697507377469488 0.8975757823343589 -7.987817036083857 8.988117652410502 0.31954116045032954 -6.6907438241254225 4.89648530986071 -8.124017764109556 -8.581769412690793 572.4992425443021 -0.7063610078224336 1.7191301883332262 4.008939959767368 4.150292256454273 8.4564978729748 -9.211472289441243 -9.902958938565634 -9.917714495446166 6.362892662128729 8.15345081859903 -7.903431666769927 3.3254387064756052 2.637076145141677 -9.899876093654253 -5.486407245317797 -5.157363377537189 -6.082033013353863 9.003979130444758 9.053927719432227 -8.488791985661464 -4.577282462673898 6.51656529146312
0.26368848975512194 1.1454750998420238 -8.322885219116522 0.5695284054574543 -1.219271688756141 4.169344497202745 9.063624011523117 1.8734946165635442 5.519605626406602 -0.7025296177769462 2.3187961066351335 -4.510089886359312 8.64849217701989 -3.2310799656044553 2.7597535005507368 5.847858850387379 8.277231091273407 -2.8161666869119255 -9.032830928749203 -3.6971215378940547 -7.08394820566337 -8.358716208319258 1.4506925658506091 2.868544144452649 -4.62030397173971 6.041556396704443 2.8949306138421615 -3.092421775124123 -2.710368212111174 7.206744039242338 1.4761782350308152 7.775540333468712 -8.566724030496404 -2.1210176599127966 0.0023691651844774952 8.823821674868928 1.8769818110361527 5.514898056879938 -9.822436448766581 -6.5156067190210765 -6.262489625122845 9.050293060631695 -3.415502621577165 4.817782359338217 -7.138325212990148 1.89355182858505 6.294953449897143 4.911070040422112 -3.469294834593679 -5.773386806199772 6.631201385389332 8.40609669429378 9.237922379797912 5.342342439344174 -6.201125842108082 -7.651737002296057 3.7627472592141586 -2.723490281602894 4.66830542157795 0.6407974345253855 4.5553256042282815 1.3988108467660627 -3.6381762505253956 1.6929903788557148 2.3895440566540564 -2.4824443104639666 3.5530000998739997 6.068659856292882 -1.9004849907381 2.4775437229509762 0.7145736764994339 -6.532836171753096 5.492063759619475 -7.704184595732714 -3.9791739473460153 8.11857465224617 -8.815306395150447 7.253291740529221 495.8587674615779 -9.813989889378965 9.937458232929412 7.174179860669955 4.023026662086117 -5.413346589525108 -0.4696943565897307 -1.461164137951549 8.609136658645742 8.839790509171856 6.73034632074998 -8.953432968603611 -1.0062599263446614 -7.826188011673752 5.790752558273159 7.494661829712555 4.6795515278399 3.334531077096539 -7.52934829695622 1.275537574660115 4.638631621525057 6.990586551301874
5.593150487503095 -7.576167243836462 3.1920032426691503 -0.3949725019995398 7.250877785265107 1.204413644329387 -5.398238681572622 8.391785730799931 0.9798693024575265 7.099420685228598 -3.626734656380566 7.161986711249671 -9.8761888997231 6.463710111126623 9.667589327644343 -1.5212475586241396 -8.44211707940383 -0.9571701580796059 6.318295897472861 -0.2596905878526137 7.283911477043819 1.49208886908559 5.94766273008668 -4.497950333005496 9.589597709643137 -7.423864058444273 -8.517488484298632 7.365175379115222 2.8688036318254433 -0.5036278359531785 -1.248482383932938 -7.599463019880879 -4.384195459729727 0.19806052662191043 3.2276024411708306 3.9481542885448953 0.3449293281543149 6.175465543164954 -5.195871833304963 5.236531600085648 1.0701668671046036 -4.14952369902606 -7.745963626918648 5.188142643945415 -1.848105414773567 -4.808208267828144 9.370418613689512 8.720825109407272 -4.404089694196096 -2.6586954185525418 -3.104079561570627 -4.322852658667675 -6.969895366074319 -9.737714197058338 7.411352181595259 2.0874130302151066 -7.42324481337808 9.857256969026864 -2.329342264539253 3.3146314634572978 5.279068448485356 -4.529809093549804 -6.605375344746067 -8.013310164345393 -9.442442161416338 1.9599357403844628 9.052443537252753 0.9937862647554034 5.277635224836532 0.44437714118000393 7.921113431045988 -5.112788737448444 1.480766743192266 -6.088236969767557 -7.360251461049803 3.6967456109183203 -8.182050024320922 3.1346112763318104 2.618860102285275 485.6017908037477 9.359485786777306 -2.650976850420397 7.013722253574617 9.519054647109947 -2.3685943193780767 3.5493535692373186 -3.9493390947696083 2.2944717293023906 -1.17871333000741 1.695087759649347 -3.7966448934589607 1.3905996077550746 -1.7201124094332307 -4.835024995259891 8.549293579817625 -5.963996557680222 -1.582228828235257 7.5079891978427185 -4.614164908775871 -0.24924728391934003
5.143623318864279 -2.8775842108872247 -3.3193193279952027 -7.87887920930576 0.24045574319741014 -9.418228209687987 1.3467318255621592 -0.29664509168453534 -9.131434309723963 -2.5854441711331866 -0.19138044418929567 5.905812860242001 -9.579567721854957 -1.1203663778581703 8.678741087830712 4.080818789333254 0.05924559040617616 -3.016330244354865 9.672928661169205 -3.119372620392122 -3.294095902813716 4.263769932530533 0.6706819058497508 -3.7080139125732936 5.791333974433888 -6.174191816144042 9.27736575688155 -7.894931273851147 8.385146294963256 3.5001899169991866 -7.030516295707569 -4.128092720842136 -3.42922786725741 1.632026275842076 -7.506528780445782 5.1825204911848886 1.9392445069137931 -7.180554992924888 2.3189871515752536 -4.176513718807415 -1.4403818642025392 7.72923302119289 -9.66602972377957 -5.121409687495686 1.9384926258803326 2.005282409636603 8.930473411823755 1.2382186937056687 3.6270709430288957 -7.365708732398481 3.5093011261915823 9.46955658284043 -1.5477393966909876 7.077053005869939 1.2954740708820562 -8.348286082212034 -3.8838532147684486 -0.8246644839217545 -0.23033732499300363 -2.5024807636651403 2.594114078133236 -0.45334749571053834 5.754066295232949 1.5304284292260668 -3.3174455371724765 -4.573107035206321 9.302820304491483 6.724997948166266 4.7945033344469845 7.959978560208782 7.793519771005311 1.3018775756040917 9.483464828248799 -6.299825049043239 -4.871021302405314 0.3803407314541669 3.3662324326362736 -7.717587153010732 5.99409056234528 1.711557780694445 462.0150558960693 -3.7052283470522767 1.3646389626803526 -1.7350468568932378 -0.74388264300792 -9.869971710944723 -1.0386556336041899 -7.958990957766845 0.18863531903932795 6.771760394916665 5.7090007579347635 1.1669518358423012 8.546943781392063 8.896259827740142 7.827801108770714 -0.4992414942131447 7.0450738032804985 0.04070339908372134 -6.405087448610711 -9.08186683369391
-5.799572471578108 -0.9488213788784741 -9.398801668108476 -3.704719615456966 5.266409868891401 -0.211317971760705 4.918480765923336 2.495211822454305 -4.09385946397729 -4.190062382081496 -4.568275929873595 -7.665946817428988 -1.1337579229768657 -1.3965172227804423 3.6999621342251547 9.60206454107935 -3.5953197645728796 -5.9870286302757965 0.30922807285629084 -7.148454917597061 0.8057135635858685 -4.84404354700211 2.374449222209078 -2.3851795913727925 9.62924380092948 -1.3543204580611494 -9.043518716203927 -3.381160342132432 2.8043983936977064 -6.224928941676005 -0.3185628473575992 -2.989751999405157 6.713706202226891 -1.804450909493756 6.889579093827717 -5.5730629963205125 8.638438211183978 -8.570370039501075 -1.1918037079000214 -7.362354861813733 -2.689482758168051 8.928972617186133 5.440955247865119 -7.706326438986448 -2.8688254506341533 0.374921466071223 6.770011982405197 -9.70467108628389 -0.8129343501957447 -0.7822128497418461 4.984229508623452 4.348409552044119 2.4287813212495823 2.8323301118540734 6.29774576133482 -3.1537474133566956 -7.097216078392636 3.6300976361661768 -4.464671116368066 -8.274612427495818 -7.725160560764293 -6.264836690852638 1.5071561768089694 -7.132902874826453 0.5014427404103916 5.134797292750125 -2.9630900595076586 -0.7242302537354117 -4.00587681993736 3.7212669675455565 -8.023706253906791 8.252049954161325 -4.594056874304318 3.0252986989095394 -5.162230282130029 -1.1424011948285688 2.50378106043817 2.948708679650899 -4.141786203458033 6.8347954853752455 -7.414834607689267 462.20722783978005 4.054423825550318 4.169301712924314 -6.869159074377571 7.896960070251101 5.285379648684199 1.9690391625530737 -7.368298037003756 -1.4442215432378909 7.7315073767300255 -3.1921906792161074 9.13132713989291 -1.4175695589529251 8.476416008127433 -8.949647087241143 5.958463133624699 0.7266087406982109 2.0293782238845104 6.619574717493798
-7.747903351446455 1.3385176906258849 -8.437833179878982 -8.971996817889387 -0.5005877083433141 -8.12956547478808 1.0075597731899215 5.0915292845806785 1.218974166610792 7.626240337437181 -4.571557536786315 -2.2623897549630234 -8.047933380916596 1.4574291489271047 -9.424646910655747 -9.652584902368806 -5.488595158437972 9.814221150977922 6.405465751082129 9.224649446349396 -3.620955097957248 -5.826391205794332 2.170557132106829 -6.363184941795428 9.112105984159903 -2.787371872959703 -8.396842875771448 6.98467964138581 -3.7963562914507882 -0.4276593524127428 -3.9830403939848296 8.233391283075594 -5.648997827009525 5.067878519504088 -4.195157666227787 -9.252164591926597 -8.19905879831401 -6.420137354384123 7.745198792175074 1.3808150296166648 3.1995918807145927 9.312791325988325 -2.086824583885944 -8.614168550678762 -3.2053358309712143 -1.8351125733076028 -1.1941743291731637 -1.9221540140463986 0.4160806570867237 -4.875028040485163 -3.797592595141195 -9.19124070142265 -4.9265878934286444 3.224816694308675 7.919909500722802 1.503385967743732 3.4338135328520902 -6.7479313877391744 -6.98115536318022 5.339707662231913 5.506480098360836 -5.381095128338799 0.8334655312371346 -8.584605052024258 3.0321357851246855 -5.4965445746959745 6.747819421880489 1.4900719062359933 -1.7031129759071657 -2.230962372258027 -4.27492486372945 4.842535458600036 3.0251501335608406 -9.985955201674797 9.42455587472135 -5.229042435119167 1.2931369509338175 1.9990304452805159 -9.610286240660557 3.992558372126373 9.400475851907025 3.915471493734227 506.056737588935 5.672724166276357 1.1574372598226095 -5.011160468354099 2.747943152245851 7.225007896493867 1.5453850696895692 6.219815865671091 -8.012210487690501 -0.1872981822758195 9.51134614064556 -0.6924171318578196 0.36571397332198785 -4.455466541827306 -5.035494214017762 -6.302849519931595 6.984099510912468 -8.227502234307416
2.305960692810011 2.9711020273221003 7.2789377092468435 2.497269187135476 0.4828509345974137 -4.560453341529502 2.806798402265869 6.3941351877750705 -3.201347366515453 1.802185930292378 -3.973535644211328 -3.650827879571697 6.293981413882925 -7.513630250743615 0.6782337665791882 -7.937145051494405 -2.412591502185575 -3.5153770107378834 -9.712535244017214 0.9243331325658737 -3.6510454414144267 1.3065645893022868 -8.548640947700779 -5.028131150505684 -9.03331595254084 -2.794433762513398 2.156318651407588 6.718317336070683 6.217477444150816 -8.525675456444395 -9.748440259031605 9.045594951564947 -3.739654571680351 -4.521740497205227 -9.303268742940308 -8.67253952172107 -3.2947445795524004 9.038308064266086 8.95013101006679 -1.865736296465153 7.881258030846475 -3.600138738398078 -6.536139189343344 -0.5132170962474056 -2.5339663125842566 -2.926553824503939 -3.1540531664811073 7.204926405163274 8.022113716651642 -8.747380677387415 2.289583377381872 -9.807647982275178 3.210084505911059 8.550387079688381 9.763148091439565 -3.547638603386803 8.390605285043375 5.910832879692986 -9.237851174379493 -6.606860577848373 2.1427887610183696 -0.385262092630029 -9.82169916165992 9.298154794597288 5.338093519669997 -0.3854344120237485 5.2240767875933685 6.749006475580334 -0.23734689574066614 -9.401544061582978 7.800105049930032 -9.50212020654346 4.080395675455028 4.5527314664807115 2.2034117878308663 2.261862450880148 7.625325494106484 -3.2898244083066235 4.398927996964879 -1.5452092007111204 9.39188544106361 -5.702831416799503 9.147157217990905 541.0104749493471 6.183178011647783 4.631391633620076 2.287423937076337 -6.92524039328327 5.306287477515685 -6.787205817253785 -7.06541569302316 -3.822694785648304 -8.399810051226238 -5.138961845178818 4.9305631559562375 9.027919929960298 -2.331359080162681 9.329122707665622 -6.55098521145254 -6.0588990815074295
-7.290386551512052 -5.63317191222618 -2.4876883304464714 -4.700911519374302 0.35565386864304394 -8.855393209471051 5.162337905975159 0.9083907848162909 4.133774399170132 9.288626175170137 -0.3908308433506633 8.792514519351915 7.617458493415803 -3.3144939818181722 -3.6322659036278093 -8.941771646825206 -5.747341897352345 -9.0919866445548 4.9156826845943 -7.269663722415027 1.6313587370002036 -8.860734716901781 1.831030718343957 9.087577698674554 -0.24191160086105867 -3.2962444797085233 0.9319325353085226 0.9130606520384603 7.149214529662025 -7.00688125635311 7.172523509368137 9.829458960163425 6.537278077894616 2.880183603959681 5.33367663176354 8.3344299267761 -2.4167467255237263 0.4103367692049087 -7.628448264532306 2.8187914096364466 -0.15773509433344657 -2.2866701397099876 9.467039333163513 -1.5004924914825697 -7.931028903254185 8.282398825632594 -4.704494676183635 -1.1011354963718638 9.908220349139821 -5.364192755165693 -8.53525796831585 8.328903129350238 -8.966506250714792 -2.3997033427679444 6.236299559017301 1.8743144301269492 1.7301568578310764 9.040685161532064 -2.9242926617557945 -3.637442947558595 4.748808662502144 6.6501758750079 0.5643819834534103 -3.195535613320355 -2.6726890188783585 -3.0214512110723817 4.71040933772748 6.483144552987255 4.757415129836124 4.644409851537365 -8.258602358783804 -2.8895609213631506 3.298848784747088 5.046931789008614 -8.354219383079325 -9.9962616025446 -7.5445593663831945 -5.395506099216181 2.786388631756118 1.4857657086895504 3.2131060210024653 2.8420716007035463 -7.896248474749694 -4.080069564439355 497.42358906454785 -4.345722961101024 -7.917801415123915 1.898328274877004 -9.834408386859419 5.632947131639593 4.717369309065827 6.326179564915286 -0.8126180884695593 9.760660004872395 5.170637258122415 2.7157117232299335 -6.275200921468851 4.845050492988484 0.9277882027929625 -3.232500711417443
-9.240580217505268 -5.599761600299171 -5.3236909744301535 3.391286704059908 9.382005805162475 8.650592605937955 -3.7538732718542667 -6.659425378734227 -9.439988145208282 -5.374044864427409 -3.174274158591701 -1.3016084310874003 7.82565374319115 0.23189415248533685 0.9162013873955139 -4.996705012502809 0.7694725548298322 -6.068668187638373 -6.09452959144722 -1.8588088547195305 -1.051746899871402 -4.485389036104632 5.113832115195731 5.553174219751163 -1.1289149396923381 9.431339580200092 -7.420059982779222 -8.110380837571057 1.4003159559888267 -0.9756603705690292 -2.0810964001650873 6.475623340781837 -3.0693744720164133 -3.678950940086647 9.513557985975293 5.81911918763562 9.032503649634346 2.6378937159372526 -5.075870147793333 -2.4911386599253156 3.0059956046077616 -4.669201070864004 8.008924224639141 -1.7539162988266952 -6.169651904167576 5.876262068406399 -3.249913890847635 5.666121579907536 6.777826164036007 2.2577134391987546 5.881646232224991 -1.1760268053881973 -9.395584068189866 -2.976438175093552 -1.8976855024466381 -8.598712652114916 -9.874244877955924 -1.7898481310462966 4.942866847752811 -1.3512730111894715 9.93596812654479 -4.112777304664879 9.463771248286946 5.843671625936935 1.0963009144819083 -8.474213876457686 2.262129359219232 -5.614635020302272 -8.783027759927576 -8.371494891144094 6.622690921655906 3.697502823176608 4.867360018881165 -5.953168953681525 1.1518605062409577 8.942293123076858 0.5699712225676556 3.843504574332325 -0.7457698758361992 -5.210077946409819 -1.3428222837440966 -8.461650832199922 1.9042592063577342 -7.977073501284455 -4.672820667922782 488.9655087212918 -3.636443060507615 0.7556036887194644 0.8255503550934016 -1.4436861664997167 -6.818277603975691 6.530813345380565 8.719006264780297 -3.3294605097331704 -8.23483104375251 0.00989420920066486 -6.862092149877011 -7.55165472840313 3.269377949257809 -6.52279285118105
4.605245406419453 -1.211750772653005 9.51730561759468 -9.93931915271288 -0.9526281619802077 -3.715381984620965 1.1824941023103825 -1.1348448289278128 5.9688506095656795 -3.1686615745694624 -1.1137585880037744 -1.8830566949477383 -3.8338448954035043 -8.664609297283123 -9.876128132005295 5.290405436832851 1.0546714397764685 -9.339039011060477 -4.100003753112875 -3.3296920462985113 7.337419032082863 2.1945931158248264 7.384147846075258 7.511082923166992 -1.76966825653097 3.1947474954773796 -8.20483051946452 -1.3298223724916411 -1.932919899194001 -5.022063171364648 -9.587190711428637 -1.5641743759210058 -7.742568665680309 1.4873665938588765 8.846369356564729 -9.51064566797238 6.954061701724079 -6.976596884002781 -0.6217460717287331 -6.282846951401309 -0.29927701342733215 6.65846374990047 9.1682398063063 2.3224083555294843 1.0365787387760648 -1.0281422141196987 1.8721143076752789 5.373978692166059 -3.282498104709701 -8.833458015120318 -3.245344032070574 -3.228607076754237 -5.951673945326769 1.2526148525971 2.2395197346014033 -3.528547680106362 -3.1634131947905324 6.985866392550491 -5.041406044041752 -7.930037587926401 3.1331436109856234 9.771605484829362 -0.4362604964739951 9.800717763427095 0.04518926232790932 -6.1987066837991245 9.499085325731109 -8.602767102376834 -9.30222155930837 2.8364127653358047 -5.5858898087124675 -4.38961893535679 -1.5474757754055712 5.782589896993155 2.0909924822753148 -6.801849365599358 -4.317056772144774 5.144057544828373 4.646730418693403 -0.9933307217198717 -5.2615202037424735 1.6758818670078348 -2.535777491748754 -3.636703241180202 -8.319348227159155 4.624849646317422 484.697634934582 -9.561521205034637 -8.941847038713867 -8.781366224919395 -9.060103295110753 -1.2615189332994188 -4.1863724526580555 -7.447105663812614 -6.509119679693855 0.2079324430669498 -8.30166266327867 8.965114082704723 -2.2783696905344764 3.3147424328439214
0.4869357488070847 7.260162081192515 -9.666311551085196 -9.712398388893103 9.725753811560516 -5.198841221463793 -1.2450162270722576 -2.2326574500736367 1.5077602525852374 -9.627169151734522 8.275050497202631 1.6764728083069258 -7.350285767092679 7.270365862350612 -1.3941372310523388 -1.5821198671900092 5.695038065156188 1.3307574824912543 -4.5969337130425085 -8.743974156572698 -3.137724058029261 5.910522980055692 -1.9908540036525721 -4.477978096644259 8.192501101739929 -2.013287705959219 -3.964792743419025 -9.862633087852426 3.9841348107008123 0.9023386988706221 -0.40969953691168826 -4.037310158663116 6.8100879272595805 3.719256394761949 7.9762545206397135 -6.792632047947851 -1.3062616703494925 2.5997682573514087 -8.015847797890688 -8.869605796207072 -7.339691491520847 9.30027951374397 5.940054094328167 1.1109127336934215 9.973700426761699 -4.254736209229049 -2.36501384885554 -6.8766970786211274 6.051836665901927 -2.7885695838433904 -3.7027035557759884 -1.3944209057255659 5.785706632837231 -5.802635063545125 -7.808092148540753 2.60172167272305 3.1218742341040873 -0.41678403085782456 0.7916565720646176 4.523224289014134 8.131181829271618 -6.3414723527469485 6.163195948096117 9.506419402207559 -6.078880643162647 4.983052970094201 7.646279082604799 -0.27901203435110666 -6.2847770453236995 -0.963465931734774 -8.856921189809778 -0.35131850387597297 -0.637277181160048 -3.342990645881465 0.2364411493738583 -8.897551166763598 -6.586904562120745 -3.506009700439896 -6.38517054904181 1.497579217800391 -1.0416063204377082 8.623832364523704 -2.2518672208951918 8.508143444773776 9.376359115093813 -8.324108578883935 -2.482217846120969 480.44964597313543 -0.5705363476886127 3.507398840911687 6.21015145771613 -0.6245236049499407 1.7927490864548403 -6.514566637235828 6.941862824769384 6.709560186712 0.9837255725503251 -2.6837637329853026 -4.185034344220437 9.072582403473817
-4.494121705853978 3.9854323442292916 8.734538415051667 -6.214257586559267 -4.116025902138736 -5.829937733950454 2.6986174794977185 2.4074952894654604 -4.219074908660609 -3.162126207518541 0.15175660865712004 -6.3615515668894895 -8.526554205001025 3.3555125386555993 -5.823389127856933 -3.4292631306741406 4.289498217894101 -6.803233173794849 -0.22387775482641992 7.814964956244445 8.456902094540037 7.723160994071915 9.184558571325539 -0.7636628378570265 -5.0598433877222915 7.2317336402763885 6.016257827955517 1.2673243011911666 -4.355068990124462 -9.478190937513771 -7.049117778313048 7.272591742550453 -6.226770103659829 9.374434695602545 5.632965815974323 0.017189427632517962 -2.9072347553489823 -6.037383449804357 -3.600895985372457 -1.4009219528094992 5.264956332499658 1.5887498394380213 -6.84993633101514 4.202287308600303 9.207819018810934 1.8042561268596806 8.323650936939558 -7.273627616798453 -2.5616987872137242 -5.162245797523564 -9.735337201127143 4.2234265238258395 3.433724992695824 -1.7571301337807093 6.816345354125776 -1.3347831610008285 5.6193740412591495 -7.913776126092937 8.513360283670636 -4.235917433322598 -4.22541514195383 4.802715185828699 0.0012412611426952935 -6.556350136560882 4.772319550999589 -9.96961224266419 2.1740647083093947 -1.372986690233187 -9.0153042516844 -0.9726332622277933 -3.2835470074386697 -3.655593350794133 -0.4653832750709892 8.283700512434208 5.322843021991968 -3.0851416856590452 -8.218122064760552 -4.695793421401168 7.883281393794 7.2056053200529 -1.9072187033641548 -8.000708588045342 1.7438098221061118 7.53019386527534 -3.0281868723749543 8.115739074276746 3.3451166354280346 -0.7335946718889623 521.0222076321155 -9.361899677115286 -8.848914322498977 -2.9114147939572828 8.320578290929436 -9.441753694157375 5.14490053499375 1.969121120959672 9.810970446112371 8.181647509882751 8.309238590074052 -7.912915431845057
-0.4248742535404766 -3.2435623580668205 1.0426842364958198 3.3329706619995783 9.57630022219934 0.03880078977687873 -3.850158867322322 -7.170586305875448 9.999337033325357 2.768225659036762 6.6285105738019325 -1.8845230361145013 -7.12544620653267 8.343107127706656 -6.319422560372976 -2.559665064234224 -1.1638032483820027 5.556481359329116 4.860899060019186 -8.524942942919926 -2.1531888088797935 1.9458790746886407 -5.3266926828601395 4.27481497318432 -4.739169759940798 -3.5493215431564717 -7.162903594664964 -3.9902697437821892 -3.2639369227281527 -6.861502638808171 -9.823921818330202 9.16249663864605 1.4169459509545597 9.149785619108577 8.998110320422114 6.71111461025356 9.647082009029823 0.2121411057260154 4.778848168535436 -4.493395605934721 5.840886012864681 -4.185937079037085 -5.2677808192066315 -5.053787301424868 2.409789652146376 -5.923086912715084 9.853269991732695 3.3318634540501684 -7.567447435233749 2.943425570127282 -2.6587765377559176 3.851901089041265 0.10563422321856919 7.464299543874763 -8.951744188948581 6.5010174356994845 3.7216483296950837 -0.7243512878573117 9.115864957389576 7.067843076838205 -7.730228162544734 -3.267023022193529 -5.5774875497639105 2.9627564664924204 -7.862910873865452 0.6177544194897227 -8.007171862060275 5.2874045629656425 -1.2999415521130953 -2.857435181112635 -0.8758468504941046 1.5531767798971678 0.6660024500411765 9.022327129735224 3.921528262178967 -6.21424101241089 -4.599607928702061 -0.8490704683965333 -3.3703431542654556 0.7317491916846404 1.7359708249843209 -3.705313931374656 0.2712841235429373 -8.29394887016388 -8.239458791117114 -5.704117734124563 5.0817742987911245 5.268459805301793 7.101126078736339 496.4063886967591 9.107662929493983 8.296158388878062 4.484397162207861 5.83872477185154 9.224556089275527 5.306203158068254 2.967858502163132 -7.751181100166162 -4.972243165897781 -7.579367467215543
6.425772978484993 -9.93218493674517 7.6057762870573065 -9.570586215456856 6.808811574766526 -4.7807863828983095 0.031230749488733167 0.07254331516879198 6.526890482566429 5.616751848826134 -3.020915288303094 2.587132934018621 8.097933737626306 -5.63376256543777 -8.78825506435081 -7.8454315182148555 0.7088953016353816 -0.08711233445712097 5.7105565638192815 -6.003740900540597 2.6041583733863565 -7.976512200278858 -5.922056275258618 -7.061923411941972 -1.9625556546353788 5.885938451783851 3.397858440826184 3.0169680448745506 3.6785399282690197 8.964297138919768 -6.3253258391215095 1.5912062896980785 -0.25236247447894833 -4.650598966156387 8.595954515339884 -2.50685652837803 -8.581126653391845 0.6038342342780982 9.481273403280149 1.5868717172425448 -2.873476688824013 -1.8211190875475491 -4.978400334068587 -4.72196663912537 5.685149053987665 2.595744100243726 -8.428683068795271 -2.2095037113116245 0.9680937998973853 1.2538434691833071 -3.3328996655632848 7.767766193126256 -6.5316059778402735 -4.0524061400201035 5.587111691739949 7.1489408715817895 9.630077965485565 8.163239600918452 8.587210723134323 5.514314837287342 -0.8703169767507184 -7.114977121371179 6.002849628193896 1.1507164063373523 -3.3948631184457723 7.956396640311663 -9.847112298163541 2.1442755781167104 -0.8389823386907214 3.338577820485792 -5.967464450058704 1.1874781287234786 0.5471205806860109 -1.8243747546745315 7.0064372141131415 -1.339830991925357 -9.134305823343531 -8.098908127687865 -8.554595417354792 2.3812835189194494 4.666414078172632 -8.588313695049212 0.513516743272886 -0.44766401219881047 -7.61217640997776 1.5732893111057642 4.332334681073727 -5.919887278435986 -3.437196795374793 6.097744609312933 485.29135136803814 3.684917873387949 -8.914428607231578 -5.897653087024272 4.719249832216001 -0.9026806691099374 6.281268064863866 -5.123973700855808 -4.051120999040441 -6.636285789210703
7.3223186668680675 5.9121680767865 5.951630913727101 -7.525880438950773 0.17518225192659997 1.2358981936498097 2.3030221576715775 9.808600605001661 -4.9186905718343095 8.382245869770966 7.1286590354890365 -4.7520875359595305 7.39211672389796 -9.03888898491971 -3.950851979110494 -7.832530038445875 5.128225456264284 2.38945085942866 -4.263964804760658 -8.821511463098481 7.711769817429179 -7.69518017850678 1.303280070226588 -0.229059515569217 2.819788542090926 -3.2236970176963364 -1.5698130310168708 -2.359037946875196 -0.7291561957627515 -3.761669926803222 -7.39120328938805 9.968039895392053 7.910367590084032 -0.07143704340247581 7.510032881072455 6.7359357709997845 5.778978912889592 -2.190805376293577 2.9706084669249613 6.8821653878199776 -4.646582473496572 2.325351307327672 2.79247251398119 -3.5825026705496654 -6.589094396538782 9.172798406841956 8.495854749240724 2.4682335288339665 -8.34601270906119 -6.288113395691111 4.080676205233182 -0.830503930002461 4.1620934567294015 -1.309204333554641 -9.554090686708303 -6.020375870752284 -1.3836495592205935 -8.535339264470316 5.731101486004672 -8.40207181619498 1.8590309251172972 9.805861202758159 -9.88575116176374 5.505481193328269 -1.2968597369703811 4.076892774069785 -5.619389151396925 -5.786644394819495 1.2656396074453191 7.165922515043256 -5.2021719894526575 4.025151695060529 8.407975790895431 -1.922708543660253 0.49247786363374146 -6.423176537622915 3.1932536858722553 -2.1604747379910734 6.729441959700711 -9.708222409264968 -3.790237472280702 8.95680776004842 2.000154164810608 -6.769257723936626 -4.828278596730227 1.006279794752892 9.75268167426539 7.172387926399896 4.862071195675686 -1.9900473858216312 -3.4475326843878262 510.67514546581623 -2.6698608557401915 4.7278447924195905 8.902640056533894 -6.0157699543942815 -8.394099465822913 -8.600743269463123 -2.289113762669743 -4.877686707503077
-8.141438293359165 -1.3710807370526368 4.115571808947603 0.015819238175442507 6.7295077298597725 3.4964291358342425 2.503500438737074 -6.44345051929381 -2.3963437422813083 6.888626583926495 -3.1647132595029914 -6.730133665391927 -3.183095592869016 -1.5013406030874634 5.268519903487077 -4.76514215755671 -1.404979678038048 -1.2032827260288492 1.7290665388688815 3.8491808524106137 8.008331662192415 4.369536681084918 2.5190758424007242 0.02999430974772288 1.505618953338974 9.035438960589566 2.497753587221304 -8.117719407936265 -5.183285008348706 3.5106650139897138 -4.440278857137492 -7.50304712211225 6.6341517875890545 -6.833824909409403 -6.244923563113238 -1.9334419424853309 3.0957409871054953 8.347663154645513 2.7515978479233425 -4.498498228266232 8.603450291020998 -4.740455640643868 -3.6887766238924 9.499433894975574 3.3702075344790376 -0.6514028901259312 -4.622838662776447 8.041696253003863 -7.962576397321957 -5.514965083328529 7.32269675137681 -5.112572633166284 5.457508390963529 2.6511048750685795 -9.17036476031094 9.248843878711106 0.6659282082472711 -9.539152772789492 -3.723444991764591 3.2144132044326987 -2.7842754325843844 2.7366736749916676 9.48208110475403 -1.9636959044048385 7.374704350648631 -0.9806675834163165 -7.4382328950252745 -9.658121689482908 -3.7947123336154265 -5.304721532560077 -2.42100710348166 -3.167847844403651 -3.5676592230633304 0.23321755942630062 -5.78559580945575 -0.46929782527691977 0.9141216499878233 -9.496839861839954 0.7503089855183802 -4.37577222213182 9.795749848827498 -2.5779887042162635 0.8211589335003531 -6.091577774702925 -4.827317378955405 0.9557417186229866 -1.2186085789927645 -2.46372191753379 4.555445028647524 6.327377768167107 -6.3328182587423925 7.697634994972113 465.9535063999031 -7.176526761829463 -9.87259592146665 -8.176253345731247 -3.493987955470999 -1.7647931475747285 4.826282535369575 -8.190688014023703
4.692321943999264 -5.945942647636562 9.130501728248788 -1.7846886647747713 -6.209541033808894 -7.456151851503696 -4.930640206633116 4.308001201586716 1.7904181664254963 -2.7107177646994725 -7.425260927475257 8.926565434449632 6.929584341053992 -2.230562525960355 -0.5982398461129215 -3.0966441621322627 2.8840142075805986 6.385213423824794 -4.263745104889689 4.494493510180547 -4.600331569510729 4.559402503364428 -2.5100173461403097 -1.1303280150933066 9.107124155005 -6.5795805992049194 3.623988686535558 5.4069558803240785 -2.2840623202176165 7.418396829309298 9.269665136841596 4.543122866902191 4.490706333236501 7.850036283746022 0.7075756796722299 3.6544474318032645 4.108133907806026 -9.544689546573274 3.7755924238221343 2.63780300075255 4.455967005166588 -3.304843172344567 -4.60933029115515 5.719044194596723 -5.019974403630421 -6.237381065719994 2.6015966615461856 7.3013201496619615 -6.768106107362282 -3.9676247436750423 -7.978681218510577 8.495859201948925 8.674569670400103 -1.6443254325025904 -3.310452859338346 -9.692791292033696 3.7114646089550902 3.1126601440148605 -5.7826735787462535 -7.604148752416777 1.4726961250456032 9.526780095835306 -1.7757522698368895 5.03708654024588 2.9635841880251323 -1.7319790856128225 -1.299126202575085 0.1821960094193038 -5.98815332882944 -2.5436417353347966 9.827259278056506 -7.182031355798495 -0.3458179416423217 -9.163754034126647 2.535192770988715 -5.051820992531894 -9.791417861787142 -5.1044613778237835 -8.317941726935352 -1.4795656715009091 1.7347271568143814 9.273470810482596 1.7683952098300963 5.8874928233987855 8.717739797816549 -7.93031759690029 2.333761812964193 -8.805185812749475 -1.1091959351170004 4.637120425961953 -5.659756263275016 7.18293202947153 -7.152584981289922 500.3105856284779 8.604215965078641 -1.1908735858693493 -6.041245262174895 -6.113693119109307 -8.33778080735934 0.5053741387493371
3.308701157202181 -6.15594503970335 1.8054816642893137 3.9226105114220626 -1.0248141154026804 6.38580831490172 0.828169772522628 -4.080818461523082 -5.314188399809341 -1.3140384204724143 1.656905140670677 5.1191024283810815 -7.468923401640248 4.0854855441944125 -1.4553213573846442 -6.2938902685244535 -2.3580736237876954 1.047953801823727 -2.3916251596286875 -1.1286541241068093 -9.476939468955383 1.1473620359891168 -0.287457102541655 5.700828178522357 -3.0467783054481945 4.636125943499728 6.601988873089162 5.580431113551565 0.2799268553932759 1.117708821966147 7.917022496701435 7.855376353941658 -5.8203248870682645 -4.005100195193432 -1.111818541316044 -8.362597223610223 5.472540065352421 -7.118106393268748 -4.393366526375539 -0.7535277262369267 -0.07029537740210756 8.662684370411483 6.058095994200734 6.703913015468149 4.162127961136088 4.973810183019591 -1.7959865061300473 5.37630038232712 8.74577201439984 6.607594230474252 -7.824386076974042 7.26486540566302 2.8954297950644907 -8.36164998237302 9.238385837091386 8.848121317596316 -3.886840083412892 6.537616497864654 4.5678624702376 1.246258137802748 4.366529891167204 8.420834235693551 1.4216908173806289 4.38447840668541 8.92800297942308 1.6811802160973635 -0.4858091834260456 2.2969923663754344 -7.4809322927832405 2.6657225335823505 9.835840345459772 -9.749222817294594 1.3057221138709494 -8.421969414724844 2.6558263860307108 -4.428685263828607 0.7012611949398853 -8.434063448940458 -6.495182779428552 6.753026352567296 6.013549488489115 6.1914345882013535 -5.361696122810333 4.175047442658798 9.38517180646435 -0.014788181752670937 3.099207241341958 -5.772217057110778 -8.748447665846344 -2.0563664000543973 -8.994907405930025 -7.298389954926918 -9.411413201041805 -5.877314139186942 477.70268551130107 -5.278168827814833 -3.265559675026153 -6.387268286568895 0.5719786432070944 -5.436916261069202
7.099851869980952 -3.975463908622327 7.146467312666903 5.92834337957342 -4.769181138235734 -0.294988003888772 -8.02198280906804 7.172127675238663 -4.507958190773628 -0.23659995737789785 7.821395366744145 -7.060604477622492 1.1698601173561194 2.13845532331376 9.447245533997634 -2.862921257341819 -7.86716152780804 -7.921409238339685 -4.085313629725169 9.65099372581135 -4.304161482382969 0.34079814814250753 -8.369169269681771 -9.808555228859202 -9.758307055224385 -0.5811954251858165 -0.08526711605527204 0.4048734430851475 -0.2764537547040131 -1.2309942373947393 3.1342437146024 2.465771371557379 -5.396331226921614 0.5408327841400364 -6.717558220694226 -1.8129234211753786 2.5235939022474945 -2.861768112752121 -4.084247604071091 -8.460867083474316 -9.315732278389575 -6.288158878016681 -4.07333729037539 9.495249480071475 -1.4235945674729535 -3.6289828161369275 -7.314130715410004 2.7131368322311644 -9.172284713272855 1.134473634601875 3.8298673245240895 7.906450329503613 -2.1382096323137256 -6.094817850570489 -4.674568804513807 -1.180631697326291 -9.177790432295236 -5.3025362278907 4.87574508025223 -4.48551176197687 -9.048211577771383 1.5147665081378143 9.844658207718336 -6.737768161480209 8.22738232594132 -2.245706693722738 1.7960899596673556 -1.9655182040213646 -2.0661419092517956 -5.190997280770448 -9.031244591450488 7.972889623955382 -9.74874060936669 -0.44159662372611663 -7.357644605354572 0.6175890602714915 -6.514086943811037 4.975706699154605 1.318548060200122 -2.9403002166463565 -7.29870715878463 7.830889740609873 3.076989905697726 -2.158835440287157 7.585425764537014 -1.9423728928174615 -4.908859163112531 1.9768072582932028 2.4472970302424084 9.071886453551478 6.908336207724261 8.362691441517242 3.9565737311298914 9.563750886257605 5.613892454383633 493.2569001535611 8.441334513107805 -7.096936570762084 -6.359261008895385 0.9168830255909199
1.7456799149268996 0.7939219827938953 2.037468471493371 -7.90309696657612 -6.470362010494135 -7.407863454086597 -0.7524050199431276 2.3841567908136145 -7.223582773713537 -5.1683885894316255 3.3839440992528385 2.755860200152007 1.926154902336929 -3.0855366140474754 -9.074988399595416 -9.6601908386113 8.047606144984549 4.740038666089983 -7.226204558941138 6.950481101823133 -8.01064199661206 2.643961173388373 5.598646504939783 -9.268595611475831 7.406324842655664 3.2930846616895337 3.104736182669603 -8.170137624093059 -6.500854763694615 5.11519245283813 2.338176027547398 -8.485373263337394 -2.7597567035456088 7.824612125727683 3.6608561502372776 -7.062793765444235 -4.047503415019937 9.905829059023187 -1.8560938028136356 -3.316152099061471 -9.05270841694482 4.781575244428408 -0.7848997229136465 -1.9908669401609416 -0.9227046747433434 -9.633723751807441 -0.7851555290172634 0.6621869903385491 8.363993159321637 6.204874402348327 5.83067023582972 -1.6642963471731633 -0.6973880964921548 -1.973616923246965 -3.7630308001067885 2.5625029396984083 4.443648419203388 -6.760603137660874 -7.293498405433727 -5.766081306577238 2.9047692333306134 3.5359162695809125 3.0358652443671197 -6.180177415656973 -8.291844279776203 4.9271418044347275 4.08933265310762 2.754991327037885 8.15979746441349 -3.901544547539637 -5.40924113271366 -3.456639898778537 6.385133907130093 -2.7507729890820665 3.736971972637779 -9.54488527927883 -9.455121328278743 -2.4462928540381075 -1.8926014053786648 -4.690936523628504 -4.393599951955385 -6.581993310262884 7.69806497060263 6.05917668146548 -9.136609656644 3.560691310987128 2.116166975504207 -6.088954877839989 6.940155616256799 -5.639265174104087 -3.802496120119729 0.9018549548589192 3.4098377701540787 5.304802612722099 4.022088971852611 -9.373538671163324 486.92198008226273 -1.4992153871581753 -1.253642947245151 5.145478307589977
8.13797316617189 -8.912767438166266 -1.8049174708569389 3.855594727775159 5.8488771143549005 2.9927166551665074 -0.7023815457947951 -2.6564535046470112 -1.8702820455728482 -2.665922365032305 -9.27799688374205 9.033195952377763 -4.434048952397944 -7.942019569989398 -5.344949034221063 -1.3095521624994753 8.11431184513658 8.0247738065137 -0.6812353783661518 -7.007316679108124 9.218027064527924 2.5781843451659725 -7.993556749841324 9.372679128112818 -6.62496568848103 -0.16564173718319708 9.061960862163893 3.233878772569776 -8.368417020058992 -9.400076363444136 8.514724253686914 -7.6632316892793835 3.0651818541456244 -0.6431499677097801 -2.2098480057545133 -1.543268663085735 4.692874541455051 1.3536163361108038 -5.154483343661392 -4.9586138630353265 -3.4149780117946538 -4.454835610925145 -4.143550669451845 8.076321618890997 0.9230926090087443 -5.5608837360885 9.647035505806862 3.0667286716653734 -0.25170968068056965 6.6335673326811 8.745973083678194 -8.984748513737582 -0.8540639831838686 5.069227842147342 -6.421318988001985 -7.297774662650132 4.920005248698317 9.554897326050966 5.900368923431609 1.6201070707121552 -7.295909131852982 -9.221814974139647 -3.7980222672588093 9.12264892390467 2.3696402673069183 -2.113445024950118 8.574961378312477 -7.5037789162230695 -7.929784915798416 1.5990511444234095 -7.474340442404108 -8.063776523179198 8.558245608748404 4.726717867015772 -7.745546902855591 8.653917042627711 -9.811962436740096 4.12274382808125 1.5355777657227598 -2.275995931810188 1.1366053914572802 -6.031818243713277 -4.987466859420793 2.0735692379770647 -2.862922980547877 -0.17412803958520584 5.46481443274763 -3.5817343410496587 -1.7638704336977558 -5.372380744477441 7.885459860972077 9.544874924041224 -9.861356134496003 -3.280133579444124 -2.4700612045430788 -1.619422049844843 3.3193192669477884 519.8175838148389 -9.407695135092816 0.7121349987980903
5.687840467151165 9.506381052814714 0.8873440123804848 8.513371565226802 -2.7700917611771008 -9.28018831043814 8.418830311618095 4.062150613563428 -4.446875643102038 2.7128193708526123 3.983481696226132 -7.806470324534902 -2.1991254966340605 9.62442745692842 -5.525734547163042 -2.6585505914152847 -0.619990446422932 9.439465071515798 4.654079546671134 -7.659439637572856 5.075523803107423 7.950620500471558 -7.5260930498403855 0.10300062293861245 -5.744673028495275 6.098309331908588 6.931843438723565 0.349627963069425 0.518911860471249 -4.052555859337533 -3.555564604845105 7.962076557801105 5.877980230168912 -0.4646653790535442 8.24992645078548 -8.783493782085618 -3.797869690906781 1.8897022581846699 -7.157162368917387 -4.840471447680626 1.9585189370249196 4.518378696954198 9.692447339386085 -5.466173074016718 -7.549561062518915 7.555986597634668 0.13674758710205026 -0.14060593926793885 5.551591674735295 -4.193831297470956 -4.310438161683676 2.553127178221752 -8.178863184868028 1.2328553549543493 -5.866981024099198 -8.111783268361098 5.836133744269464 3.0711388117164233 -8.71569065916046 5.031401179678479 -5.73632014378844 5.908350213639039 7.517275110767265 -5.775278470425587 -3.3717301782447944 -4.233013086171962 7.091203262572584 -6.968981679140118 6.609761951817092 5.219805580603513 7.210126749614908 1.2594863807523478 -9.074068717118589 -8.767872043164541 7.856609893876605 -3.5182130107360514 5.1784163016229545 -4.387145890304196 2.432369951143249 -0.8712762835555523 -4.7475951003354595 1.0914234185385432 -6.192842876324427 -1.3754038653493552 2.315530666693384 0.49550638251380263 -8.277823516440568 -7.25427893773039 3.1063402022098447 6.0132516395189874 1.5436250678808001 -9.863633442715198 6.783709691964454 4.704521923507601 3.049158058668569 8.521436065263845 -8.204891694724186 1.0741825859654313 512.5558472012588 -7.625586196778393
-1.6767180209494992 4.384741240129868 -3.226282080337799 8.09650762811168 -3.6907209658987465 -1.0211255337868863 5.160860789848778 -5.351652626736215 6.185767050184822 -6.746654390063512 -9.11583488535858 -7.923896255316403 4.40385093114034 8.519277243003295 -5.302409675747821 -1.2822661855287656 -9.073435761695015 -9.968650474902535 0.0839047784015694 6.243133019821975 1.6675147722952488 8.850475897186804 6.473466986720101 2.307605661913982 6.49777502956691 0.9285319459035897 2.737056537665632 8.39628676981328 -9.569904139627301 6.13702460468139 -6.100255755951116 7.282014700327004 1.4453693881680572 3.941167254487697 -6.4798329042925555 -1.1559160533857913 -2.5925693401096073 -0.7238304961815452 -0.6275961307001268 -9.697170426589983 6.42696602534723 -2.4194301590908633 -7.616988514200411 6.1256600562006085 3.6185507075027967 8.357262503799376 -4.2177959655350294 -2.6009136212503225 0.22193002776186788 0.21729442114821573 -8.311325284915101 1.6654472085441423 -2.218518268428358 -2.607513938434966 -5.539086958692159 8.266517356150857 -3.165008157684359 7.990076569417489 0.8351997328723257 -9.4033204878674 8.247841740593888 -3.7631532498168756 4.175797189647943 5.950483706693099 0.09442023096201346 -9.513758221884283 6.761994138956162 0.10287323686432437 3.2126679421128497 8.79810747088538 8.62962716142685 -2.868818034634719 7.990193954840397 -1.8292896283863733 8.351828828739507 -3.751367647843196 -3.804285183593299 6.054235554620291 1.9594792427337637 1.9008502065516382 -0.7355209369309446 3.5414865756229137 2.119583414460104 8.947141237507115 7.421479313468925 1.5153573439585486 -2.5351414635719705 -6.711094460449257 8.837552986507177 -9.921523024556809 0.20685754739362494 9.522426679125068 0.21366657072912254 -1.967878719920657 4.854357728902212 -5.193478153932967 8.742752358392167 7.352281827881583 0.9055756713712952 484.6585227842042
